game_id,season,week,date,team,conference,division,opponent,opponent_conference,opponent_division,site,conference_game,team_score,opponent_score,margin,result
401286187,2021,1,2021-08-28,Fresno State,Mountain West,fbs,UConn,FBS Independents,fbs,home,False,45.0,0.0,45.0,W
401309833,2021,1,2021-08-28,Hawai'i,Mountain West,fbs,UCLA,Pac-12,fbs,away,False,10.0,44.0,-34.0,L
401282714,2021,1,2021-08-28,Illinois,Big Ten,fbs,Nebraska,Big Ten,fbs,home,True,30.0,22.0,8.0,W
401282714,2021,1,2021-08-28,Nebraska,Big Ten,fbs,Illinois,Big Ten,fbs,away,True,22.0,30.0,-8.0,L
401282049,2021,1,2021-08-28,New Mexico State,FBS Independents,fbs,UTEP,Conference USA,fbs,home,False,3.0,30.0,-27.0,L
401310693,2021,1,2021-08-28,San José State,Mountain West,fbs,Southern Utah,Big Sky,fcs,home,False,45.0,14.0,31.0,W
401309833,2021,1,2021-08-28,UCLA,Pac-12,fbs,Hawai'i,Mountain West,fbs,home,False,44.0,10.0,34.0,W
401286187,2021,1,2021-08-28,UConn,FBS Independents,fbs,Fresno State,Mountain West,fbs,away,False,0.0,45.0,-45.0,L
401282049,2021,1,2021-08-28,UTEP,Conference USA,fbs,New Mexico State,FBS Independents,fbs,away,False,30.0,3.0,27.0,W
401282050,2021,1,2021-09-01,UAB,Conference USA,fbs,Jacksonville State,AWC,fcs,neutral,False,31.0,0.0,31.0,W
401300993,2021,1,2021-09-02,App State,Sun Belt,fbs,East Carolina,American Athletic,fbs,home,False,33.0,19.0,14.0,W
401309835,2021,1,2021-09-02,Arizona State,Pac-12,fbs,Southern Utah,Big Sky,fcs,home,False,41.0,14.0,27.0,W
401309540,2021,1,2021-09-02,Ball State,Mid-American,fbs,Western Illinois,MVFC,fcs,home,False,31.0,21.0,10.0,W
401300995,2021,1,2021-09-02,Boise State,Mountain West,fbs,UCF,American Athletic,fbs,away,False,31.0,36.0,-5.0,L
401281952,2021,1,2021-09-02,Bowling Green,Mid-American,fbs,Tennessee,SEC,fbs,away,False,6.0,38.0,-32.0,L
401309542,2021,1,2021-09-02,Buffalo,Mid-American,fbs,Wagner,NEC,fcs,home,False,69.0,7.0,62.0,W
401328545,2021,1,2021-09-02,Coastal Carolina,Sun Belt,fbs,The Citadel,Southern,fcs,home,False,52.0,14.0,38.0,W
401300993,2021,1,2021-09-02,East Carolina,American Athletic,fbs,App State,Sun Belt,fbs,away,False,19.0,33.0,-14.0,L
401282051,2021,1,2021-09-02,Florida International,Conference USA,fbs,Long Island University,NEC,fcs,home,False,48.0,10.0,38.0,W
401282789,2021,1,2021-09-02,Minnesota,Big Ten,fbs,Ohio State,Big Ten,fbs,home,True,31.0,45.0,-14.0,L
401282607,2021,1,2021-09-02,NC State,ACC,fbs,South Florida,American Athletic,fbs,home,False,45.0,0.0,45.0,W
401310696,2021,1,2021-09-02,New Mexico,Mountain West,fbs,Houston Christian,Southland,fcs,home,False,27.0,17.0,10.0,W
401282789,2021,1,2021-09-02,Ohio State,Big Ten,fbs,Minnesota,Big Ten,fbs,away,True,45.0,31.0,14.0,W
401282607,2021,1,2021-09-02,South Florida,American Athletic,fbs,NC State,ACC,fbs,away,False,0.0,45.0,-45.0,L
401281952,2021,1,2021-09-02,Tennessee,SEC,fbs,Bowling Green,Mid-American,fbs,home,False,38.0,6.0,32.0,W
401300994,2021,1,2021-09-02,Tulsa,American Athletic,fbs,UC Davis,Big Sky,fcs,home,False,17.0,19.0,-2.0,L
401300995,2021,1,2021-09-02,UCF,American Athletic,fbs,Boise State,Mountain West,fbs,home,False,36.0,31.0,5.0,W
401310694,2021,1,2021-09-02,UNLV,Mountain West,fbs,Eastern Washington,Big Sky,fcs,home,False,33.0,35.0,-2.0,L
401309834,2021,1,2021-09-02,Utah,Pac-12,fbs,Weber State,Big Sky,fcs,home,False,40.0,17.0,23.0,W
401282180,2021,1,2021-09-02,Western Kentucky,Conference USA,fbs,UT Martin,OVC,fcs,home,False,59.0,21.0,38.0,W
401282052,2021,1,2021-09-03,Charlotte,Conference USA,fbs,Duke,ACC,fbs,home,False,31.0,28.0,3.0,W
401309836,2021,1,2021-09-03,Colorado,Pac-12,fbs,Northern Colorado,Big Sky,fcs,home,False,35.0,7.0,28.0,W
401310695,2021,1,2021-09-03,Colorado State,Mountain West,fbs,South Dakota State,MVFC,fcs,home,False,23.0,42.0,-19.0,L
401282052,2021,1,2021-09-03,Duke,ACC,fbs,Charlotte,Conference USA,fbs,away,False,28.0,31.0,-3.0,L
401309541,2021,1,2021-09-03,Eastern Michigan,Mid-American,fbs,Saint Francis,NEC,fcs,home,False,35.0,15.0,20.0,W
401287888,2021,1,2021-09-03,Kansas,Big 12,fbs,South Dakota,MVFC,fcs,home,False,17.0,14.0,3.0,W
401282782,2021,1,2021-09-03,Michigan State,Big Ten,fbs,Northwestern,Big Ten,fbs,away,True,38.0,21.0,17.0,W
401309937,2021,1,2021-09-03,North Carolina,ACC,fbs,Virginia Tech,ACC,fbs,away,True,10.0,17.0,-7.0,L
401282782,2021,1,2021-09-03,Northwestern,Big Ten,fbs,Michigan State,Big Ten,fbs,home,True,21.0,38.0,-17.0,L
401282608,2021,1,2021-09-03,Old Dominion,Conference USA,fbs,Wake Forest,ACC,fbs,away,False,10.0,42.0,-32.0,L
401309937,2021,1,2021-09-03,Virginia Tech,ACC,fbs,North Carolina,ACC,fbs,home,True,17.0,10.0,7.0,W
401282608,2021,1,2021-09-03,Wake Forest,ACC,fbs,Old Dominion,Conference USA,fbs,home,False,42.0,10.0,32.0,W
401310861,2021,1,2021-09-04,Air Force,Mountain West,fbs,Lafayette,Patriot,fcs,home,False,35.0,14.0,21.0,W
401281944,2021,1,2021-09-04,Akron,Mid-American,fbs,Auburn,SEC,fbs,away,False,10.0,60.0,-50.0,L
401281942,2021,1,2021-09-04,Alabama,SEC,fbs,Miami,ACC,fbs,neutral,False,44.0,13.0,31.0,W
401309841,2021,1,2021-09-04,Arizona,Pac-12,fbs,BYU,FBS Independents,fbs,neutral,False,16.0,24.0,-8.0,L
401281943,2021,1,2021-09-04,Arkansas,SEC,fbs,Rice,Conference USA,fbs,home,False,38.0,17.0,21.0,W
401309598,2021,1,2021-09-04,Arkansas State,Sun Belt,fbs,Central Arkansas,AWC,fcs,home,False,40.0,21.0,19.0,W
401309601,2021,1,2021-09-04,Army,FBS Independents,fbs,Georgia State,Sun Belt,fbs,away,False,43.0,10.0,33.0,W
401281944,2021,1,2021-09-04,Auburn,SEC,fbs,Akron,Mid-American,fbs,home,False,60.0,10.0,50.0,W
401309841,2021,1,2021-09-04,BYU,FBS Independents,fbs,Arizona,Pac-12,fbs,neutral,False,24.0,16.0,8.0,W
401287893,2021,1,2021-09-04,Baylor,Big 12,fbs,Texas State,Sun Belt,fbs,away,False,29.0,20.0,9.0,W
401282609,2021,1,2021-09-04,Boston College,ACC,fbs,Colgate,Patriot,fcs,home,False,51.0,0.0,51.0,W
401309837,2021,1,2021-09-04,California,Pac-12,fbs,Nevada,Mountain West,fbs,home,False,17.0,22.0,-5.0,L
401281950,2021,1,2021-09-04,Central Michigan,Mid-American,fbs,Missouri,SEC,fbs,away,False,24.0,34.0,-10.0,L
401300996,2021,1,2021-09-04,Cincinnati,American Athletic,fbs,Miami (OH),Mid-American,fbs,home,False,49.0,14.0,35.0,W
401281946,2021,1,2021-09-04,Clemson,ACC,fbs,Georgia,SEC,fbs,neutral,False,3.0,10.0,-7.0,L
401281945,2021,1,2021-09-04,Florida,SEC,fbs,Florida Atlantic,Conference USA,fbs,home,False,35.0,14.0,21.0,W
401281945,2021,1,2021-09-04,Florida Atlantic,Conference USA,fbs,Florida,SEC,fbs,away,False,14.0,35.0,-21.0,L
401309838,2021,1,2021-09-04,Fresno State,Mountain West,fbs,Oregon,Pac-12,fbs,away,False,24.0,31.0,-7.0,L
401281946,2021,1,2021-09-04,Georgia,SEC,fbs,Clemson,ACC,fbs,neutral,False,10.0,3.0,7.0,W
401309600,2021,1,2021-09-04,Georgia Southern,Sun Belt,fbs,Gardner-Webb,Big South,fcs,home,False,30.0,25.0,5.0,W
401309601,2021,1,2021-09-04,Georgia State,Sun Belt,fbs,Army,FBS Independents,fbs,home,False,10.0,43.0,-33.0,L
401282610,2021,1,2021-09-04,Georgia Tech,ACC,fbs,Northern Illinois,Mid-American,fbs,home,False,21.0,22.0,-1.0,L
401310698,2021,1,2021-09-04,Hawai'i,Mountain West,fbs,Portland State,Big Sky,fcs,home,False,49.0,35.0,14.0,W
401287886,2021,1,2021-09-04,Houston,American Athletic,fbs,Texas Tech,Big 12,fbs,neutral,False,21.0,38.0,-17.0,L
401282179,2021,1,2021-09-04,Illinois,Big Ten,fbs,UTSA,Conference USA,fbs,home,False,30.0,37.0,-7.0,L
401282723,2021,1,2021-09-04,Indiana,Big Ten,fbs,Iowa,Big Ten,fbs,away,True,6.0,34.0,-28.0,L
401282723,2021,1,2021-09-04,Iowa,Big Ten,fbs,Indiana,Big Ten,fbs,home,True,34.0,6.0,28.0,W
401287887,2021,1,2021-09-04,Iowa State,Big 12,fbs,Northern Iowa,MVFC,fcs,home,False,16.0,10.0,6.0,W
401287889,2021,1,2021-09-04,Kansas State,Big 12,fbs,Stanford,Pac-12,fbs,neutral,False,24.0,7.0,17.0,W
401282053,2021,1,2021-09-04,Kent State,Mid-American,fbs,Texas A&M,SEC,fbs,away,False,10.0,41.0,-31.0,L
401281947,2021,1,2021-09-04,Kentucky,SEC,fbs,UL Monroe,Sun Belt,fbs,home,False,45.0,10.0,35.0,W
401281948,2021,1,2021-09-04,LSU,SEC,fbs,UCLA,Pac-12,fbs,away,False,27.0,38.0,-11.0,L
401286294,2021,1,2021-09-04,Liberty,FBS Independents,fbs,Campbell,Big South,fcs,home,False,48.0,7.0,41.0,W
401287892,2021,1,2021-09-04,Louisiana,Sun Belt,fbs,Texas,Big 12,fbs,away,False,18.0,38.0,-20.0,L
401281949,2021,1,2021-09-04,Louisiana Tech,Conference USA,fbs,Mississippi State,SEC,fbs,away,False,34.0,35.0,-1.0,L
401282174,2021,1,2021-09-04,Marshall,Conference USA,fbs,Navy,American Athletic,fbs,away,False,49.0,7.0,42.0,W
401282764,2021,1,2021-09-04,Maryland,Big Ten,fbs,West Virginia,Big 12,fbs,home,False,30.0,24.0,6.0,W
401282612,2021,1,2021-09-04,Massachusetts,FBS Independents,fbs,Pittsburgh,ACC,fbs,away,False,7.0,51.0,-44.0,L
401300997,2021,1,2021-09-04,Memphis,American Athletic,fbs,Nicholls,Southland,fcs,home,False,42.0,17.0,25.0,W
401281942,2021,1,2021-09-04,Miami,ACC,fbs,Alabama,SEC,fbs,neutral,False,13.0,44.0,-31.0,L
401300996,2021,1,2021-09-04,Miami (OH),Mid-American,fbs,Cincinnati,American Athletic,fbs,away,False,14.0,49.0,-35.0,L
401282772,2021,1,2021-09-04,Michigan,Big Ten,fbs,Western Michigan,Mid-American,fbs,home,False,47.0,14.0,33.0,W
401282173,2021,1,2021-09-04,Middle Tennessee,Conference USA,fbs,Monmouth,Big South,fcs,home,False,50.0,15.0,35.0,W
401281949,2021,1,2021-09-04,Mississippi State,SEC,fbs,Louisiana Tech,Conference USA,fbs,home,False,35.0,34.0,1.0,W
401281950,2021,1,2021-09-04,Missouri,SEC,fbs,Central Michigan,Mid-American,fbs,home,False,34.0,24.0,10.0,W
401282174,2021,1,2021-09-04,Navy,American Athletic,fbs,Marshall,Conference USA,fbs,home,False,7.0,49.0,-42.0,L
401327913,2021,1,2021-09-04,Nebraska,Big Ten,fbs,Fordham,Patriot,fcs,home,False,52.0,7.0,45.0,W
401309837,2021,1,2021-09-04,Nevada,Mountain West,fbs,California,Pac-12,fbs,away,False,22.0,17.0,5.0,W
401310699,2021,1,2021-09-04,New Mexico State,FBS Independents,fbs,San Diego State,Mountain West,fbs,away,False,10.0,28.0,-18.0,L
401282175,2021,1,2021-09-04,North Texas,Conference USA,fbs,Northwestern State,Southland,fcs,home,False,44.0,14.0,30.0,W
401282610,2021,1,2021-09-04,Northern Illinois,Mid-American,fbs,Georgia Tech,ACC,fbs,away,False,22.0,21.0,1.0,W
401282611,2021,1,2021-09-04,Ohio,Mid-American,fbs,Syracuse,ACC,fbs,home,False,9.0,29.0,-20.0,L
401287894,2021,1,2021-09-04,Oklahoma,Big 12,fbs,Tulane,American Athletic,fbs,home,False,40.0,35.0,5.0,W
401287890,2021,1,2021-09-04,Oklahoma State,Big 12,fbs,Missouri State,MVFC,fcs,home,False,23.0,16.0,7.0,W
401309838,2021,1,2021-09-04,Oregon,Pac-12,fbs,Fresno State,Mountain West,fbs,home,False,31.0,24.0,7.0,W
401282819,2021,1,2021-09-04,Oregon State,Pac-12,fbs,Purdue,Big Ten,fbs,away,False,21.0,30.0,-9.0,L
401282815,2021,1,2021-09-04,Penn State,Big Ten,fbs,Wisconsin,Big Ten,fbs,away,True,16.0,10.0,6.0,W
401282612,2021,1,2021-09-04,Pittsburgh,ACC,fbs,Massachusetts,FBS Independents,fbs,home,False,51.0,7.0,44.0,W
401282819,2021,1,2021-09-04,Purdue,Big Ten,fbs,Oregon State,Pac-12,fbs,home,False,30.0,21.0,9.0,W
401281943,2021,1,2021-09-04,Rice,Conference USA,fbs,Arkansas,SEC,fbs,away,False,17.0,38.0,-21.0,L
401282822,2021,1,2021-09-04,Rutgers,Big Ten,fbs,Temple,American Athletic,fbs,home,False,61.0,14.0,47.0,W
401300998,2021,1,2021-09-04,SMU,American Athletic,fbs,Abilene Christian,Western Athletic,fcs,home,False,56.0,9.0,47.0,W
401310699,2021,1,2021-09-04,San Diego State,Mountain West,fbs,New Mexico State,FBS Independents,fbs,home,False,28.0,10.0,18.0,W
401309842,2021,1,2021-09-04,San José State,Mountain West,fbs,USC,Pac-12,fbs,away,False,7.0,30.0,-23.0,L
401282177,2021,1,2021-09-04,South Alabama,Sun Belt,fbs,Southern Miss,Conference USA,fbs,home,False,31.0,7.0,24.0,W
401281951,2021,1,2021-09-04,South Carolina,SEC,fbs,Eastern Illinois,OVC,fcs,home,False,46.0,0.0,46.0,W
401282177,2021,1,2021-09-04,Southern Miss,Conference USA,fbs,South Alabama,Sun Belt,fbs,away,False,7.0,31.0,-24.0,L
401287889,2021,1,2021-09-04,Stanford,Pac-12,fbs,Kansas State,Big 12,fbs,neutral,False,7.0,24.0,-17.0,L
401282611,2021,1,2021-09-04,Syracuse,ACC,fbs,Ohio,Mid-American,fbs,away,False,29.0,9.0,20.0,W
401287891,2021,1,2021-09-04,TCU,Big 12,fbs,Duquesne,NEC,fcs,home,False,45.0,3.0,42.0,W
401282822,2021,1,2021-09-04,Temple,American Athletic,fbs,Rutgers,Big Ten,fbs,away,False,14.0,61.0,-47.0,L
401287892,2021,1,2021-09-04,Texas,Big 12,fbs,Louisiana,Sun Belt,fbs,home,False,38.0,18.0,20.0,W
401282053,2021,1,2021-09-04,Texas A&M,SEC,fbs,Kent State,Mid-American,fbs,home,False,41.0,10.0,31.0,W
401287893,2021,1,2021-09-04,Texas State,Sun Belt,fbs,Baylor,Big 12,fbs,home,False,20.0,29.0,-9.0,L
401287886,2021,1,2021-09-04,Texas Tech,Big 12,fbs,Houston,American Athletic,fbs,neutral,False,38.0,21.0,17.0,W
401309543,2021,1,2021-09-04,Toledo,Mid-American,fbs,Norfolk State,MEAC,fcs,home,False,49.0,10.0,39.0,W
401309602,2021,1,2021-09-04,Troy,Sun Belt,fbs,Southern,SWAC,fcs,home,False,55.0,3.0,52.0,W
401287894,2021,1,2021-09-04,Tulane,American Athletic,fbs,Oklahoma,Big 12,fbs,away,False,35.0,40.0,-5.0,L
401281948,2021,1,2021-09-04,UCLA,Pac-12,fbs,LSU,SEC,fbs,home,False,38.0,27.0,11.0,W
401286188,2021,1,2021-09-04,UConn,FBS Independents,fbs,Holy Cross,Patriot,fcs,home,False,28.0,38.0,-10.0,L
401281947,2021,1,2021-09-04,UL Monroe,Sun Belt,fbs,Kentucky,SEC,fbs,away,False,10.0,45.0,-35.0,L
401309842,2021,1,2021-09-04,USC,Pac-12,fbs,San José State,Mountain West,fbs,home,False,30.0,7.0,23.0,W
401282178,2021,1,2021-09-04,UTEP,Conference USA,fbs,Bethune-Cookman,SWAC,fcs,home,False,38.0,28.0,10.0,W
401282179,2021,1,2021-09-04,UTSA,Conference USA,fbs,Illinois,Big Ten,fbs,away,False,37.0,30.0,7.0,W
401309840,2021,1,2021-09-04,Utah State,Mountain West,fbs,Washington State,Pac-12,fbs,away,False,26.0,23.0,3.0,W
401282054,2021,1,2021-09-04,Vanderbilt,SEC,fbs,East Tennessee State,Southern,fcs,home,False,3.0,23.0,-20.0,L
401282613,2021,1,2021-09-04,Virginia,ACC,fbs,William & Mary,CAA,fcs,home,False,43.0,0.0,43.0,W
401309839,2021,1,2021-09-04,Washington,Pac-12,fbs,Montana,Big Sky,fcs,home,False,7.0,13.0,-6.0,L
401309840,2021,1,2021-09-04,Washington State,Pac-12,fbs,Utah State,Mountain West,fbs,home,False,23.0,26.0,-3.0,L
401282764,2021,1,2021-09-04,West Virginia,Big 12,fbs,Maryland,Big Ten,fbs,away,False,24.0,30.0,-6.0,L
401282772,2021,1,2021-09-04,Western Michigan,Mid-American,fbs,Michigan,Big Ten,fbs,away,False,14.0,47.0,-33.0,L
401282815,2021,1,2021-09-04,Wisconsin,Big Ten,fbs,Penn State,Big Ten,fbs,home,True,10.0,16.0,-6.0,L
401310697,2021,1,2021-09-04,Wyoming,Mountain West,fbs,Montana State,Big Sky,fcs,home,False,19.0,16.0,3.0,W
401282614,2021,1,2021-09-05,Florida State,ACC,fbs,Notre Dame,FBS Independents,fbs,home,True,38.0,41.0,-3.0,L
401282614,2021,1,2021-09-05,Notre Dame,FBS Independents,fbs,Florida State,ACC,fbs,away,True,41.0,38.0,3.0,W
401282055,2021,1,2021-09-06,Louisville,ACC,fbs,Ole Miss,SEC,fbs,neutral,False,24.0,43.0,-19.0,L
401282055,2021,1,2021-09-06,Ole Miss,SEC,fbs,Louisville,ACC,fbs,neutral,False,43.0,24.0,19.0,W
401282191,2021,2,2021-09-10,Boise State,Mountain West,fbs,UTEP,Conference USA,fbs,home,False,54.0,13.0,41.0,W
401287896,2021,2,2021-09-10,Coastal Carolina,Sun Belt,fbs,Kansas,Big 12,fbs,home,False,49.0,22.0,27.0,W
401282616,2021,2,2021-09-10,Duke,ACC,fbs,North Carolina A&T,Big South,fcs,home,False,45.0,17.0,28.0,W
401287896,2021,2,2021-09-10,Kansas,Big 12,fbs,Coastal Carolina,Sun Belt,fbs,away,False,22.0,49.0,-27.0,L
401282191,2021,2,2021-09-10,UTEP,Conference USA,fbs,Boise State,Mountain West,fbs,away,False,13.0,54.0,-41.0,L
401310701,2021,2,2021-09-10,Utah State,Mountain West,fbs,North Dakota,MVFC,fcs,home,False,48.0,24.0,24.0,W
401301004,2021,2,2021-09-11,Air Force,Mountain West,fbs,Navy,American Athletic,fbs,away,False,23.0,3.0,20.0,W
401300999,2021,2,2021-09-11,Akron,Mid-American,fbs,Temple,American Athletic,fbs,home,False,24.0,45.0,-21.0,L
401282056,2021,2,2021-09-11,Alabama,SEC,fbs,Mercer,Southern,fcs,home,False,48.0,14.0,34.0,W
401282620,2021,2,2021-09-11,App State,Sun Belt,fbs,Miami,ACC,fbs,away,False,23.0,25.0,-2.0,L
401309846,2021,2,2021-09-11,Arizona,Pac-12,fbs,San Diego State,Mountain West,fbs,home,False,14.0,38.0,-24.0,L
401309847,2021,2,2021-09-11,Arizona State,Pac-12,fbs,UNLV,Mountain West,fbs,home,False,37.0,10.0,27.0,W
401282057,2021,2,2021-09-11,Arkansas,SEC,fbs,Texas,Big 12,fbs,home,False,40.0,21.0,19.0,W
401301003,2021,2,2021-09-11,Arkansas State,Sun Belt,fbs,Memphis,American Athletic,fbs,home,False,50.0,55.0,-5.0,L
401282193,2021,2,2021-09-11,Army,FBS Independents,fbs,Western Kentucky,Conference USA,fbs,home,False,38.0,35.0,3.0,W
401282058,2021,2,2021-09-11,Auburn,SEC,fbs,Alabama State,SWAC,fcs,home,False,62.0,0.0,62.0,W
401309848,2021,2,2021-09-11,BYU,FBS Independents,fbs,Utah,Pac-12,fbs,home,False,26.0,17.0,9.0,W
401282816,2021,2,2021-09-11,Ball State,Mid-American,fbs,Penn State,Big Ten,fbs,away,False,13.0,44.0,-31.0,L
401287895,2021,2,2021-09-11,Baylor,Big 12,fbs,Texas Southern,SWAC,fcs,home,False,66.0,7.0,59.0,W
401282623,2021,2,2021-09-11,Boston College,ACC,fbs,Massachusetts,FBS Independents,fbs,away,False,45.0,28.0,17.0,W
401309546,2021,2,2021-09-11,Bowling Green,Mid-American,fbs,South Alabama,Sun Belt,fbs,home,False,19.0,22.0,-3.0,L
401282797,2021,2,2021-09-11,Buffalo,Mid-American,fbs,Nebraska,Big Ten,fbs,away,False,3.0,28.0,-25.0,L
401287900,2021,2,2021-09-11,California,Pac-12,fbs,TCU,Big 12,fbs,away,False,32.0,34.0,-2.0,L
401309548,2021,2,2021-09-11,Central Michigan,Mid-American,fbs,Robert Morris,Big South,fcs,home,False,45.0,0.0,45.0,W
401282181,2021,2,2021-09-11,Charlotte,Conference USA,fbs,Gardner-Webb,Big South,fcs,home,False,38.0,10.0,28.0,W
401301002,2021,2,2021-09-11,Cincinnati,American Athletic,fbs,Murray State,OVC,fcs,home,False,42.0,7.0,35.0,W
401282615,2021,2,2021-09-11,Clemson,ACC,fbs,South Carolina State,MEAC,fcs,home,False,49.0,3.0,46.0,W
401282067,2021,2,2021-09-11,Colorado,Pac-12,fbs,Texas A&M,SEC,fbs,neutral,False,7.0,10.0,-3.0,L
401282068,2021,2,2021-09-11,Colorado State,Mountain West,fbs,Vanderbilt,SEC,fbs,home,False,21.0,24.0,-3.0,L
401282065,2021,2,2021-09-11,East Carolina,American Athletic,fbs,South Carolina,SEC,fbs,home,False,17.0,20.0,-3.0,L
401282825,2021,2,2021-09-11,Eastern Michigan,Mid-American,fbs,Wisconsin,Big Ten,fbs,away,False,7.0,34.0,-27.0,L
401282059,2021,2,2021-09-11,Florida,SEC,fbs,South Florida,American Athletic,fbs,away,False,42.0,20.0,22.0,W
401282183,2021,2,2021-09-11,Florida Atlantic,Conference USA,fbs,Georgia Southern,Sun Belt,fbs,home,False,38.0,6.0,32.0,W
401282182,2021,2,2021-09-11,Florida International,Conference USA,fbs,Texas State,Sun Belt,fbs,home,False,17.0,23.0,-6.0,L
401282617,2021,2,2021-09-11,Florida State,ACC,fbs,Jacksonville State,AWC,fcs,home,False,17.0,20.0,-3.0,L
401310702,2021,2,2021-09-11,Fresno State,Mountain West,fbs,Cal Poly,Big Sky,fcs,home,False,63.0,10.0,53.0,W
401282060,2021,2,2021-09-11,Georgia,SEC,fbs,UAB,Conference USA,fbs,home,False,56.0,7.0,49.0,W
401282183,2021,2,2021-09-11,Georgia Southern,Sun Belt,fbs,Florida Atlantic,Conference USA,fbs,away,False,6.0,38.0,-32.0,L
401282621,2021,2,2021-09-11,Georgia State,Sun Belt,fbs,North Carolina,ACC,fbs,away,False,17.0,59.0,-42.0,L
401282618,2021,2,2021-09-11,Georgia Tech,ACC,fbs,Kennesaw State,Big South,fcs,home,False,45.0,17.0,28.0,W
401309844,2021,2,2021-09-11,Hawai'i,Mountain West,fbs,Oregon State,Pac-12,fbs,away,False,27.0,45.0,-18.0,L
401282189,2021,2,2021-09-11,Houston,American Athletic,fbs,Rice,Conference USA,fbs,away,False,44.0,7.0,37.0,W
401282624,2021,2,2021-09-11,Illinois,Big Ten,fbs,Virginia,ACC,fbs,away,False,14.0,42.0,-28.0,L
401282724,2021,2,2021-09-11,Indiana,Big Ten,fbs,Idaho,Big Sky,fcs,home,False,56.0,14.0,42.0,W
401282754,2021,2,2021-09-11,Iowa,Big Ten,fbs,Iowa State,Big 12,fbs,away,False,27.0,17.0,10.0,W
401282754,2021,2,2021-09-11,Iowa State,Big 12,fbs,Iowa,Big Ten,fbs,home,False,17.0,27.0,-10.0,L
401287897,2021,2,2021-09-11,Kansas State,Big 12,fbs,Southern Illinois,MVFC,fcs,home,False,31.0,23.0,8.0,W
401309545,2021,2,2021-09-11,Kent State,Mid-American,fbs,VMI,Southern,fcs,home,False,60.0,10.0,50.0,W
401282061,2021,2,2021-09-11,Kentucky,SEC,fbs,Missouri,SEC,fbs,home,True,35.0,28.0,7.0,W
401282062,2021,2,2021-09-11,LSU,SEC,fbs,McNeese,Southland,fcs,home,False,34.0,7.0,27.0,W
401286295,2021,2,2021-09-11,Liberty,FBS Independents,fbs,Troy,Sun Belt,fbs,away,False,21.0,13.0,8.0,W
401309603,2021,2,2021-09-11,Louisiana,Sun Belt,fbs,Nicholls,Southland,fcs,home,False,27.0,24.0,3.0,W
401282184,2021,2,2021-09-11,Louisiana Tech,Conference USA,fbs,SE Louisiana,Southland,fcs,home,False,45.0,42.0,3.0,W
401282619,2021,2,2021-09-11,Louisville,ACC,fbs,Eastern Kentucky,AWC,fcs,home,False,30.0,3.0,27.0,W
401282185,2021,2,2021-09-11,Marshall,Conference USA,fbs,North Carolina Central,MEAC,fcs,home,False,44.0,10.0,34.0,W
401286207,2021,2,2021-09-11,Maryland,Big Ten,fbs,Howard,MEAC,fcs,home,False,62.0,0.0,62.0,W
401282623,2021,2,2021-09-11,Massachusetts,FBS Independents,fbs,Boston College,ACC,fbs,home,False,28.0,45.0,-17.0,L
401301003,2021,2,2021-09-11,Memphis,American Athletic,fbs,Arkansas State,Sun Belt,fbs,away,False,55.0,50.0,5.0,W
401282620,2021,2,2021-09-11,Miami,ACC,fbs,App State,Sun Belt,fbs,home,False,25.0,23.0,2.0,W
401282790,2021,2,2021-09-11,Miami (OH),Mid-American,fbs,Minnesota,Big Ten,fbs,away,False,26.0,31.0,-5.0,L
401282773,2021,2,2021-09-11,Michigan,Big Ten,fbs,Washington,Pac-12,fbs,home,False,31.0,10.0,21.0,W
401282783,2021,2,2021-09-11,Michigan State,Big Ten,fbs,Youngstown State,MVFC,fcs,home,False,42.0,14.0,28.0,W
401282186,2021,2,2021-09-11,Middle Tennessee,Conference USA,fbs,Virginia Tech,ACC,fbs,away,False,14.0,35.0,-21.0,L
401282790,2021,2,2021-09-11,Minnesota,Big Ten,fbs,Miami (OH),Mid-American,fbs,home,False,31.0,26.0,5.0,W
401282064,2021,2,2021-09-11,Mississippi State,SEC,fbs,NC State,ACC,fbs,home,False,24.0,10.0,14.0,W
401282061,2021,2,2021-09-11,Missouri,SEC,fbs,Kentucky,SEC,fbs,away,True,28.0,35.0,-7.0,L
401282064,2021,2,2021-09-11,NC State,ACC,fbs,Mississippi State,SEC,fbs,away,False,10.0,24.0,-14.0,L
401301004,2021,2,2021-09-11,Navy,American Athletic,fbs,Air Force,Mountain West,fbs,home,False,3.0,23.0,-20.0,L
401282797,2021,2,2021-09-11,Nebraska,Big Ten,fbs,Buffalo,Mid-American,fbs,home,False,28.0,3.0,25.0,W
401310703,2021,2,2021-09-11,Nevada,Mountain West,fbs,Idaho State,Big Sky,fcs,home,False,49.0,10.0,39.0,W
401310700,2021,2,2021-09-11,New Mexico,Mountain West,fbs,New Mexico State,FBS Independents,fbs,home,False,34.0,25.0,9.0,W
401310700,2021,2,2021-09-11,New Mexico State,FBS Independents,fbs,New Mexico,Mountain West,fbs,away,False,25.0,34.0,-9.0,L
401282621,2021,2,2021-09-11,North Carolina,ACC,fbs,Georgia State,Sun Belt,fbs,home,False,59.0,17.0,42.0,W
401282187,2021,2,2021-09-11,North Texas,Conference USA,fbs,SMU,American Athletic,fbs,away,False,12.0,35.0,-23.0,L
401309547,2021,2,2021-09-11,Northern Illinois,Mid-American,fbs,Wyoming,Mountain West,fbs,home,False,43.0,50.0,-7.0,L
401282804,2021,2,2021-09-11,Northwestern,Big Ten,fbs,Indiana State,MVFC,fcs,home,False,24.0,6.0,18.0,W
401282705,2021,2,2021-09-11,Notre Dame,FBS Independents,fbs,Toledo,Mid-American,fbs,home,False,32.0,29.0,3.0,W
401309753,2021,2,2021-09-11,Ohio,Mid-American,fbs,Duquesne,NEC,fcs,home,False,26.0,28.0,-2.0,L
401282809,2021,2,2021-09-11,Ohio State,Big Ten,fbs,Oregon,Pac-12,fbs,home,False,28.0,35.0,-7.0,L
401287898,2021,2,2021-09-11,Oklahoma,Big 12,fbs,Western Carolina,Southern,fcs,home,False,76.0,0.0,76.0,W
401287899,2021,2,2021-09-11,Oklahoma State,Big 12,fbs,Tulsa,American Athletic,fbs,home,False,28.0,23.0,5.0,W
401282188,2021,2,2021-09-11,Old Dominion,Conference USA,fbs,Hampton,Big South,fcs,home,False,47.0,7.0,40.0,W
401282063,2021,2,2021-09-11,Ole Miss,SEC,fbs,Austin Peay,OVC,fcs,home,False,54.0,17.0,37.0,W
401282809,2021,2,2021-09-11,Oregon,Pac-12,fbs,Ohio State,Big Ten,fbs,away,False,35.0,28.0,7.0,W
401309844,2021,2,2021-09-11,Oregon State,Pac-12,fbs,Hawai'i,Mountain West,fbs,home,False,45.0,27.0,18.0,W
401282816,2021,2,2021-09-11,Penn State,Big Ten,fbs,Ball State,Mid-American,fbs,home,False,44.0,13.0,31.0,W
401282066,2021,2,2021-09-11,Pittsburgh,ACC,fbs,Tennessee,SEC,fbs,away,False,41.0,34.0,7.0,W
401282820,2021,2,2021-09-11,Purdue,Big Ten,fbs,UConn,FBS Independents,fbs,away,False,49.0,0.0,49.0,W
401282189,2021,2,2021-09-11,Rice,Conference USA,fbs,Houston,American Athletic,fbs,home,False,7.0,44.0,-37.0,L
401282622,2021,2,2021-09-11,Rutgers,Big Ten,fbs,Syracuse,ACC,fbs,away,False,17.0,7.0,10.0,W
401282187,2021,2,2021-09-11,SMU,American Athletic,fbs,North Texas,Conference USA,fbs,home,False,35.0,12.0,23.0,W
401309846,2021,2,2021-09-11,San Diego State,Mountain West,fbs,Arizona,Pac-12,fbs,away,False,38.0,14.0,24.0,W
401309546,2021,2,2021-09-11,South Alabama,Sun Belt,fbs,Bowling Green,Mid-American,fbs,away,False,22.0,19.0,3.0,W
401282065,2021,2,2021-09-11,South Carolina,SEC,fbs,East Carolina,American Athletic,fbs,away,False,20.0,17.0,3.0,W
401282059,2021,2,2021-09-11,South Florida,American Athletic,fbs,Florida,SEC,fbs,home,False,20.0,42.0,-22.0,L
401282190,2021,2,2021-09-11,Southern Miss,Conference USA,fbs,Grambling,SWAC,fcs,home,False,37.0,0.0,37.0,W
401309843,2021,2,2021-09-11,Stanford,Pac-12,fbs,USC,Pac-12,fbs,away,True,42.0,28.0,14.0,W
401282622,2021,2,2021-09-11,Syracuse,ACC,fbs,Rutgers,Big Ten,fbs,home,False,7.0,17.0,-10.0,L
401287900,2021,2,2021-09-11,TCU,Big 12,fbs,California,Pac-12,fbs,home,False,34.0,32.0,2.0,W
401300999,2021,2,2021-09-11,Temple,American Athletic,fbs,Akron,Mid-American,fbs,away,False,45.0,24.0,21.0,W
401282066,2021,2,2021-09-11,Tennessee,SEC,fbs,Pittsburgh,ACC,fbs,home,False,34.0,41.0,-7.0,L
401282057,2021,2,2021-09-11,Texas,Big 12,fbs,Arkansas,SEC,fbs,away,False,21.0,40.0,-19.0,L
401282067,2021,2,2021-09-11,Texas A&M,SEC,fbs,Colorado,Pac-12,fbs,neutral,False,10.0,7.0,3.0,W
401282182,2021,2,2021-09-11,Texas State,Sun Belt,fbs,Florida International,Conference USA,fbs,away,False,23.0,17.0,6.0,W
401287901,2021,2,2021-09-11,Texas Tech,Big 12,fbs,Stephen F. Austin,Western Athletic,fcs,home,False,28.0,22.0,6.0,W
401282705,2021,2,2021-09-11,Toledo,Mid-American,fbs,Notre Dame,FBS Independents,fbs,away,False,29.0,32.0,-3.0,L
401286295,2021,2,2021-09-11,Troy,Sun Belt,fbs,Liberty,FBS Independents,fbs,home,False,13.0,21.0,-8.0,L
401301000,2021,2,2021-09-11,Tulane,American Athletic,fbs,Morgan State,MEAC,fcs,home,False,69.0,20.0,49.0,W
401287899,2021,2,2021-09-11,Tulsa,American Athletic,fbs,Oklahoma State,Big 12,fbs,away,False,23.0,28.0,-5.0,L
401282060,2021,2,2021-09-11,UAB,Conference USA,fbs,Georgia,SEC,fbs,away,False,7.0,56.0,-49.0,L
401301001,2021,2,2021-09-11,UCF,American Athletic,fbs,Bethune-Cookman,SWAC,fcs,home,False,63.0,14.0,49.0,W
401282820,2021,2,2021-09-11,UConn,FBS Independents,fbs,Purdue,Big Ten,fbs,home,False,0.0,49.0,-49.0,L
401309847,2021,2,2021-09-11,UNLV,Mountain West,fbs,Arizona State,Pac-12,fbs,away,False,10.0,37.0,-27.0,L
401309843,2021,2,2021-09-11,USC,Pac-12,fbs,Stanford,Pac-12,fbs,home,True,28.0,42.0,-14.0,L
401282192,2021,2,2021-09-11,UTSA,Conference USA,fbs,Lamar,Western Athletic,fcs,home,False,54.0,0.0,54.0,W
401309848,2021,2,2021-09-11,Utah,Pac-12,fbs,BYU,FBS Independents,fbs,away,False,17.0,26.0,-9.0,L
401282068,2021,2,2021-09-11,Vanderbilt,SEC,fbs,Colorado State,Mountain West,fbs,away,False,24.0,21.0,3.0,W
401282624,2021,2,2021-09-11,Virginia,ACC,fbs,Illinois,Big Ten,fbs,home,False,42.0,14.0,28.0,W
401282186,2021,2,2021-09-11,Virginia Tech,ACC,fbs,Middle Tennessee,Conference USA,fbs,home,False,35.0,14.0,21.0,W
401282625,2021,2,2021-09-11,Wake Forest,ACC,fbs,Norfolk State,MEAC,fcs,home,False,41.0,16.0,25.0,W
401282773,2021,2,2021-09-11,Washington,Pac-12,fbs,Michigan,Big Ten,fbs,away,False,10.0,31.0,-21.0,L
401309845,2021,2,2021-09-11,Washington State,Pac-12,fbs,Portland State,Big Sky,fcs,home,False,44.0,24.0,20.0,W
401287902,2021,2,2021-09-11,West Virginia,Big 12,fbs,Long Island University,NEC,fcs,home,False,66.0,0.0,66.0,W
401282193,2021,2,2021-09-11,Western Kentucky,Conference USA,fbs,Army,FBS Independents,fbs,away,False,35.0,38.0,-3.0,L
401309544,2021,2,2021-09-11,Western Michigan,Mid-American,fbs,Illinois State,MVFC,fcs,home,False,28.0,0.0,28.0,W
401282825,2021,2,2021-09-11,Wisconsin,Big Ten,fbs,Eastern Michigan,Mid-American,fbs,home,False,34.0,7.0,27.0,W
401309547,2021,2,2021-09-11,Wyoming,Mountain West,fbs,Northern Illinois,Mid-American,fbs,away,False,50.0,43.0,7.0,W
401309606,2021,3,2021-09-16,Louisiana,Sun Belt,fbs,Ohio,Mid-American,fbs,home,False,49.0,14.0,35.0,W
401309606,2021,3,2021-09-16,Ohio,Mid-American,fbs,Louisiana,Sun Belt,fbs,away,False,14.0,49.0,-35.0,L
401282715,2021,3,2021-09-17,Illinois,Big Ten,fbs,Maryland,Big Ten,fbs,home,True,17.0,20.0,-3.0,L
401282626,2021,3,2021-09-17,Louisville,ACC,fbs,UCF,American Athletic,fbs,home,False,42.0,35.0,7.0,W
401282715,2021,3,2021-09-17,Maryland,Big Ten,fbs,Illinois,Big Ten,fbs,away,True,20.0,17.0,3.0,W
401282626,2021,3,2021-09-17,UCF,American Athletic,fbs,Louisville,ACC,fbs,away,False,35.0,42.0,-7.0,L
401310704,2021,3,2021-09-18,Air Force,Mountain West,fbs,Utah State,Mountain West,fbs,home,True,45.0,49.0,-4.0,L
401309550,2021,3,2021-09-18,Akron,Mid-American,fbs,Bryant,NEC,fcs,home,False,35.0,14.0,21.0,W
401282071,2021,3,2021-09-18,Alabama,SEC,fbs,Florida,SEC,fbs,away,True,31.0,29.0,2.0,W
401309604,2021,3,2021-09-18,App State,Sun Belt,fbs,Elon,CAA,fcs,home,False,44.0,10.0,34.0,W
401309853,2021,3,2021-09-18,Arizona,Pac-12,fbs,Northern Arizona,Big Sky,fcs,home,False,19.0,21.0,-2.0,L
401309854,2021,3,2021-09-18,Arizona State,Pac-12,fbs,BYU,FBS Independents,fbs,away,False,17.0,27.0,-10.0,L
401282069,2021,3,2021-09-18,Arkansas,SEC,fbs,Georgia Southern,Sun Belt,fbs,home,False,45.0,10.0,35.0,W
401309605,2021,3,2021-09-18,Arkansas State,Sun Belt,fbs,Washington,Pac-12,fbs,away,False,3.0,52.0,-49.0,L
401286189,2021,3,2021-09-18,Army,FBS Independents,fbs,UConn,FBS Independents,fbs,home,False,52.0,21.0,31.0,W
401282070,2021,3,2021-09-18,Auburn,SEC,fbs,Penn State,Big Ten,fbs,away,False,20.0,28.0,-8.0,L
401309854,2021,3,2021-09-18,BYU,FBS Independents,fbs,Arizona State,Pac-12,fbs,home,False,27.0,17.0,10.0,W
401309549,2021,3,2021-09-18,Ball State,Mid-American,fbs,Wyoming,Mountain West,fbs,away,False,12.0,45.0,-33.0,L
401287904,2021,3,2021-09-18,Baylor,Big 12,fbs,Kansas,Big 12,fbs,away,True,45.0,7.0,38.0,W
401287903,2021,3,2021-09-18,Boise State,Mountain West,fbs,Oklahoma State,Big 12,fbs,home,False,20.0,21.0,-1.0,L
401282634,2021,3,2021-09-18,Boston College,ACC,fbs,Temple,American Athletic,fbs,away,False,28.0,3.0,25.0,W
401309551,2021,3,2021-09-18,Bowling Green,Mid-American,fbs,Murray State,OVC,fcs,home,False,27.0,10.0,17.0,W
401309552,2021,3,2021-09-18,Buffalo,Mid-American,fbs,Coastal Carolina,Sun Belt,fbs,home,False,25.0,28.0,-3.0,L
401309849,2021,3,2021-09-18,California,Pac-12,fbs,Sacramento State,Big Sky,fcs,home,False,42.0,30.0,12.0,W
401282074,2021,3,2021-09-18,Central Michigan,Mid-American,fbs,LSU,SEC,fbs,away,False,21.0,49.0,-28.0,L
401282196,2021,3,2021-09-18,Charlotte,Conference USA,fbs,Georgia State,Sun Belt,fbs,away,False,9.0,20.0,-11.0,L
401282725,2021,3,2021-09-18,Cincinnati,American Athletic,fbs,Indiana,Big Ten,fbs,away,False,38.0,24.0,14.0,W
401282627,2021,3,2021-09-18,Clemson,ACC,fbs,Georgia Tech,ACC,fbs,home,True,14.0,8.0,6.0,W
401309552,2021,3,2021-09-18,Coastal Carolina,Sun Belt,fbs,Buffalo,Mid-American,fbs,away,False,28.0,25.0,3.0,W
401282791,2021,3,2021-09-18,Colorado,Pac-12,fbs,Minnesota,Big Ten,fbs,home,False,0.0,30.0,-30.0,L
401309553,2021,3,2021-09-18,Colorado State,Mountain West,fbs,Toledo,Mid-American,fbs,away,False,22.0,6.0,16.0,W
401282628,2021,3,2021-09-18,Duke,ACC,fbs,Northwestern,Big Ten,fbs,home,False,30.0,23.0,7.0,W
401282200,2021,3,2021-09-18,East Carolina,American Athletic,fbs,Marshall,Conference USA,fbs,away,False,42.0,38.0,4.0,W
401286300,2021,3,2021-09-18,Eastern Michigan,Mid-American,fbs,Massachusetts,FBS Independents,fbs,away,False,42.0,28.0,14.0,W
401282071,2021,3,2021-09-18,Florida,SEC,fbs,Alabama,SEC,fbs,home,True,29.0,31.0,-2.0,L
401282198,2021,3,2021-09-18,Florida Atlantic,Conference USA,fbs,Fordham,Patriot,fcs,home,False,45.0,14.0,31.0,W
401282197,2021,3,2021-09-18,Florida International,Conference USA,fbs,Texas Tech,Big 12,fbs,away,False,21.0,54.0,-33.0,L
401282635,2021,3,2021-09-18,Florida State,ACC,fbs,Wake Forest,ACC,fbs,away,True,14.0,35.0,-21.0,L
401309855,2021,3,2021-09-18,Fresno State,Mountain West,fbs,UCLA,Pac-12,fbs,away,False,40.0,37.0,3.0,W
401282072,2021,3,2021-09-18,Georgia,SEC,fbs,South Carolina,SEC,fbs,home,True,40.0,13.0,27.0,W
401282069,2021,3,2021-09-18,Georgia Southern,Sun Belt,fbs,Arkansas,SEC,fbs,away,False,10.0,45.0,-35.0,L
401282196,2021,3,2021-09-18,Georgia State,Sun Belt,fbs,Charlotte,Conference USA,fbs,home,False,20.0,9.0,11.0,W
401282627,2021,3,2021-09-18,Georgia Tech,ACC,fbs,Clemson,ACC,fbs,away,True,8.0,14.0,-6.0,L
401301005,2021,3,2021-09-18,Houston,American Athletic,fbs,Grambling,SWAC,fcs,home,False,45.0,0.0,45.0,W
401282725,2021,3,2021-09-18,Indiana,Big Ten,fbs,Cincinnati,American Athletic,fbs,home,False,24.0,38.0,-14.0,L
401282755,2021,3,2021-09-18,Iowa,Big Ten,fbs,Kent State,Mid-American,fbs,home,False,30.0,7.0,23.0,W
401287906,2021,3,2021-09-18,Iowa State,Big 12,fbs,UNLV,Mountain West,fbs,away,False,48.0,3.0,45.0,W
401287904,2021,3,2021-09-18,Kansas,Big 12,fbs,Baylor,Big 12,fbs,home,True,7.0,45.0,-38.0,L
401287905,2021,3,2021-09-18,Kansas State,Big 12,fbs,Nevada,Mountain West,fbs,home,False,38.0,17.0,21.0,W
401282755,2021,3,2021-09-18,Kent State,Mid-American,fbs,Iowa,Big Ten,fbs,away,False,7.0,30.0,-23.0,L
401282073,2021,3,2021-09-18,Kentucky,SEC,fbs,Chattanooga,Southern,fcs,home,False,28.0,23.0,5.0,W
401282074,2021,3,2021-09-18,LSU,SEC,fbs,Central Michigan,Mid-American,fbs,home,False,49.0,21.0,28.0,W
401282201,2021,3,2021-09-18,Liberty,FBS Independents,fbs,Old Dominion,Conference USA,fbs,home,False,45.0,17.0,28.0,W
401282199,2021,3,2021-09-18,Louisiana Tech,Conference USA,fbs,SMU,American Athletic,fbs,home,False,37.0,39.0,-2.0,L
401282200,2021,3,2021-09-18,Marshall,Conference USA,fbs,East Carolina,American Athletic,fbs,home,False,38.0,42.0,-4.0,L
401286300,2021,3,2021-09-18,Massachusetts,FBS Independents,fbs,Eastern Michigan,Mid-American,fbs,home,False,28.0,42.0,-14.0,L
401282076,2021,3,2021-09-18,Memphis,American Athletic,fbs,Mississippi State,SEC,fbs,home,False,31.0,29.0,2.0,W
401282629,2021,3,2021-09-18,Miami,ACC,fbs,Michigan State,Big Ten,fbs,home,False,17.0,38.0,-21.0,L
401308843,2021,3,2021-09-18,Miami (OH),Mid-American,fbs,Long Island University,NEC,fcs,home,False,42.0,7.0,35.0,W
401282774,2021,3,2021-09-18,Michigan,Big Ten,fbs,Northern Illinois,Mid-American,fbs,home,False,63.0,10.0,53.0,W
401282629,2021,3,2021-09-18,Michigan State,Big Ten,fbs,Miami,ACC,fbs,away,False,38.0,17.0,21.0,W
401282194,2021,3,2021-09-18,Middle Tennessee,Conference USA,fbs,UTSA,Conference USA,fbs,away,True,13.0,27.0,-14.0,L
401282791,2021,3,2021-09-18,Minnesota,Big Ten,fbs,Colorado,Pac-12,fbs,away,False,30.0,0.0,30.0,W
401282076,2021,3,2021-09-18,Mississippi State,SEC,fbs,Memphis,American Athletic,fbs,away,False,29.0,31.0,-2.0,L
401282077,2021,3,2021-09-18,Missouri,SEC,fbs,Southeast Missouri State,OVC,fcs,home,False,59.0,28.0,31.0,W
401282630,2021,3,2021-09-18,NC State,ACC,fbs,Furman,Southern,fcs,home,False,45.0,7.0,38.0,W
401282798,2021,3,2021-09-18,Nebraska,Big Ten,fbs,Oklahoma,Big 12,fbs,away,False,16.0,23.0,-7.0,L
401287905,2021,3,2021-09-18,Nevada,Mountain West,fbs,Kansas State,Big 12,fbs,away,False,17.0,38.0,-21.0,L
401282079,2021,3,2021-09-18,New Mexico,Mountain West,fbs,Texas A&M,SEC,fbs,away,False,0.0,34.0,-34.0,L
401319455,2021,3,2021-09-18,New Mexico State,FBS Independents,fbs,South Carolina State,MEAC,fcs,home,False,43.0,35.0,8.0,W
401282631,2021,3,2021-09-18,North Carolina,ACC,fbs,Virginia,ACC,fbs,home,True,59.0,39.0,20.0,W
401282195,2021,3,2021-09-18,North Texas,Conference USA,fbs,UAB,Conference USA,fbs,home,True,6.0,40.0,-34.0,L
401282774,2021,3,2021-09-18,Northern Illinois,Mid-American,fbs,Michigan,Big Ten,fbs,away,False,10.0,63.0,-53.0,L
401282628,2021,3,2021-09-18,Northwestern,Big Ten,fbs,Duke,ACC,fbs,away,False,23.0,30.0,-7.0,L
401282706,2021,3,2021-09-18,Notre Dame,FBS Independents,fbs,Purdue,Big Ten,fbs,home,False,27.0,13.0,14.0,W
401282810,2021,3,2021-09-18,Ohio State,Big Ten,fbs,Tulsa,American Athletic,fbs,home,False,41.0,20.0,21.0,W
401282798,2021,3,2021-09-18,Oklahoma,Big 12,fbs,Nebraska,Big Ten,fbs,home,False,23.0,16.0,7.0,W
401287903,2021,3,2021-09-18,Oklahoma State,Big 12,fbs,Boise State,Mountain West,fbs,away,False,21.0,20.0,1.0,W
401282201,2021,3,2021-09-18,Old Dominion,Conference USA,fbs,Liberty,FBS Independents,fbs,away,False,17.0,45.0,-28.0,L
401282075,2021,3,2021-09-18,Ole Miss,SEC,fbs,Tulane,American Athletic,fbs,home,False,61.0,21.0,40.0,W
401309850,2021,3,2021-09-18,Oregon,Pac-12,fbs,Stony Brook,CAA,fcs,home,False,48.0,7.0,41.0,W
401309851,2021,3,2021-09-18,Oregon State,Pac-12,fbs,Idaho,Big Sky,fcs,home,False,42.0,0.0,42.0,W
401282070,2021,3,2021-09-18,Penn State,Big Ten,fbs,Auburn,SEC,fbs,home,False,28.0,20.0,8.0,W
401282632,2021,3,2021-09-18,Pittsburgh,ACC,fbs,Western Michigan,Mid-American,fbs,home,False,41.0,44.0,-3.0,L
401282706,2021,3,2021-09-18,Purdue,Big Ten,fbs,Notre Dame,FBS Independents,fbs,away,False,13.0,27.0,-14.0,L
401282202,2021,3,2021-09-18,Rice,Conference USA,fbs,Texas,Big 12,fbs,away,False,0.0,58.0,-58.0,L
401282823,2021,3,2021-09-18,Rutgers,Big Ten,fbs,Delaware,CAA,fcs,home,False,45.0,13.0,32.0,W
401282199,2021,3,2021-09-18,SMU,American Athletic,fbs,Louisiana Tech,Conference USA,fbs,away,False,39.0,37.0,2.0,W
401309856,2021,3,2021-09-18,San Diego State,Mountain West,fbs,Utah,Pac-12,fbs,home,False,33.0,31.0,2.0,W
401309608,2021,3,2021-09-18,South Alabama,Sun Belt,fbs,Alcorn State,SWAC,fcs,home,False,28.0,21.0,7.0,W
401282072,2021,3,2021-09-18,South Carolina,SEC,fbs,Georgia,SEC,fbs,away,True,13.0,40.0,-27.0,L
401301006,2021,3,2021-09-18,South Florida,American Athletic,fbs,Florida A&M,SWAC,fcs,home,False,38.0,17.0,21.0,W
401282203,2021,3,2021-09-18,Southern Miss,Conference USA,fbs,Troy,Sun Belt,fbs,home,False,9.0,21.0,-12.0,L
401282080,2021,3,2021-09-18,Stanford,Pac-12,fbs,Vanderbilt,SEC,fbs,away,False,41.0,23.0,18.0,W
401282633,2021,3,2021-09-18,Syracuse,ACC,fbs,UAlbany,CAA,fcs,home,False,62.0,24.0,38.0,W
401282634,2021,3,2021-09-18,Temple,American Athletic,fbs,Boston College,ACC,fbs,home,False,3.0,28.0,-25.0,L
401282078,2021,3,2021-09-18,Tennessee,SEC,fbs,Tennessee Tech,OVC,fcs,home,False,56.0,0.0,56.0,W
401282202,2021,3,2021-09-18,Texas,Big 12,fbs,Rice,Conference USA,fbs,home,False,58.0,0.0,58.0,W
401282079,2021,3,2021-09-18,Texas A&M,SEC,fbs,New Mexico,Mountain West,fbs,home,False,34.0,0.0,34.0,W
401309609,2021,3,2021-09-18,Texas State,Sun Belt,fbs,Incarnate Word,Southland,fcs,home,False,34.0,42.0,-8.0,L
401282197,2021,3,2021-09-18,Texas Tech,Big 12,fbs,Florida International,Conference USA,fbs,home,False,54.0,21.0,33.0,W
401309553,2021,3,2021-09-18,Toledo,Mid-American,fbs,Colorado State,Mountain West,fbs,home,False,6.0,22.0,-16.0,L
401282203,2021,3,2021-09-18,Troy,Sun Belt,fbs,Southern Miss,Conference USA,fbs,away,False,21.0,9.0,12.0,W
401282075,2021,3,2021-09-18,Tulane,American Athletic,fbs,Ole Miss,SEC,fbs,away,False,21.0,61.0,-40.0,L
401282810,2021,3,2021-09-18,Tulsa,American Athletic,fbs,Ohio State,Big Ten,fbs,away,False,20.0,41.0,-21.0,L
401282195,2021,3,2021-09-18,UAB,Conference USA,fbs,North Texas,Conference USA,fbs,away,True,40.0,6.0,34.0,W
401309855,2021,3,2021-09-18,UCLA,Pac-12,fbs,Fresno State,Mountain West,fbs,home,False,37.0,40.0,-3.0,L
401286189,2021,3,2021-09-18,UConn,FBS Independents,fbs,Army,FBS Independents,fbs,away,False,21.0,52.0,-31.0,L
401309607,2021,3,2021-09-18,UL Monroe,Sun Belt,fbs,Jackson State,SWAC,fcs,home,False,12.0,7.0,5.0,W
401287906,2021,3,2021-09-18,UNLV,Mountain West,fbs,Iowa State,Big 12,fbs,home,False,3.0,48.0,-45.0,L
401309852,2021,3,2021-09-18,USC,Pac-12,fbs,Washington State,Pac-12,fbs,away,True,45.0,14.0,31.0,W
401282194,2021,3,2021-09-18,UTSA,Conference USA,fbs,Middle Tennessee,Conference USA,fbs,home,True,27.0,13.0,14.0,W
401309856,2021,3,2021-09-18,Utah,Pac-12,fbs,San Diego State,Mountain West,fbs,away,False,31.0,33.0,-2.0,L
401310704,2021,3,2021-09-18,Utah State,Mountain West,fbs,Air Force,Mountain West,fbs,away,True,49.0,45.0,4.0,W
401282080,2021,3,2021-09-18,Vanderbilt,SEC,fbs,Stanford,Pac-12,fbs,home,False,23.0,41.0,-18.0,L
401282631,2021,3,2021-09-18,Virginia,ACC,fbs,North Carolina,ACC,fbs,away,True,39.0,59.0,-20.0,L
401282636,2021,3,2021-09-18,Virginia Tech,ACC,fbs,West Virginia,Big 12,fbs,away,False,21.0,27.0,-6.0,L
401282635,2021,3,2021-09-18,Wake Forest,ACC,fbs,Florida State,ACC,fbs,home,True,35.0,14.0,21.0,W
401309605,2021,3,2021-09-18,Washington,Pac-12,fbs,Arkansas State,Sun Belt,fbs,home,False,52.0,3.0,49.0,W
401309852,2021,3,2021-09-18,Washington State,Pac-12,fbs,USC,Pac-12,fbs,home,True,14.0,45.0,-31.0,L
401282636,2021,3,2021-09-18,West Virginia,Big 12,fbs,Virginia Tech,ACC,fbs,home,False,27.0,21.0,6.0,W
401282632,2021,3,2021-09-18,Western Michigan,Mid-American,fbs,Pittsburgh,ACC,fbs,away,False,44.0,41.0,3.0,W
401309549,2021,3,2021-09-18,Wyoming,Mountain West,fbs,Ball State,Mid-American,fbs,home,False,45.0,12.0,33.0,W
401310705,2021,3,2021-09-19,Hawai'i,Mountain West,fbs,San José State,Mountain West,fbs,home,True,13.0,17.0,-4.0,L
401310705,2021,3,2021-09-19,San José State,Mountain West,fbs,Hawai'i,Mountain West,fbs,away,True,17.0,13.0,4.0,W
401282208,2021,4,2021-09-23,App State,Sun Belt,fbs,Marshall,Conference USA,fbs,home,False,31.0,30.0,1.0,W
401282208,2021,4,2021-09-23,Marshall,Conference USA,fbs,App State,Sun Belt,fbs,away,False,30.0,31.0,-1.0,L
401282204,2021,4,2021-09-24,Charlotte,Conference USA,fbs,Middle Tennessee,Conference USA,fbs,home,True,42.0,39.0,3.0,W
401310707,2021,4,2021-09-24,Fresno State,Mountain West,fbs,UNLV,Mountain West,fbs,home,True,38.0,30.0,8.0,W
401282637,2021,4,2021-09-24,Liberty,FBS Independents,fbs,Syracuse,ACC,fbs,away,False,21.0,24.0,-3.0,L
401282204,2021,4,2021-09-24,Middle Tennessee,Conference USA,fbs,Charlotte,Conference USA,fbs,away,True,39.0,42.0,-3.0,L
401282637,2021,4,2021-09-24,Syracuse,ACC,fbs,Liberty,FBS Independents,fbs,home,False,24.0,21.0,3.0,W
401310707,2021,4,2021-09-24,UNLV,Mountain West,fbs,Fresno State,Mountain West,fbs,away,True,30.0,38.0,-8.0,L
401282638,2021,4,2021-09-24,Virginia,ACC,fbs,Wake Forest,ACC,fbs,home,True,17.0,37.0,-20.0,L
401282638,2021,4,2021-09-24,Wake Forest,ACC,fbs,Virginia,ACC,fbs,away,True,37.0,17.0,20.0,W
401282207,2021,4,2021-09-25,Air Force,Mountain West,fbs,Florida Atlantic,Conference USA,fbs,home,False,31.0,7.0,24.0,W
401282811,2021,4,2021-09-25,Akron,Mid-American,fbs,Ohio State,Big Ten,fbs,away,False,7.0,59.0,-52.0,L
401282081,2021,4,2021-09-25,Alabama,SEC,fbs,Southern Miss,Conference USA,fbs,home,False,63.0,14.0,49.0,W
401309859,2021,4,2021-09-25,Arizona,Pac-12,fbs,Oregon,Pac-12,fbs,away,True,19.0,41.0,-22.0,L
401309862,2021,4,2021-09-25,Arizona State,Pac-12,fbs,Colorado,Pac-12,fbs,home,True,35.0,13.0,22.0,W
401282082,2021,4,2021-09-25,Arkansas,SEC,fbs,Texas A&M,SEC,fbs,neutral,True,20.0,10.0,10.0,W
401301011,2021,4,2021-09-25,Arkansas State,Sun Belt,fbs,Tulsa,American Athletic,fbs,away,False,34.0,41.0,-7.0,L
401308834,2021,4,2021-09-25,Army,FBS Independents,fbs,Miami (OH),Mid-American,fbs,home,False,23.0,10.0,13.0,W
401282083,2021,4,2021-09-25,Auburn,SEC,fbs,Georgia State,Sun Belt,fbs,home,False,34.0,24.0,10.0,W
401301009,2021,4,2021-09-25,BYU,FBS Independents,fbs,South Florida,American Athletic,fbs,home,False,35.0,27.0,8.0,W
401309555,2021,4,2021-09-25,Ball State,Mid-American,fbs,Toledo,Mid-American,fbs,home,True,12.0,22.0,-10.0,L
401287907,2021,4,2021-09-25,Baylor,Big 12,fbs,Iowa State,Big 12,fbs,home,True,31.0,29.0,2.0,W
401310706,2021,4,2021-09-25,Boise State,Mountain West,fbs,Utah State,Mountain West,fbs,away,True,27.0,3.0,24.0,W
401282086,2021,4,2021-09-25,Boston College,ACC,fbs,Missouri,SEC,fbs,home,False,41.0,34.0,7.0,W
401282792,2021,4,2021-09-25,Bowling Green,Mid-American,fbs,Minnesota,Big Ten,fbs,away,False,14.0,10.0,4.0,W
401282209,2021,4,2021-09-25,Buffalo,Mid-American,fbs,Old Dominion,Conference USA,fbs,away,False,35.0,34.0,1.0,W
401309857,2021,4,2021-09-25,California,Pac-12,fbs,Washington,Pac-12,fbs,away,True,24.0,31.0,-7.0,L
401282206,2021,4,2021-09-25,Central Michigan,Mid-American,fbs,Florida International,Conference USA,fbs,home,False,31.0,27.0,4.0,W
401282643,2021,4,2021-09-25,Clemson,ACC,fbs,NC State,ACC,fbs,away,True,21.0,27.0,-6.0,L
401286301,2021,4,2021-09-25,Coastal Carolina,Sun Belt,fbs,Massachusetts,FBS Independents,fbs,home,False,53.0,3.0,50.0,W
401309862,2021,4,2021-09-25,Colorado,Pac-12,fbs,Arizona State,Pac-12,fbs,away,True,13.0,35.0,-22.0,L
401282756,2021,4,2021-09-25,Colorado State,Mountain West,fbs,Iowa,Big Ten,fbs,away,False,14.0,24.0,-10.0,L
401282639,2021,4,2021-09-25,Duke,ACC,fbs,Kansas,Big 12,fbs,home,False,52.0,33.0,19.0,W
401301007,2021,4,2021-09-25,East Carolina,American Athletic,fbs,Charleston Southern,Big South,fcs,home,False,31.0,28.0,3.0,W
401309557,2021,4,2021-09-25,Eastern Michigan,Mid-American,fbs,Texas State,Sun Belt,fbs,home,False,59.0,21.0,38.0,W
401282084,2021,4,2021-09-25,Florida,SEC,fbs,Tennessee,SEC,fbs,home,True,38.0,14.0,24.0,W
401282207,2021,4,2021-09-25,Florida Atlantic,Conference USA,fbs,Air Force,Mountain West,fbs,away,False,7.0,31.0,-24.0,L
401282206,2021,4,2021-09-25,Florida International,Conference USA,fbs,Central Michigan,Mid-American,fbs,away,False,27.0,31.0,-4.0,L
401282640,2021,4,2021-09-25,Florida State,ACC,fbs,Louisville,ACC,fbs,home,True,23.0,31.0,-8.0,L
401282088,2021,4,2021-09-25,Georgia,SEC,fbs,Vanderbilt,SEC,fbs,away,True,62.0,0.0,62.0,W
401309610,2021,4,2021-09-25,Georgia Southern,Sun Belt,fbs,Louisiana,Sun Belt,fbs,home,True,20.0,28.0,-8.0,L
401282083,2021,4,2021-09-25,Georgia State,Sun Belt,fbs,Auburn,SEC,fbs,away,False,24.0,34.0,-10.0,L
401282641,2021,4,2021-09-25,Georgia Tech,ACC,fbs,North Carolina,ACC,fbs,neutral,True,45.0,22.0,23.0,W
401310708,2021,4,2021-09-25,Hawai'i,Mountain West,fbs,New Mexico State,FBS Independents,fbs,away,False,41.0,21.0,20.0,W
401301008,2021,4,2021-09-25,Houston,American Athletic,fbs,Navy,American Athletic,fbs,home,True,28.0,20.0,8.0,W
401282716,2021,4,2021-09-25,Illinois,Big Ten,fbs,Purdue,Big Ten,fbs,away,True,9.0,13.0,-4.0,L
401282214,2021,4,2021-09-25,Indiana,Big Ten,fbs,Western Kentucky,Conference USA,fbs,away,False,33.0,31.0,2.0,W
401282756,2021,4,2021-09-25,Iowa,Big Ten,fbs,Colorado State,Mountain West,fbs,home,False,24.0,14.0,10.0,W
401287907,2021,4,2021-09-25,Iowa State,Big 12,fbs,Baylor,Big 12,fbs,away,True,29.0,31.0,-2.0,L
401282639,2021,4,2021-09-25,Kansas,Big 12,fbs,Duke,ACC,fbs,away,False,33.0,52.0,-19.0,L
401287909,2021,4,2021-09-25,Kansas State,Big 12,fbs,Oklahoma State,Big 12,fbs,away,True,20.0,31.0,-11.0,L
401282765,2021,4,2021-09-25,Kent State,Mid-American,fbs,Maryland,Big Ten,fbs,away,False,16.0,37.0,-21.0,L
401282087,2021,4,2021-09-25,Kentucky,SEC,fbs,South Carolina,SEC,fbs,away,True,16.0,10.0,6.0,W
401282085,2021,4,2021-09-25,LSU,SEC,fbs,Mississippi State,SEC,fbs,away,True,28.0,25.0,3.0,W
401309610,2021,4,2021-09-25,Louisiana,Sun Belt,fbs,Georgia Southern,Sun Belt,fbs,away,True,28.0,20.0,8.0,W
401282205,2021,4,2021-09-25,Louisiana Tech,Conference USA,fbs,North Texas,Conference USA,fbs,home,True,24.0,17.0,7.0,W
401282640,2021,4,2021-09-25,Louisville,ACC,fbs,Florida State,ACC,fbs,away,True,31.0,23.0,8.0,W
401282765,2021,4,2021-09-25,Maryland,Big Ten,fbs,Kent State,Mid-American,fbs,home,False,37.0,16.0,21.0,W
401286301,2021,4,2021-09-25,Massachusetts,FBS Independents,fbs,Coastal Carolina,Sun Belt,fbs,away,False,3.0,53.0,-50.0,L
401282213,2021,4,2021-09-25,Memphis,American Athletic,fbs,UTSA,Conference USA,fbs,home,False,28.0,31.0,-3.0,L
401282642,2021,4,2021-09-25,Miami,ACC,fbs,Central Connecticut,NEC,fcs,home,False,69.0,0.0,69.0,W
401308834,2021,4,2021-09-25,Miami (OH),Mid-American,fbs,Army,FBS Independents,fbs,away,False,10.0,23.0,-13.0,L
401282775,2021,4,2021-09-25,Michigan,Big Ten,fbs,Rutgers,Big Ten,fbs,home,True,20.0,13.0,7.0,W
401282784,2021,4,2021-09-25,Michigan State,Big Ten,fbs,Nebraska,Big Ten,fbs,home,True,23.0,20.0,3.0,W
401282792,2021,4,2021-09-25,Minnesota,Big Ten,fbs,Bowling Green,Mid-American,fbs,home,False,10.0,14.0,-4.0,L
401282085,2021,4,2021-09-25,Mississippi State,SEC,fbs,LSU,SEC,fbs,home,True,25.0,28.0,-3.0,L
401282086,2021,4,2021-09-25,Missouri,SEC,fbs,Boston College,ACC,fbs,away,False,34.0,41.0,-7.0,L
401282643,2021,4,2021-09-25,NC State,ACC,fbs,Clemson,ACC,fbs,home,True,27.0,21.0,6.0,W
401301008,2021,4,2021-09-25,Navy,American Athletic,fbs,Houston,American Athletic,fbs,away,True,20.0,28.0,-8.0,L
401282784,2021,4,2021-09-25,Nebraska,Big Ten,fbs,Michigan State,Big Ten,fbs,away,True,20.0,23.0,-3.0,L
401282212,2021,4,2021-09-25,New Mexico,Mountain West,fbs,UTEP,Conference USA,fbs,away,False,13.0,20.0,-7.0,L
401310708,2021,4,2021-09-25,New Mexico State,FBS Independents,fbs,Hawai'i,Mountain West,fbs,home,False,21.0,41.0,-20.0,L
401282641,2021,4,2021-09-25,North Carolina,ACC,fbs,Georgia Tech,ACC,fbs,neutral,True,22.0,45.0,-23.0,L
401282205,2021,4,2021-09-25,North Texas,Conference USA,fbs,Louisiana Tech,Conference USA,fbs,away,True,17.0,24.0,-7.0,L
401309556,2021,4,2021-09-25,Northern Illinois,Mid-American,fbs,Maine,CAA,fcs,home,False,41.0,14.0,27.0,W
401282805,2021,4,2021-09-25,Northwestern,Big Ten,fbs,Ohio,Mid-American,fbs,home,False,35.0,6.0,29.0,W
401282707,2021,4,2021-09-25,Notre Dame,FBS Independents,fbs,Wisconsin,Big Ten,fbs,neutral,False,41.0,13.0,28.0,W
401282805,2021,4,2021-09-25,Ohio,Mid-American,fbs,Northwestern,Big Ten,fbs,away,False,6.0,35.0,-29.0,L
401282811,2021,4,2021-09-25,Ohio State,Big Ten,fbs,Akron,Mid-American,fbs,home,False,59.0,7.0,52.0,W
401287908,2021,4,2021-09-25,Oklahoma,Big 12,fbs,West Virginia,Big 12,fbs,home,True,16.0,13.0,3.0,W
401287909,2021,4,2021-09-25,Oklahoma State,Big 12,fbs,Kansas State,Big 12,fbs,home,True,31.0,20.0,11.0,W
401282209,2021,4,2021-09-25,Old Dominion,Conference USA,fbs,Buffalo,Mid-American,fbs,home,False,34.0,35.0,-1.0,L
401309859,2021,4,2021-09-25,Oregon,Pac-12,fbs,Arizona,Pac-12,fbs,home,True,41.0,19.0,22.0,W
401309860,2021,4,2021-09-25,Oregon State,Pac-12,fbs,USC,Pac-12,fbs,away,True,45.0,27.0,18.0,W
401282817,2021,4,2021-09-25,Penn State,Big Ten,fbs,Villanova,CAA,fcs,home,False,38.0,17.0,21.0,W
401282644,2021,4,2021-09-25,Pittsburgh,ACC,fbs,New Hampshire,CAA,fcs,home,False,77.0,7.0,70.0,W
401282716,2021,4,2021-09-25,Purdue,Big Ten,fbs,Illinois,Big Ten,fbs,home,True,13.0,9.0,4.0,W
401282210,2021,4,2021-09-25,Rice,Conference USA,fbs,Texas Southern,SWAC,fcs,home,False,48.0,34.0,14.0,W
401282775,2021,4,2021-09-25,Rutgers,Big Ten,fbs,Michigan,Big Ten,fbs,away,True,13.0,20.0,-7.0,L
401287910,2021,4,2021-09-25,SMU,American Athletic,fbs,TCU,Big 12,fbs,away,False,42.0,34.0,8.0,W
401310709,2021,4,2021-09-25,San Diego State,Mountain West,fbs,Towson,CAA,fcs,home,False,48.0,21.0,27.0,W
401309554,2021,4,2021-09-25,San José State,Mountain West,fbs,Western Michigan,Mid-American,fbs,away,False,3.0,23.0,-20.0,L
401282087,2021,4,2021-09-25,South Carolina,SEC,fbs,Kentucky,SEC,fbs,home,True,10.0,16.0,-6.0,L
401301009,2021,4,2021-09-25,South Florida,American Athletic,fbs,BYU,FBS Independents,fbs,away,False,27.0,35.0,-8.0,L
401282081,2021,4,2021-09-25,Southern Miss,Conference USA,fbs,Alabama,SEC,fbs,away,False,14.0,63.0,-49.0,L
401309858,2021,4,2021-09-25,Stanford,Pac-12,fbs,UCLA,Pac-12,fbs,home,True,24.0,35.0,-11.0,L
401287910,2021,4,2021-09-25,TCU,Big 12,fbs,SMU,American Athletic,fbs,home,False,34.0,42.0,-8.0,L
401301010,2021,4,2021-09-25,Temple,American Athletic,fbs,Wagner,NEC,fcs,home,False,41.0,7.0,34.0,W
401282084,2021,4,2021-09-25,Tennessee,SEC,fbs,Florida,SEC,fbs,away,True,14.0,38.0,-24.0,L
401287911,2021,4,2021-09-25,Texas,Big 12,fbs,Texas Tech,Big 12,fbs,home,True,70.0,35.0,35.0,W
401282082,2021,4,2021-09-25,Texas A&M,SEC,fbs,Arkansas,SEC,fbs,neutral,True,10.0,20.0,-10.0,L
401309557,2021,4,2021-09-25,Texas State,Sun Belt,fbs,Eastern Michigan,Mid-American,fbs,away,False,21.0,59.0,-38.0,L
401287911,2021,4,2021-09-25,Texas Tech,Big 12,fbs,Texas,Big 12,fbs,away,True,35.0,70.0,-35.0,L
401309555,2021,4,2021-09-25,Toledo,Mid-American,fbs,Ball State,Mid-American,fbs,away,True,22.0,12.0,10.0,W
401309611,2021,4,2021-09-25,Troy,Sun Belt,fbs,UL Monroe,Sun Belt,fbs,away,True,16.0,29.0,-13.0,L
401282211,2021,4,2021-09-25,Tulane,American Athletic,fbs,UAB,Conference USA,fbs,home,False,21.0,28.0,-7.0,L
401301011,2021,4,2021-09-25,Tulsa,American Athletic,fbs,Arkansas State,Sun Belt,fbs,home,False,41.0,34.0,7.0,W
401282211,2021,4,2021-09-25,UAB,Conference USA,fbs,Tulane,American Athletic,fbs,away,False,28.0,21.0,7.0,W
401309858,2021,4,2021-09-25,UCLA,Pac-12,fbs,Stanford,Pac-12,fbs,away,True,35.0,24.0,11.0,W
401286190,2021,4,2021-09-25,UConn,FBS Independents,fbs,Wyoming,Mountain West,fbs,home,False,22.0,24.0,-2.0,L
401309611,2021,4,2021-09-25,UL Monroe,Sun Belt,fbs,Troy,Sun Belt,fbs,home,True,29.0,16.0,13.0,W
401309860,2021,4,2021-09-25,USC,Pac-12,fbs,Oregon State,Pac-12,fbs,home,True,27.0,45.0,-18.0,L
401282212,2021,4,2021-09-25,UTEP,Conference USA,fbs,New Mexico,Mountain West,fbs,home,False,20.0,13.0,7.0,W
401282213,2021,4,2021-09-25,UTSA,Conference USA,fbs,Memphis,American Athletic,fbs,away,False,31.0,28.0,3.0,W
401309861,2021,4,2021-09-25,Utah,Pac-12,fbs,Washington State,Pac-12,fbs,home,True,24.0,13.0,11.0,W
401310706,2021,4,2021-09-25,Utah State,Mountain West,fbs,Boise State,Mountain West,fbs,home,True,3.0,27.0,-24.0,L
401282088,2021,4,2021-09-25,Vanderbilt,SEC,fbs,Georgia,SEC,fbs,home,True,0.0,62.0,-62.0,L
401282645,2021,4,2021-09-25,Virginia Tech,ACC,fbs,Richmond,CAA,fcs,home,False,21.0,10.0,11.0,W
401309857,2021,4,2021-09-25,Washington,Pac-12,fbs,California,Pac-12,fbs,home,True,31.0,24.0,7.0,W
401309861,2021,4,2021-09-25,Washington State,Pac-12,fbs,Utah,Pac-12,fbs,away,True,13.0,24.0,-11.0,L
401287908,2021,4,2021-09-25,West Virginia,Big 12,fbs,Oklahoma,Big 12,fbs,away,True,13.0,16.0,-3.0,L
401282214,2021,4,2021-09-25,Western Kentucky,Conference USA,fbs,Indiana,Big Ten,fbs,home,False,31.0,33.0,-2.0,L
401309554,2021,4,2021-09-25,Western Michigan,Mid-American,fbs,San José State,Mountain West,fbs,home,False,23.0,3.0,20.0,W
401282707,2021,4,2021-09-25,Wisconsin,Big Ten,fbs,Notre Dame,FBS Independents,fbs,neutral,False,13.0,41.0,-28.0,L
401286190,2021,4,2021-09-25,Wyoming,Mountain West,fbs,UConn,FBS Independents,fbs,away,False,24.0,22.0,2.0,W
401282646,2021,5,2021-09-30,Miami,ACC,fbs,Virginia,ACC,fbs,home,True,28.0,30.0,-2.0,L
401282646,2021,5,2021-09-30,Virginia,ACC,fbs,Miami,ACC,fbs,away,True,30.0,28.0,2.0,W
401426530,2022,1,2022-08-27,Charlotte,Conference USA,fbs,Florida Atlantic,Conference USA,fbs,away,True,13.0,43.0,-30.0,L
401426530,2022,1,2022-08-27,Florida Atlantic,Conference USA,fbs,Charlotte,Conference USA,fbs,home,True,43.0,13.0,30.0,W
401411090,2022,1,2022-08-27,Florida State,ACC,fbs,Duquesne,NEC,fcs,home,False,47.0,7.0,40.0,W
401403853,2022,1,2022-08-27,Hawai'i,Mountain West,fbs,Vanderbilt,SEC,fbs,home,False,10.0,63.0,-53.0,L
401405058,2022,1,2022-08-27,Illinois,Big Ten,fbs,Wyoming,Mountain West,fbs,home,False,38.0,6.0,32.0,W
401405059,2022,1,2022-08-27,Nebraska,Big Ten,fbs,Northwestern,Big Ten,fbs,neutral,True,28.0,31.0,-3.0,L
401409235,2022,1,2022-08-27,Nevada,Mountain West,fbs,New Mexico State,FBS Independents,fbs,away,False,23.0,12.0,11.0,W
401409235,2022,1,2022-08-27,New Mexico State,FBS Independents,fbs,Nevada,Mountain West,fbs,home,False,12.0,23.0,-11.0,L
401411091,2022,1,2022-08-27,North Carolina,ACC,fbs,Florida A&M,SWAC,fcs,home,False,56.0,24.0,32.0,W
401426531,2022,1,2022-08-27,North Texas,Conference USA,fbs,UTEP,Conference USA,fbs,away,True,31.0,13.0,18.0,W
401405059,2022,1,2022-08-27,Northwestern,Big Ten,fbs,Nebraska,Big Ten,fbs,neutral,True,31.0,28.0,3.0,W
401404146,2022,1,2022-08-27,UConn,FBS Independents,fbs,Utah State,Mountain West,fbs,away,False,20.0,31.0,-11.0,L
401413256,2022,1,2022-08-27,UNLV,Mountain West,fbs,Idaho State,Big Sky,fcs,home,False,52.0,21.0,31.0,W
401426531,2022,1,2022-08-27,UTEP,Conference USA,fbs,North Texas,Conference USA,fbs,home,True,13.0,31.0,-18.0,L
401404146,2022,1,2022-08-27,Utah State,Mountain West,fbs,UConn,FBS Independents,fbs,home,False,31.0,20.0,11.0,W
401403853,2022,1,2022-08-27,Vanderbilt,SEC,fbs,Hawai'i,Mountain West,fbs,away,False,63.0,10.0,53.0,W
401426532,2022,1,2022-08-27,Western Kentucky,Conference USA,fbs,Austin Peay,Atlantic Sun,fcs,home,False,38.0,27.0,11.0,W
401405058,2022,1,2022-08-27,Wyoming,Mountain West,fbs,Illinois,Big Ten,fbs,away,False,6.0,38.0,-32.0,L
401416568,2022,1,2022-09-01,Akron,Mid-American,fbs,Saint Francis,NEC,fcs,home,False,30.0,23.0,7.0,W
401403965,2022,1,2022-09-01,Arizona State,Pac-12,fbs,Northern Arizona,Big Sky,fcs,home,False,40.0,3.0,37.0,W
401403864,2022,1,2022-09-01,Ball State,Mid-American,fbs,Tennessee,SEC,fbs,away,False,10.0,59.0,-49.0,L
401416569,2022,1,2022-09-01,Central Michigan,Mid-American,fbs,Oklahoma State,Big 12,fbs,away,False,44.0,58.0,-14.0,L
401426533,2022,1,2022-09-01,Florida International,Conference USA,fbs,Bryant,Big South,fcs,home,False,38.0,37.0,1.0,W
401413224,2022,1,2022-09-01,Fresno State,Mountain West,fbs,Cal Poly,Big Sky,fcs,home,False,35.0,7.0,28.0,W
401426537,2022,1,2022-09-01,Louisiana Tech,Conference USA,fbs,Missouri,SEC,fbs,away,False,24.0,52.0,-28.0,L
401405060,2022,1,2022-09-01,Minnesota,Big Ten,fbs,New Mexico State,FBS Independents,fbs,home,False,38.0,0.0,38.0,W
401426537,2022,1,2022-09-01,Missouri,SEC,fbs,Louisiana Tech,Conference USA,fbs,home,False,52.0,24.0,28.0,W
401405060,2022,1,2022-09-01,New Mexico State,FBS Independents,fbs,Minnesota,Big Ten,fbs,away,False,0.0,38.0,-38.0,L
401416592,2022,1,2022-09-01,Northern Illinois,Mid-American,fbs,Eastern Illinois,OVC,fcs,home,False,34.0,27.0,7.0,W
401416569,2022,1,2022-09-01,Oklahoma State,Big 12,fbs,Central Michigan,Mid-American,fbs,home,False,58.0,44.0,14.0,W
401405064,2022,1,2022-09-01,Penn State,Big Ten,fbs,Purdue,Big Ten,fbs,away,True,35.0,31.0,4.0,W
401411092,2022,1,2022-09-01,Pittsburgh,ACC,fbs,West Virginia,Big 12,fbs,home,False,38.0,31.0,7.0,W
401405064,2022,1,2022-09-01,Purdue,Big Ten,fbs,Penn State,Big Ten,fbs,home,True,31.0,35.0,-4.0,L
401415213,2022,1,2022-09-01,San José State,Mountain West,fbs,Portland State,Big Sky,fcs,home,False,21.0,17.0,4.0,W
401403864,2022,1,2022-09-01,Tennessee,SEC,fbs,Ball State,Mid-American,fbs,home,False,59.0,10.0,49.0,W
401441990,2022,1,2022-09-01,Toledo,Mid-American,fbs,Long Island University,NEC,fcs,home,False,37.0,0.0,37.0,W
401426534,2022,1,2022-09-01,UAB,Conference USA,fbs,Alabama A&M,SWAC,fcs,home,False,59.0,0.0,59.0,W
401415610,2022,1,2022-09-01,UCF,American Athletic,fbs,South Carolina State,MEAC,fcs,home,False,56.0,10.0,46.0,W
401411093,2022,1,2022-09-01,Wake Forest,ACC,fbs,VMI,Southern,fcs,home,False,44.0,10.0,34.0,W
401411092,2022,1,2022-09-01,West Virginia,Big 12,fbs,Pittsburgh,ACC,fbs,away,False,31.0,38.0,-7.0,L
401426535,2022,1,2022-09-02,Charlotte,Conference USA,fbs,William & Mary,CAA,fcs,home,False,24.0,41.0,-17.0,L
401403966,2022,1,2022-09-02,Colorado,Pac-12,fbs,TCU,Big 12,fbs,home,False,13.0,38.0,-25.0,L
401411094,2022,1,2022-09-02,Duke,ACC,fbs,Temple,American Athletic,fbs,home,False,30.0,0.0,30.0,W
401416590,2022,1,2022-09-02,Eastern Michigan,Mid-American,fbs,Eastern Kentucky,Atlantic Sun,fcs,home,False,42.0,34.0,8.0,W
401405061,2022,1,2022-09-02,Illinois,Big Ten,fbs,Indiana,Big Ten,fbs,away,True,20.0,23.0,-3.0,L
401405061,2022,1,2022-09-02,Indiana,Big Ten,fbs,Illinois,Big Ten,fbs,home,True,23.0,20.0,3.0,W
401404052,2022,1,2022-09-02,Kansas,Big 12,fbs,Tennessee Tech,OVC,fcs,home,False,56.0,10.0,46.0,W
401416591,2022,1,2022-09-02,Michigan State,Big Ten,fbs,Western Michigan,Mid-American,fbs,home,False,35.0,13.0,22.0,W
401426330,2022,1,2022-09-02,Old Dominion,Sun Belt,fbs,Virginia Tech,ACC,fbs,home,False,20.0,17.0,3.0,W
401403966,2022,1,2022-09-02,TCU,Big 12,fbs,Colorado,Pac-12,fbs,away,False,38.0,13.0,25.0,W
401411094,2022,1,2022-09-02,Temple,American Athletic,fbs,Duke,ACC,fbs,away,False,0.0,30.0,-30.0,L
401426330,2022,1,2022-09-02,Virginia Tech,ACC,fbs,Old Dominion,Sun Belt,fbs,away,False,17.0,20.0,-3.0,L
401416591,2022,1,2022-09-02,Western Michigan,Mid-American,fbs,Michigan State,Big Ten,fbs,away,False,13.0,35.0,-22.0,L
401415209,2022,1,2022-09-03,Air Force,Mountain West,fbs,Northern Iowa,MVFC,fcs,home,False,48.0,17.0,31.0,W
401403854,2022,1,2022-09-03,Alabama,SEC,fbs,Utah State,Mountain West,fbs,home,False,55.0,0.0,55.0,W
401411095,2022,1,2022-09-03,App State,Sun Belt,fbs,North Carolina,ACC,fbs,home,False,61.0,63.0,-2.0,L
401403967,2022,1,2022-09-03,Arizona,Pac-12,fbs,San Diego State,Mountain West,fbs,away,False,38.0,20.0,18.0,W
401403855,2022,1,2022-09-03,Arkansas,SEC,fbs,Cincinnati,American Athletic,fbs,home,False,31.0,24.0,7.0,W
401425418,2022,1,2022-09-03,Arkansas State,Sun Belt,fbs,Grambling,SWAC,fcs,home,False,58.0,3.0,55.0,W
401404134,2022,1,2022-09-03,Army,FBS Independents,fbs,Coastal Carolina,Sun Belt,fbs,away,False,28.0,38.0,-10.0,L
401403856,2022,1,2022-09-03,Auburn,SEC,fbs,Mercer,Southern,fcs,home,False,42.0,16.0,26.0,W
401415612,2022,1,2022-09-03,BYU,FBS Independents,fbs,South Florida,American Athletic,fbs,away,False,50.0,21.0,29.0,W
401424416,2022,1,2022-09-03,Baylor,Big 12,fbs,UAlbany,CAA,fcs,home,False,69.0,10.0,59.0,W
401403969,2022,1,2022-09-03,Boise State,Mountain West,fbs,Oregon State,Pac-12,fbs,away,False,17.0,34.0,-17.0,L
401405069,2022,1,2022-09-03,Boston College,ACC,fbs,Rutgers,Big Ten,fbs,home,False,21.0,22.0,-1.0,L
401403971,2022,1,2022-09-03,Bowling Green,Mid-American,fbs,UCLA,Pac-12,fbs,away,False,17.0,45.0,-28.0,L
401405066,2022,1,2022-09-03,Buffalo,Mid-American,fbs,Maryland,Big Ten,fbs,away,False,10.0,31.0,-21.0,L
401403968,2022,1,2022-09-03,California,Pac-12,fbs,UC Davis,Big Sky,fcs,home,False,34.0,13.0,21.0,W
401403855,2022,1,2022-09-03,Cincinnati,American Athletic,fbs,Arkansas,SEC,fbs,away,False,24.0,31.0,-7.0,L
401404134,2022,1,2022-09-03,Coastal Carolina,Sun Belt,fbs,Army,FBS Independents,fbs,home,False,38.0,28.0,10.0,W
401405067,2022,1,2022-09-03,Colorado State,Mountain West,fbs,Michigan,Big Ten,fbs,away,False,7.0,51.0,-44.0,L
401411096,2022,1,2022-09-03,East Carolina,American Athletic,fbs,NC State,ACC,fbs,home,False,20.0,21.0,-1.0,L
401403857,2022,1,2022-09-03,Florida,SEC,fbs,Utah,Pac-12,fbs,home,False,29.0,26.0,3.0,W
401426536,2022,1,2022-09-03,Florida Atlantic,Conference USA,fbs,Ohio,Mid-American,fbs,away,False,38.0,41.0,-3.0,L
401403858,2022,1,2022-09-03,Georgia,SEC,fbs,Oregon,Pac-12,fbs,neutral,False,49.0,3.0,46.0,W
401420777,2022,1,2022-09-03,Georgia Southern,Sun Belt,fbs,Morgan State,MEAC,fcs,home,False,59.0,7.0,52.0,W
401403863,2022,1,2022-09-03,Georgia State,Sun Belt,fbs,South Carolina,SEC,fbs,away,False,14.0,35.0,-21.0,L
401426543,2022,1,2022-09-03,Hawai'i,Mountain West,fbs,Western Kentucky,Conference USA,fbs,home,False,17.0,49.0,-32.0,L
401426542,2022,1,2022-09-03,Houston,American Athletic,fbs,UTSA,Conference USA,fbs,away,False,37.0,35.0,2.0,W
401405062,2022,1,2022-09-03,Iowa,Big Ten,fbs,South Dakota State,MVFC,fcs,home,False,7.0,3.0,4.0,W
401404057,2022,1,2022-09-03,Iowa State,Big 12,fbs,Southeast Missouri State,OVC,fcs,home,False,42.0,10.0,32.0,W
401426538,2022,1,2022-09-03,James Madison,Sun Belt,fbs,Middle Tennessee,Conference USA,fbs,home,False,44.0,7.0,37.0,W
401404056,2022,1,2022-09-03,Kansas State,Big 12,fbs,South Dakota,MVFC,fcs,home,False,34.0,0.0,34.0,W
401403973,2022,1,2022-09-03,Kent State,Mid-American,fbs,Washington,Pac-12,fbs,away,False,20.0,45.0,-25.0,L
401403859,2022,1,2022-09-03,Kentucky,SEC,fbs,Miami (OH),Mid-American,fbs,home,False,37.0,13.0,24.0,W
401404157,2022,1,2022-09-03,Liberty,FBS Independents,fbs,Southern Miss,Sun Belt,fbs,away,False,29.0,27.0,2.0,W
401421121,2022,1,2022-09-03,Louisiana,Sun Belt,fbs,SE Louisiana,Southland,fcs,home,False,24.0,7.0,17.0,W
401411099,2022,1,2022-09-03,Louisville,ACC,fbs,Syracuse,ACC,fbs,away,True,7.0,31.0,-24.0,L
401415015,2022,1,2022-09-03,Marshall,Sun Belt,fbs,Norfolk State,MEAC,fcs,home,False,55.0,3.0,52.0,W
401405066,2022,1,2022-09-03,Maryland,Big Ten,fbs,Buffalo,Mid-American,fbs,home,False,31.0,10.0,21.0,W
401414778,2022,1,2022-09-03,Massachusetts,FBS Independents,fbs,Tulane,American Athletic,fbs,away,False,10.0,42.0,-32.0,L
401403861,2022,1,2022-09-03,Memphis,American Athletic,fbs,Mississippi State,SEC,fbs,away,False,23.0,49.0,-26.0,L
401411097,2022,1,2022-09-03,Miami,ACC,fbs,Bethune-Cookman,SWAC,fcs,home,False,70.0,13.0,57.0,W
401403859,2022,1,2022-09-03,Miami (OH),Mid-American,fbs,Kentucky,SEC,fbs,away,False,13.0,37.0,-24.0,L
401405067,2022,1,2022-09-03,Michigan,Big Ten,fbs,Colorado State,Mountain West,fbs,home,False,51.0,7.0,44.0,W
401426538,2022,1,2022-09-03,Middle Tennessee,Conference USA,fbs,James Madison,Sun Belt,fbs,away,False,7.0,44.0,-37.0,L
401403861,2022,1,2022-09-03,Mississippi State,SEC,fbs,Memphis,American Athletic,fbs,home,False,49.0,23.0,26.0,W
401411096,2022,1,2022-09-03,NC State,ACC,fbs,East Carolina,American Athletic,fbs,away,False,21.0,20.0,1.0,W
401415611,2022,1,2022-09-03,Navy,American Athletic,fbs,Delaware,CAA,fcs,home,False,7.0,14.0,-7.0,L
401405063,2022,1,2022-09-03,Nebraska,Big Ten,fbs,North Dakota,MVFC,fcs,home,False,38.0,17.0,21.0,W
401415212,2022,1,2022-09-03,Nevada,Mountain West,fbs,Texas State,Sun Belt,fbs,home,False,38.0,14.0,24.0,W
401415210,2022,1,2022-09-03,New Mexico,Mountain West,fbs,Maine,CAA,fcs,home,False,41.0,0.0,41.0,W
401411095,2022,1,2022-09-03,North Carolina,ACC,fbs,App State,Sun Belt,fbs,away,False,63.0,61.0,2.0,W
401426539,2022,1,2022-09-03,North Texas,Conference USA,fbs,SMU,American Athletic,fbs,home,False,10.0,48.0,-38.0,L
401404124,2022,1,2022-09-03,Notre Dame,FBS Independents,fbs,Ohio State,Big Ten,fbs,away,False,10.0,21.0,-11.0,L
401426536,2022,1,2022-09-03,Ohio,Mid-American,fbs,Florida Atlantic,Conference USA,fbs,home,False,41.0,38.0,3.0,W
401404124,2022,1,2022-09-03,Ohio State,Big Ten,fbs,Notre Dame,FBS Independents,fbs,home,False,21.0,10.0,11.0,W
401426541,2022,1,2022-09-03,Oklahoma,Big 12,fbs,UTEP,Conference USA,fbs,home,False,45.0,13.0,32.0,W
401403860,2022,1,2022-09-03,Ole Miss,SEC,fbs,Troy,Sun Belt,fbs,home,False,28.0,10.0,18.0,W
401403858,2022,1,2022-09-03,Oregon,Pac-12,fbs,Georgia,SEC,fbs,neutral,False,3.0,49.0,-46.0,L
401403969,2022,1,2022-09-03,Oregon State,Pac-12,fbs,Boise State,Mountain West,fbs,home,False,34.0,17.0,17.0,W
401426540,2022,1,2022-09-03,Rice,Conference USA,fbs,USC,Pac-12,fbs,away,False,14.0,66.0,-52.0,L
401405069,2022,1,2022-09-03,Rutgers,Big Ten,fbs,Boston College,ACC,fbs,away,False,22.0,21.0,1.0,W
401426539,2022,1,2022-09-03,SMU,American Athletic,fbs,North Texas,Conference USA,fbs,away,False,48.0,10.0,38.0,W
401403967,2022,1,2022-09-03,San Diego State,Mountain West,fbs,Arizona,Pac-12,fbs,home,False,20.0,38.0,-18.0,L
401421116,2022,1,2022-09-03,South Alabama,Sun Belt,fbs,Nicholls,Southland,fcs,home,False,48.0,7.0,41.0,W
401403863,2022,1,2022-09-03,South Carolina,SEC,fbs,Georgia State,Sun Belt,fbs,home,False,35.0,14.0,21.0,W
401415612,2022,1,2022-09-03,South Florida,American Athletic,fbs,BYU,FBS Independents,fbs,home,False,21.0,50.0,-29.0,L
401404157,2022,1,2022-09-03,Southern Miss,Sun Belt,fbs,Liberty,FBS Independents,fbs,home,False,27.0,29.0,-2.0,L
401403970,2022,1,2022-09-03,Stanford,Pac-12,fbs,Colgate,Patriot,fcs,home,False,41.0,10.0,31.0,W
401411099,2022,1,2022-09-03,Syracuse,ACC,fbs,Louisville,ACC,fbs,home,True,31.0,7.0,24.0,W
401404059,2022,1,2022-09-03,Texas,Big 12,fbs,UL Monroe,Sun Belt,fbs,home,False,52.0,10.0,42.0,W
401403865,2022,1,2022-09-03,Texas A&M,SEC,fbs,Sam Houston,Western Athletic,fcs,home,False,31.0,0.0,31.0,W
401415212,2022,1,2022-09-03,Texas State,Sun Belt,fbs,Nevada,Mountain West,fbs,away,False,14.0,38.0,-24.0,L
401404055,2022,1,2022-09-03,Texas Tech,Big 12,fbs,Murray State,OVC,fcs,home,False,63.0,10.0,53.0,W
401403860,2022,1,2022-09-03,Troy,Sun Belt,fbs,Ole Miss,SEC,fbs,away,False,10.0,28.0,-18.0,L
401414778,2022,1,2022-09-03,Tulane,American Athletic,fbs,Massachusetts,FBS Independents,fbs,home,False,42.0,10.0,32.0,W
401415211,2022,1,2022-09-03,Tulsa,American Athletic,fbs,Wyoming,Mountain West,fbs,away,False,37.0,40.0,-3.0,L
401403971,2022,1,2022-09-03,UCLA,Pac-12,fbs,Bowling Green,Mid-American,fbs,home,False,45.0,17.0,28.0,W
401404147,2022,1,2022-09-03,UConn,FBS Independents,fbs,Central Connecticut,NEC,fcs,home,False,28.0,3.0,25.0,W
401404059,2022,1,2022-09-03,UL Monroe,Sun Belt,fbs,Texas,Big 12,fbs,away,False,10.0,52.0,-42.0,L
401426540,2022,1,2022-09-03,USC,Pac-12,fbs,Rice,Conference USA,fbs,home,False,66.0,14.0,52.0,W
401426541,2022,1,2022-09-03,UTEP,Conference USA,fbs,Oklahoma,Big 12,fbs,away,False,13.0,45.0,-32.0,L
401426542,2022,1,2022-09-03,UTSA,Conference USA,fbs,Houston,American Athletic,fbs,home,False,35.0,37.0,-2.0,L
401403857,2022,1,2022-09-03,Utah,Pac-12,fbs,Florida,SEC,fbs,away,False,26.0,29.0,-3.0,L
401403854,2022,1,2022-09-03,Utah State,Mountain West,fbs,Alabama,SEC,fbs,away,False,0.0,55.0,-55.0,L
401403866,2022,1,2022-09-03,Vanderbilt,SEC,fbs,Elon,CAA,fcs,home,False,42.0,31.0,11.0,W
401411100,2022,1,2022-09-03,Virginia,ACC,fbs,Richmond,CAA,fcs,home,False,34.0,17.0,17.0,W
401403973,2022,1,2022-09-03,Washington,Pac-12,fbs,Kent State,Mid-American,fbs,home,False,45.0,20.0,25.0,W
401403974,2022,1,2022-09-03,Washington State,Pac-12,fbs,Idaho,Big Sky,fcs,home,False,24.0,17.0,7.0,W
401426543,2022,1,2022-09-03,Western Kentucky,Conference USA,fbs,Hawai'i,Mountain West,fbs,away,False,49.0,17.0,32.0,W
401405065,2022,1,2022-09-03,Wisconsin,Big Ten,fbs,Illinois State,MVFC,fcs,home,False,38.0,0.0,38.0,W
401415211,2022,1,2022-09-03,Wyoming,Mountain West,fbs,Tulsa,American Athletic,fbs,home,False,40.0,37.0,3.0,W
401403867,2022,1,2022-09-04,Florida State,ACC,fbs,LSU,SEC,fbs,neutral,False,24.0,23.0,1.0,W
401403867,2022,1,2022-09-04,LSU,SEC,fbs,Florida State,ACC,fbs,neutral,False,23.0,24.0,-1.0,L
401411101,2022,1,2022-09-05,Clemson,ACC,fbs,Georgia Tech,ACC,fbs,neutral,True,41.0,10.0,31.0,W
401411101,2022,1,2022-09-05,Georgia Tech,ACC,fbs,Clemson,ACC,fbs,neutral,True,10.0,41.0,-31.0,L
401415214,2022,2,2022-09-09,Boise State,Mountain West,fbs,New Mexico,Mountain West,fbs,away,True,31.0,14.0,17.0,W
401415613,2022,2,2022-09-09,Louisville,ACC,fbs,UCF,American Athletic,fbs,away,False,20.0,14.0,6.0,W
401415214,2022,2,2022-09-09,New Mexico,Mountain West,fbs,Boise State,Mountain West,fbs,home,True,14.0,31.0,-17.0,L
401415613,2022,2,2022-09-09,UCF,American Athletic,fbs,Louisville,ACC,fbs,home,False,14.0,20.0,-6.0,L
401403977,2022,2,2022-09-10,Air Force,Mountain West,fbs,Colorado,Pac-12,fbs,home,False,41.0,10.0,31.0,W
401405078,2022,2,2022-09-10,Akron,Mid-American,fbs,Michigan State,Big Ten,fbs,away,False,0.0,52.0,-52.0,L
401403868,2022,2,2022-09-10,Alabama,SEC,fbs,Texas,Big 12,fbs,away,False,20.0,19.0,1.0,W
401403878,2022,2,2022-09-10,App State,Sun Belt,fbs,Texas A&M,SEC,fbs,away,False,17.0,14.0,3.0,W
401403875,2022,2,2022-09-10,Arizona,Pac-12,fbs,Mississippi State,SEC,fbs,home,False,17.0,39.0,-22.0,L
401403975,2022,2,2022-09-10,Arizona State,Pac-12,fbs,Oklahoma State,Big 12,fbs,away,False,17.0,34.0,-17.0,L
401403869,2022,2,2022-09-10,Arkansas,SEC,fbs,South Carolina,SEC,fbs,home,True,44.0,30.0,14.0,W
401405079,2022,2,2022-09-10,Arkansas State,Sun Belt,fbs,Ohio State,Big Ten,fbs,away,False,12.0,45.0,-33.0,L
401426553,2022,2,2022-09-10,Army,FBS Independents,fbs,UTSA,Conference USA,fbs,home,False,38.0,41.0,-3.0,L
401403870,2022,2,2022-09-10,Auburn,SEC,fbs,San José State,Mountain West,fbs,home,False,24.0,16.0,8.0,W
401404062,2022,2,2022-09-10,BYU,FBS Independents,fbs,Baylor,Big 12,fbs,home,False,26.0,20.0,6.0,W
401416594,2022,2,2022-09-10,Ball State,Mid-American,fbs,Western Michigan,Mid-American,fbs,home,True,30.0,37.0,-7.0,L
401404062,2022,2,2022-09-10,Baylor,Big 12,fbs,BYU,FBS Independents,fbs,away,False,20.0,26.0,-6.0,L
401411108,2022,2,2022-09-10,Boston College,ACC,fbs,Virginia Tech,ACC,fbs,away,True,10.0,27.0,-17.0,L
401416595,2022,2,2022-09-10,Bowling Green,Mid-American,fbs,Eastern Kentucky,Atlantic Sun,fcs,home,False,57.0,59.0,-2.0,L
401416596,2022,2,2022-09-10,Buffalo,Mid-American,fbs,Holy Cross,Patriot,fcs,home,False,31.0,37.0,-6.0,L
401403976,2022,2,2022-09-10,California,Pac-12,fbs,UNLV,Mountain West,fbs,home,False,20.0,14.0,6.0,W
401416597,2022,2,2022-09-10,Central Michigan,Mid-American,fbs,South Alabama,Sun Belt,fbs,home,False,24.0,38.0,-14.0,L
401426545,2022,2,2022-09-10,Charlotte,Conference USA,fbs,Maryland,Big Ten,fbs,home,False,21.0,56.0,-35.0,L
401415619,2022,2,2022-09-10,Cincinnati,American Athletic,fbs,Kennesaw State,Atlantic Sun,fcs,home,False,63.0,10.0,53.0,W
401411102,2022,2,2022-09-10,Clemson,ACC,fbs,Furman,Southern,fcs,home,False,35.0,12.0,23.0,W
401426332,2022,2,2022-09-10,Coastal Carolina,Sun Belt,fbs,Gardner-Webb,Big South,fcs,home,False,31.0,27.0,4.0,W
401403977,2022,2,2022-09-10,Colorado,Pac-12,fbs,Air Force,Mountain West,fbs,away,False,10.0,41.0,-31.0,L
401426548,2022,2,2022-09-10,Colorado State,Mountain West,fbs,Middle Tennessee,Conference USA,fbs,home,False,19.0,34.0,-15.0,L
401405073,2022,2,2022-09-10,Duke,ACC,fbs,Northwestern,Big Ten,fbs,away,False,31.0,23.0,8.0,W
401415024,2022,2,2022-09-10,East Carolina,American Athletic,fbs,Old Dominion,Sun Belt,fbs,home,False,39.0,21.0,18.0,W
401416598,2022,2,2022-09-10,Eastern Michigan,Mid-American,fbs,Louisiana,Sun Belt,fbs,away,False,21.0,49.0,-28.0,L
401403871,2022,2,2022-09-10,Florida,SEC,fbs,Kentucky,SEC,fbs,home,True,16.0,26.0,-10.0,L
401426546,2022,2,2022-09-10,Florida Atlantic,Conference USA,fbs,SE Louisiana,Southland,fcs,home,False,42.0,9.0,33.0,W
401426544,2022,2,2022-09-10,Florida International,Conference USA,fbs,Texas State,Sun Belt,fbs,away,False,12.0,41.0,-29.0,L
401403979,2022,2,2022-09-10,Fresno State,Mountain West,fbs,Oregon State,Pac-12,fbs,home,False,32.0,35.0,-3.0,L
401403872,2022,2,2022-09-10,Georgia,SEC,fbs,Samford,Southern,fcs,home,False,33.0,0.0,33.0,W
401405072,2022,2,2022-09-10,Georgia Southern,Sun Belt,fbs,Nebraska,Big Ten,fbs,away,False,45.0,42.0,3.0,W
401411103,2022,2,2022-09-10,Georgia State,Sun Belt,fbs,North Carolina,ACC,fbs,home,False,28.0,35.0,-7.0,L
401411104,2022,2,2022-09-10,Georgia Tech,ACC,fbs,Western Carolina,Southern,fcs,home,False,35.0,17.0,18.0,W
401405077,2022,2,2022-09-10,Hawai'i,Mountain West,fbs,Michigan,Big Ten,fbs,away,False,10.0,56.0,-46.0,L
401404063,2022,2,2022-09-10,Houston,American Athletic,fbs,Texas Tech,Big 12,fbs,away,False,30.0,33.0,-3.0,L
401405070,2022,2,2022-09-10,Illinois,Big Ten,fbs,Virginia,ACC,fbs,home,False,24.0,3.0,21.0,W
401405075,2022,2,2022-09-10,Indiana,Big Ten,fbs,Idaho,Big Sky,fcs,home,False,35.0,22.0,13.0,W
401404064,2022,2,2022-09-10,Iowa,Big Ten,fbs,Iowa State,Big 12,fbs,home,False,7.0,10.0,-3.0,L
401404064,2022,2,2022-09-10,Iowa State,Big 12,fbs,Iowa,Big Ten,fbs,away,False,10.0,7.0,3.0,W
401420788,2022,2,2022-09-10,James Madison,Sun Belt,fbs,Norfolk State,MEAC,fcs,home,False,63.0,7.0,56.0,W
401404065,2022,2,2022-09-10,Kansas,Big 12,fbs,West Virginia,Big 12,fbs,away,True,55.0,42.0,13.0,W
401403876,2022,2,2022-09-10,Kansas State,Big 12,fbs,Missouri,SEC,fbs,home,False,40.0,12.0,28.0,W
401404066,2022,2,2022-09-10,Kent State,Mid-American,fbs,Oklahoma,Big 12,fbs,away,False,3.0,33.0,-30.0,L
401403871,2022,2,2022-09-10,Kentucky,SEC,fbs,Florida,SEC,fbs,away,True,26.0,16.0,10.0,W
401403873,2022,2,2022-09-10,LSU,SEC,fbs,Southern,SWAC,fcs,home,False,65.0,17.0,48.0,W
401426551,2022,2,2022-09-10,Liberty,FBS Independents,fbs,UAB,Conference USA,fbs,home,False,21.0,14.0,7.0,W
401416598,2022,2,2022-09-10,Louisiana,Sun Belt,fbs,Eastern Michigan,Mid-American,fbs,home,False,49.0,21.0,28.0,W
401426547,2022,2,2022-09-10,Louisiana Tech,Conference USA,fbs,Stephen F. Austin,Western Athletic,fcs,home,False,52.0,17.0,35.0,W
401404125,2022,2,2022-09-10,Marshall,Sun Belt,fbs,Notre Dame,FBS Independents,fbs,away,False,26.0,21.0,5.0,W
401426545,2022,2,2022-09-10,Maryland,Big Ten,fbs,Charlotte,Conference USA,fbs,away,False,56.0,21.0,35.0,W
401414779,2022,2,2022-09-10,Massachusetts,FBS Independents,fbs,Toledo,Mid-American,fbs,away,False,10.0,55.0,-45.0,L
401415617,2022,2,2022-09-10,Memphis,American Athletic,fbs,Navy,American Athletic,fbs,away,True,37.0,13.0,24.0,W
401411105,2022,2,2022-09-10,Miami,ACC,fbs,Southern Miss,Sun Belt,fbs,home,False,30.0,7.0,23.0,W
401416599,2022,2,2022-09-10,Miami (OH),Mid-American,fbs,Robert Morris,Big South,fcs,home,False,31.0,14.0,17.0,W
401405077,2022,2,2022-09-10,Michigan,Big Ten,fbs,Hawai'i,Mountain West,fbs,home,False,56.0,10.0,46.0,W
401405078,2022,2,2022-09-10,Michigan State,Big Ten,fbs,Akron,Mid-American,fbs,home,False,52.0,0.0,52.0,W
401426548,2022,2,2022-09-10,Middle Tennessee,Conference USA,fbs,Colorado State,Mountain West,fbs,away,False,34.0,19.0,15.0,W
401405071,2022,2,2022-09-10,Minnesota,Big Ten,fbs,Western Illinois,MVFC,fcs,home,False,62.0,10.0,52.0,W
401403875,2022,2,2022-09-10,Mississippi State,SEC,fbs,Arizona,Pac-12,fbs,away,False,39.0,17.0,22.0,W
401403876,2022,2,2022-09-10,Missouri,SEC,fbs,Kansas State,Big 12,fbs,away,False,12.0,40.0,-28.0,L
401411106,2022,2,2022-09-10,NC State,ACC,fbs,Charleston Southern,Big South,fcs,home,False,55.0,3.0,52.0,W
401415617,2022,2,2022-09-10,Navy,American Athletic,fbs,Memphis,American Athletic,fbs,home,True,13.0,37.0,-24.0,L
401405072,2022,2,2022-09-10,Nebraska,Big Ten,fbs,Georgia Southern,Sun Belt,fbs,home,False,42.0,45.0,-3.0,L
401415216,2022,2,2022-09-10,Nevada,Mountain West,fbs,Incarnate Word,Southland,fcs,home,False,41.0,55.0,-14.0,L
401426552,2022,2,2022-09-10,New Mexico State,FBS Independents,fbs,UTEP,Conference USA,fbs,away,False,13.0,20.0,-7.0,L
401411103,2022,2,2022-09-10,North Carolina,ACC,fbs,Georgia State,Sun Belt,fbs,away,False,35.0,28.0,7.0,W
401426549,2022,2,2022-09-10,North Texas,Conference USA,fbs,Texas Southern,SWAC,fcs,home,False,59.0,27.0,32.0,W
401415620,2022,2,2022-09-10,Northern Illinois,Mid-American,fbs,Tulsa,American Athletic,fbs,away,False,35.0,38.0,-3.0,L
401405073,2022,2,2022-09-10,Northwestern,Big Ten,fbs,Duke,ACC,fbs,home,False,23.0,31.0,-8.0,L
401404125,2022,2,2022-09-10,Notre Dame,FBS Independents,fbs,Marshall,Sun Belt,fbs,home,False,21.0,26.0,-5.0,L
401405080,2022,2,2022-09-10,Ohio,Mid-American,fbs,Penn State,Big Ten,fbs,away,False,10.0,46.0,-36.0,L
401405079,2022,2,2022-09-10,Ohio State,Big Ten,fbs,Arkansas State,Sun Belt,fbs,home,False,45.0,12.0,33.0,W
401404066,2022,2,2022-09-10,Oklahoma,Big 12,fbs,Kent State,Mid-American,fbs,home,False,33.0,3.0,30.0,W
401403975,2022,2,2022-09-10,Oklahoma State,Big 12,fbs,Arizona State,Pac-12,fbs,home,False,34.0,17.0,17.0,W
401415024,2022,2,2022-09-10,Old Dominion,Sun Belt,fbs,East Carolina,American Athletic,fbs,away,False,21.0,39.0,-18.0,L
401403874,2022,2,2022-09-10,Ole Miss,SEC,fbs,Central Arkansas,Atlantic Sun,fcs,home,False,59.0,3.0,56.0,W
401403978,2022,2,2022-09-10,Oregon,Pac-12,fbs,Eastern Washington,Big Sky,fcs,home,False,70.0,14.0,56.0,W
401403979,2022,2,2022-09-10,Oregon State,Pac-12,fbs,Fresno State,Mountain West,fbs,away,False,35.0,32.0,3.0,W
401405080,2022,2,2022-09-10,Penn State,Big Ten,fbs,Ohio,Mid-American,fbs,home,False,46.0,10.0,36.0,W
401403877,2022,2,2022-09-10,Pittsburgh,ACC,fbs,Tennessee,SEC,fbs,home,False,27.0,34.0,-7.0,L
401405074,2022,2,2022-09-10,Purdue,Big Ten,fbs,Indiana State,MVFC,fcs,home,False,56.0,0.0,56.0,W
401426550,2022,2,2022-09-10,Rice,Conference USA,fbs,McNeese,Southland,fcs,home,False,52.0,10.0,42.0,W
401405081,2022,2,2022-09-10,Rutgers,Big Ten,fbs,Wagner,NEC,fcs,home,False,66.0,7.0,59.0,W
401415616,2022,2,2022-09-10,SMU,American Athletic,fbs,Lamar,Southland,fcs,home,False,45.0,16.0,29.0,W
401413257,2022,2,2022-09-10,San Diego State,Mountain West,fbs,Idaho State,Big Sky,fcs,home,False,38.0,7.0,31.0,W
401403870,2022,2,2022-09-10,San José State,Mountain West,fbs,Auburn,SEC,fbs,away,False,16.0,24.0,-8.0,L
401416597,2022,2,2022-09-10,South Alabama,Sun Belt,fbs,Central Michigan,Mid-American,fbs,away,False,38.0,24.0,14.0,W
401403869,2022,2,2022-09-10,South Carolina,SEC,fbs,Arkansas,SEC,fbs,away,True,30.0,44.0,-14.0,L
401415618,2022,2,2022-09-10,South Florida,American Athletic,fbs,Howard,MEAC,fcs,home,False,42.0,20.0,22.0,W
401411105,2022,2,2022-09-10,Southern Miss,Sun Belt,fbs,Miami,ACC,fbs,away,False,7.0,30.0,-23.0,L
401403980,2022,2,2022-09-10,Stanford,Pac-12,fbs,USC,Pac-12,fbs,home,True,28.0,41.0,-13.0,L
401404148,2022,2,2022-09-10,Syracuse,ACC,fbs,UConn,FBS Independents,fbs,away,False,48.0,14.0,34.0,W
401404067,2022,2,2022-09-10,TCU,Big 12,fbs,Tarleton State,Western Athletic,fcs,home,False,59.0,17.0,42.0,W
401415614,2022,2,2022-09-10,Temple,American Athletic,fbs,Lafayette,Patriot,fcs,home,False,30.0,14.0,16.0,W
401403877,2022,2,2022-09-10,Tennessee,SEC,fbs,Pittsburgh,ACC,fbs,away,False,34.0,27.0,7.0,W
401403868,2022,2,2022-09-10,Texas,Big 12,fbs,Alabama,SEC,fbs,home,False,19.0,20.0,-1.0,L
401403878,2022,2,2022-09-10,Texas A&M,SEC,fbs,App State,Sun Belt,fbs,home,False,14.0,17.0,-3.0,L
401426544,2022,2,2022-09-10,Texas State,Sun Belt,fbs,Florida International,Conference USA,fbs,home,False,41.0,12.0,29.0,W
401404063,2022,2,2022-09-10,Texas Tech,Big 12,fbs,Houston,American Athletic,fbs,home,False,33.0,30.0,3.0,W
401414779,2022,2,2022-09-10,Toledo,Mid-American,fbs,Massachusetts,FBS Independents,fbs,home,False,55.0,10.0,45.0,W
401423439,2022,2,2022-09-10,Troy,Sun Belt,fbs,Alabama A&M,SWAC,fcs,home,False,38.0,17.0,21.0,W
401415615,2022,2,2022-09-10,Tulane,American Athletic,fbs,Alcorn State,SWAC,fcs,home,False,52.0,0.0,52.0,W
401415620,2022,2,2022-09-10,Tulsa,American Athletic,fbs,Northern Illinois,Mid-American,fbs,home,False,38.0,35.0,3.0,W
401426551,2022,2,2022-09-10,UAB,Conference USA,fbs,Liberty,FBS Independents,fbs,away,False,14.0,21.0,-7.0,L
401403981,2022,2,2022-09-10,UCLA,Pac-12,fbs,Alabama State,SWAC,fcs,home,False,45.0,7.0,38.0,W
401404148,2022,2,2022-09-10,UConn,FBS Independents,fbs,Syracuse,ACC,fbs,home,False,14.0,48.0,-34.0,L
401421117,2022,2,2022-09-10,UL Monroe,Sun Belt,fbs,Nicholls,Southland,fcs,home,False,35.0,7.0,28.0,W
401403976,2022,2,2022-09-10,UNLV,Mountain West,fbs,California,Pac-12,fbs,away,False,14.0,20.0,-6.0,L
401403980,2022,2,2022-09-10,USC,Pac-12,fbs,Stanford,Pac-12,fbs,away,True,41.0,28.0,13.0,W
401426552,2022,2,2022-09-10,UTEP,Conference USA,fbs,New Mexico State,FBS Independents,fbs,home,False,20.0,13.0,7.0,W
401426553,2022,2,2022-09-10,UTSA,Conference USA,fbs,Army,FBS Independents,fbs,away,False,41.0,38.0,3.0,W
401403982,2022,2,2022-09-10,Utah,Pac-12,fbs,Southern Utah,Western Athletic,fcs,home,False,73.0,7.0,66.0,W
401415215,2022,2,2022-09-10,Utah State,Mountain West,fbs,Weber State,Big Sky,fcs,home,False,7.0,35.0,-28.0,L
401403879,2022,2,2022-09-10,Vanderbilt,SEC,fbs,Wake Forest,ACC,fbs,home,False,25.0,45.0,-20.0,L
401405070,2022,2,2022-09-10,Virginia,ACC,fbs,Illinois,Big Ten,fbs,away,False,3.0,24.0,-21.0,L
401411108,2022,2,2022-09-10,Virginia Tech,ACC,fbs,Boston College,ACC,fbs,home,True,27.0,10.0,17.0,W
401403879,2022,2,2022-09-10,Wake Forest,ACC,fbs,Vanderbilt,SEC,fbs,away,False,45.0,25.0,20.0,W
401403983,2022,2,2022-09-10,Washington,Pac-12,fbs,Portland State,Big Sky,fcs,home,False,52.0,6.0,46.0,W
401403984,2022,2,2022-09-10,Washington State,Pac-12,fbs,Wisconsin,Big Ten,fbs,away,False,17.0,14.0,3.0,W
401404065,2022,2,2022-09-10,West Virginia,Big 12,fbs,Kansas,Big 12,fbs,home,True,42.0,55.0,-13.0,L
401416594,2022,2,2022-09-10,Western Michigan,Mid-American,fbs,Ball State,Mid-American,fbs,away,True,37.0,30.0,7.0,W
401403984,2022,2,2022-09-10,Wisconsin,Big Ten,fbs,Washington State,Pac-12,fbs,home,False,14.0,17.0,-3.0,L
401415177,2022,2,2022-09-10,Wyoming,Mountain West,fbs,Northern Colorado,Big Sky,fcs,home,False,33.0,10.0,23.0,W
401415217,2022,3,2022-09-16,Air Force,Mountain West,fbs,Wyoming,Mountain West,fbs,away,True,14.0,17.0,-3.0,L
401411109,2022,3,2022-09-16,Florida State,ACC,fbs,Louisville,ACC,fbs,away,True,35.0,31.0,4.0,W
401411109,2022,3,2022-09-16,Louisville,ACC,fbs,Florida State,ACC,fbs,home,True,31.0,35.0,-4.0,L
401415217,2022,3,2022-09-16,Wyoming,Mountain West,fbs,Air Force,Mountain West,fbs,home,True,17.0,14.0,3.0,W
401403889,2022,3,2022-09-17,Akron,Mid-American,fbs,Tennessee,SEC,fbs,away,False,6.0,63.0,-57.0,L
401403880,2022,3,2022-09-17,Alabama,SEC,fbs,UL Monroe,Sun Belt,fbs,home,False,63.0,7.0,56.0,W
401426333,2022,3,2022-09-17,App State,Sun Belt,fbs,Troy,Sun Belt,fbs,home,True,32.0,28.0,4.0,W
401403985,2022,3,2022-09-17,Arizona,Pac-12,fbs,North Dakota State,MVFC,fcs,home,False,31.0,28.0,3.0,W
401403986,2022,3,2022-09-17,Arizona State,Pac-12,fbs,Eastern Michigan,Mid-American,fbs,home,False,21.0,30.0,-9.0,L
401403881,2022,3,2022-09-17,Arkansas,SEC,fbs,Missouri State,MVFC,fcs,home,False,38.0,27.0,11.0,W
401415622,2022,3,2022-09-17,Arkansas State,Sun Belt,fbs,Memphis,American Athletic,fbs,away,False,32.0,44.0,-12.0,L
401404136,2022,3,2022-09-17,Army,FBS Independents,fbs,Villanova,CAA,fcs,home,False,49.0,10.0,39.0,W
401403882,2022,3,2022-09-17,Auburn,SEC,fbs,Penn State,Big Ten,fbs,home,False,12.0,41.0,-29.0,L
401403989,2022,3,2022-09-17,BYU,FBS Independents,fbs,Oregon,Pac-12,fbs,away,False,20.0,41.0,-21.0,L
401416600,2022,3,2022-09-17,Ball State,Mid-American,fbs,Murray State,OVC,fcs,home,False,31.0,0.0,31.0,W
401404071,2022,3,2022-09-17,Baylor,Big 12,fbs,Texas State,Sun Belt,fbs,home,False,42.0,7.0,35.0,W
401415218,2022,3,2022-09-17,Boise State,Mountain West,fbs,UT Martin,OVC,fcs,home,False,30.0,7.0,23.0,W
401411110,2022,3,2022-09-17,Boston College,ACC,fbs,Maine,CAA,fcs,home,False,38.0,17.0,21.0,W
401415029,2022,3,2022-09-17,Bowling Green,Mid-American,fbs,Marshall,Sun Belt,fbs,home,False,34.0,31.0,3.0,W
401416601,2022,3,2022-09-17,Buffalo,Mid-American,fbs,Coastal Carolina,Sun Belt,fbs,away,False,26.0,38.0,-12.0,L
401403987,2022,3,2022-09-17,California,Pac-12,fbs,Notre Dame,FBS Independents,fbs,away,False,17.0,24.0,-7.0,L
401416602,2022,3,2022-09-17,Central Michigan,Mid-American,fbs,Bucknell,Patriot,fcs,home,False,41.0,0.0,41.0,W
401426554,2022,3,2022-09-17,Charlotte,Conference USA,fbs,Georgia State,Sun Belt,fbs,away,False,42.0,41.0,1.0,W
401415623,2022,3,2022-09-17,Cincinnati,American Athletic,fbs,Miami (OH),Mid-American,fbs,neutral,False,38.0,17.0,21.0,W
401426556,2022,3,2022-09-17,Clemson,ACC,fbs,Louisiana Tech,Conference USA,fbs,home,False,48.0,20.0,28.0,W
401416601,2022,3,2022-09-17,Coastal Carolina,Sun Belt,fbs,Buffalo,Mid-American,fbs,home,False,38.0,26.0,12.0,W
401403988,2022,3,2022-09-17,Colorado,Pac-12,fbs,Minnesota,Big Ten,fbs,away,False,7.0,49.0,-42.0,L
401403995,2022,3,2022-09-17,Colorado State,Mountain West,fbs,Washington State,Pac-12,fbs,away,False,7.0,38.0,-31.0,L
401411112,2022,3,2022-09-17,Duke,ACC,fbs,North Carolina A&T,Big South,fcs,home,False,49.0,20.0,29.0,W
401415621,2022,3,2022-09-17,East Carolina,American Athletic,fbs,Campbell,Big South,fcs,home,False,49.0,10.0,39.0,W
401403986,2022,3,2022-09-17,Eastern Michigan,Mid-American,fbs,Arizona State,Pac-12,fbs,away,False,30.0,21.0,9.0,W
401403883,2022,3,2022-09-17,Florida,SEC,fbs,South Florida,American Athletic,fbs,home,False,31.0,28.0,3.0,W
401426555,2022,3,2022-09-17,Florida Atlantic,Conference USA,fbs,UCF,American Athletic,fbs,home,False,14.0,40.0,-26.0,L
401403992,2022,3,2022-09-17,Fresno State,Mountain West,fbs,USC,Pac-12,fbs,away,False,17.0,45.0,-28.0,L
401403888,2022,3,2022-09-17,Georgia,SEC,fbs,South Carolina,SEC,fbs,away,True,48.0,7.0,41.0,W
401426560,2022,3,2022-09-17,Georgia Southern,Sun Belt,fbs,UAB,Conference USA,fbs,away,False,21.0,35.0,-14.0,L
401426554,2022,3,2022-09-17,Georgia State,Sun Belt,fbs,Charlotte,Conference USA,fbs,home,False,41.0,42.0,-1.0,L
401403886,2022,3,2022-09-17,Georgia Tech,ACC,fbs,Ole Miss,SEC,fbs,home,False,0.0,42.0,-42.0,L
401415219,2022,3,2022-09-17,Hawai'i,Mountain West,fbs,Duquesne,NEC,fcs,home,False,24.0,14.0,10.0,W
401404068,2022,3,2022-09-17,Houston,American Athletic,fbs,Kansas,Big 12,fbs,home,False,30.0,48.0,-18.0,L
401426563,2022,3,2022-09-17,Indiana,Big Ten,fbs,Western Kentucky,Conference USA,fbs,home,False,33.0,30.0,3.0,W
401405082,2022,3,2022-09-17,Iowa,Big Ten,fbs,Nevada,Mountain West,fbs,home,False,27.0,0.0,27.0,W
401404069,2022,3,2022-09-17,Iowa State,Big 12,fbs,Ohio,Mid-American,fbs,home,False,43.0,10.0,33.0,W
401404068,2022,3,2022-09-17,Kansas,Big 12,fbs,Houston,American Athletic,fbs,away,False,48.0,30.0,18.0,W
401404074,2022,3,2022-09-17,Kansas State,Big 12,fbs,Tulane,American Athletic,fbs,home,False,10.0,17.0,-7.0,L
401416603,2022,3,2022-09-17,Kent State,Mid-American,fbs,Long Island University,NEC,fcs,home,False,63.0,10.0,53.0,W
401403884,2022,3,2022-09-17,Kentucky,SEC,fbs,Youngstown State,MVFC,fcs,home,False,31.0,0.0,31.0,W
401403885,2022,3,2022-09-17,LSU,SEC,fbs,Mississippi State,SEC,fbs,home,True,31.0,16.0,15.0,W
401404159,2022,3,2022-09-17,Liberty,FBS Independents,fbs,Wake Forest,ACC,fbs,away,False,36.0,37.0,-1.0,L
401426559,2022,3,2022-09-17,Louisiana,Sun Belt,fbs,Rice,Conference USA,fbs,away,False,21.0,33.0,-12.0,L
401426556,2022,3,2022-09-17,Louisiana Tech,Conference USA,fbs,Clemson,ACC,fbs,away,False,20.0,48.0,-28.0,L
401415029,2022,3,2022-09-17,Marshall,Sun Belt,fbs,Bowling Green,Mid-American,fbs,away,False,31.0,34.0,-3.0,L
401405087,2022,3,2022-09-17,Maryland,Big Ten,fbs,SMU,American Athletic,fbs,home,False,34.0,27.0,7.0,W
401414780,2022,3,2022-09-17,Massachusetts,FBS Independents,fbs,Stony Brook,CAA,fcs,home,False,20.0,3.0,17.0,W
401415622,2022,3,2022-09-17,Memphis,American Athletic,fbs,Arkansas State,Sun Belt,fbs,home,False,44.0,32.0,12.0,W
401403890,2022,3,2022-09-17,Miami,ACC,fbs,Texas A&M,SEC,fbs,away,False,9.0,17.0,-8.0,L
401415623,2022,3,2022-09-17,Miami (OH),Mid-American,fbs,Cincinnati,American Athletic,fbs,neutral,False,17.0,38.0,-21.0,L
401404149,2022,3,2022-09-17,Michigan,Big Ten,fbs,UConn,FBS Independents,fbs,home,False,59.0,0.0,59.0,W
401403994,2022,3,2022-09-17,Michigan State,Big Ten,fbs,Washington,Pac-12,fbs,away,False,28.0,39.0,-11.0,L
401426557,2022,3,2022-09-17,Middle Tennessee,Conference USA,fbs,Tennessee State,OVC,fcs,home,False,49.0,6.0,43.0,W
401403988,2022,3,2022-09-17,Minnesota,Big Ten,fbs,Colorado,Pac-12,fbs,home,False,49.0,7.0,42.0,W
401403885,2022,3,2022-09-17,Mississippi State,SEC,fbs,LSU,SEC,fbs,away,True,16.0,31.0,-15.0,L
401403887,2022,3,2022-09-17,Missouri,SEC,fbs,Abilene Christian,Western Athletic,fcs,home,False,34.0,17.0,17.0,W
401404072,2022,3,2022-09-17,NC State,ACC,fbs,Texas Tech,Big 12,fbs,home,False,27.0,14.0,13.0,W
401404070,2022,3,2022-09-17,Nebraska,Big Ten,fbs,Oklahoma,Big 12,fbs,home,False,14.0,49.0,-35.0,L
401405082,2022,3,2022-09-17,Nevada,Mountain West,fbs,Iowa,Big Ten,fbs,away,False,0.0,27.0,-27.0,L
401426561,2022,3,2022-09-17,New Mexico,Mountain West,fbs,UTEP,Conference USA,fbs,home,False,27.0,10.0,17.0,W
401405085,2022,3,2022-09-17,New Mexico State,FBS Independents,fbs,Wisconsin,Big Ten,fbs,away,False,7.0,66.0,-59.0,L
401426558,2022,3,2022-09-17,North Texas,Conference USA,fbs,UNLV,Mountain West,fbs,away,False,27.0,58.0,-31.0,L
401403891,2022,3,2022-09-17,Northern Illinois,Mid-American,fbs,Vanderbilt,SEC,fbs,home,False,28.0,38.0,-10.0,L
401405083,2022,3,2022-09-17,Northwestern,Big Ten,fbs,Southern Illinois,MVFC,fcs,home,False,24.0,31.0,-7.0,L
401403987,2022,3,2022-09-17,Notre Dame,FBS Independents,fbs,California,Pac-12,fbs,home,False,24.0,17.0,7.0,W
401404069,2022,3,2022-09-17,Ohio,Mid-American,fbs,Iowa State,Big 12,fbs,away,False,10.0,43.0,-33.0,L
401405088,2022,3,2022-09-17,Ohio State,Big Ten,fbs,Toledo,Mid-American,fbs,home,False,77.0,21.0,56.0,W
401404070,2022,3,2022-09-17,Oklahoma,Big 12,fbs,Nebraska,Big Ten,fbs,away,False,49.0,14.0,35.0,W
401404075,2022,3,2022-09-17,Oklahoma State,Big 12,fbs,Arkansas-Pine Bluff,SWAC,fcs,home,False,63.0,7.0,56.0,W
401411113,2022,3,2022-09-17,Old Dominion,Sun Belt,fbs,Virginia,ACC,fbs,away,False,14.0,16.0,-2.0,L
401403886,2022,3,2022-09-17,Ole Miss,SEC,fbs,Georgia Tech,ACC,fbs,away,False,42.0,0.0,42.0,W
401403989,2022,3,2022-09-17,Oregon,Pac-12,fbs,BYU,FBS Independents,fbs,home,False,41.0,20.0,21.0,W
401403990,2022,3,2022-09-17,Oregon State,Pac-12,fbs,Montana State,Big Sky,fcs,neutral,False,68.0,28.0,40.0,W
401403882,2022,3,2022-09-17,Penn State,Big Ten,fbs,Auburn,SEC,fbs,away,False,41.0,12.0,29.0,W
401411115,2022,3,2022-09-17,Pittsburgh,ACC,fbs,Western Michigan,Mid-American,fbs,away,False,34.0,13.0,21.0,W
401405084,2022,3,2022-09-17,Purdue,Big Ten,fbs,Syracuse,ACC,fbs,away,False,29.0,32.0,-3.0,L
401426559,2022,3,2022-09-17,Rice,Conference USA,fbs,Louisiana,Sun Belt,fbs,home,False,33.0,21.0,12.0,W
401405089,2022,3,2022-09-17,Rutgers,Big Ten,fbs,Temple,American Athletic,fbs,away,False,16.0,14.0,2.0,W
401405087,2022,3,2022-09-17,SMU,American Athletic,fbs,Maryland,Big Ten,fbs,away,False,27.0,34.0,-7.0,L
401403993,2022,3,2022-09-17,San Diego State,Mountain West,fbs,Utah,Pac-12,fbs,away,False,7.0,35.0,-28.0,L
401403991,2022,3,2022-09-17,South Alabama,Sun Belt,fbs,UCLA,Pac-12,fbs,away,False,31.0,32.0,-1.0,L
401403888,2022,3,2022-09-17,South Carolina,SEC,fbs,Georgia,SEC,fbs,home,True,7.0,48.0,-41.0,L
401403883,2022,3,2022-09-17,South Florida,American Athletic,fbs,Florida,SEC,fbs,away,False,28.0,31.0,-3.0,L
401415032,2022,3,2022-09-17,Southern Miss,Sun Belt,fbs,Northwestern State,Southland,fcs,home,False,64.0,10.0,54.0,W
401405084,2022,3,2022-09-17,Syracuse,ACC,fbs,Purdue,Big Ten,fbs,home,False,32.0,29.0,3.0,W
401405089,2022,3,2022-09-17,Temple,American Athletic,fbs,Rutgers,Big Ten,fbs,home,False,14.0,16.0,-2.0,L
401403889,2022,3,2022-09-17,Tennessee,SEC,fbs,Akron,Mid-American,fbs,home,False,63.0,6.0,57.0,W
401426562,2022,3,2022-09-17,Texas,Big 12,fbs,UTSA,Conference USA,fbs,home,False,41.0,20.0,21.0,W
401403890,2022,3,2022-09-17,Texas A&M,SEC,fbs,Miami,ACC,fbs,home,False,17.0,9.0,8.0,W
401404071,2022,3,2022-09-17,Texas State,Sun Belt,fbs,Baylor,Big 12,fbs,away,False,7.0,42.0,-35.0,L
401404072,2022,3,2022-09-17,Texas Tech,Big 12,fbs,NC State,ACC,fbs,away,False,14.0,27.0,-13.0,L
401405088,2022,3,2022-09-17,Toledo,Mid-American,fbs,Ohio State,Big Ten,fbs,away,False,21.0,77.0,-56.0,L
401426333,2022,3,2022-09-17,Troy,Sun Belt,fbs,App State,Sun Belt,fbs,away,True,28.0,32.0,-4.0,L
401404074,2022,3,2022-09-17,Tulane,American Athletic,fbs,Kansas State,Big 12,fbs,away,False,17.0,10.0,7.0,W
401413216,2022,3,2022-09-17,Tulsa,American Athletic,fbs,Jacksonville State,Atlantic Sun,fcs,home,False,54.0,17.0,37.0,W
401426560,2022,3,2022-09-17,UAB,Conference USA,fbs,Georgia Southern,Sun Belt,fbs,home,False,35.0,21.0,14.0,W
401426555,2022,3,2022-09-17,UCF,American Athletic,fbs,Florida Atlantic,Conference USA,fbs,away,False,40.0,14.0,26.0,W
401403991,2022,3,2022-09-17,UCLA,Pac-12,fbs,South Alabama,Sun Belt,fbs,home,False,32.0,31.0,1.0,W
401404149,2022,3,2022-09-17,UConn,FBS Independents,fbs,Michigan,Big Ten,fbs,away,False,0.0,59.0,-59.0,L
401403880,2022,3,2022-09-17,UL Monroe,Sun Belt,fbs,Alabama,SEC,fbs,away,False,7.0,63.0,-56.0,L
401426558,2022,3,2022-09-17,UNLV,Mountain West,fbs,North Texas,Conference USA,fbs,home,False,58.0,27.0,31.0,W
401403992,2022,3,2022-09-17,USC,Pac-12,fbs,Fresno State,Mountain West,fbs,home,False,45.0,17.0,28.0,W
401426561,2022,3,2022-09-17,UTEP,Conference USA,fbs,New Mexico,Mountain West,fbs,away,False,10.0,27.0,-17.0,L
401426562,2022,3,2022-09-17,UTSA,Conference USA,fbs,Texas,Big 12,fbs,away,False,20.0,41.0,-21.0,L
401403993,2022,3,2022-09-17,Utah,Pac-12,fbs,San Diego State,Mountain West,fbs,home,False,35.0,7.0,28.0,W
401403891,2022,3,2022-09-17,Vanderbilt,SEC,fbs,Northern Illinois,Mid-American,fbs,away,False,38.0,28.0,10.0,W
401411113,2022,3,2022-09-17,Virginia,ACC,fbs,Old Dominion,Sun Belt,fbs,home,False,16.0,14.0,2.0,W
401411114,2022,3,2022-09-17,Virginia Tech,ACC,fbs,Wofford,Southern,fcs,home,False,27.0,7.0,20.0,W
401404159,2022,3,2022-09-17,Wake Forest,ACC,fbs,Liberty,FBS Independents,fbs,home,False,37.0,36.0,1.0,W
401403994,2022,3,2022-09-17,Washington,Pac-12,fbs,Michigan State,Big Ten,fbs,home,False,39.0,28.0,11.0,W
401403995,2022,3,2022-09-17,Washington State,Pac-12,fbs,Colorado State,Mountain West,fbs,home,False,38.0,7.0,31.0,W
401404073,2022,3,2022-09-17,West Virginia,Big 12,fbs,Towson,CAA,fcs,home,False,65.0,7.0,58.0,W
401426563,2022,3,2022-09-17,Western Kentucky,Conference USA,fbs,Indiana,Big Ten,fbs,away,False,30.0,33.0,-3.0,L
401411115,2022,3,2022-09-17,Western Michigan,Mid-American,fbs,Pittsburgh,ACC,fbs,home,False,13.0,34.0,-21.0,L
401405085,2022,3,2022-09-17,Wisconsin,Big Ten,fbs,New Mexico State,FBS Independents,fbs,home,False,66.0,7.0,59.0,W
401426334,2022,4,2022-09-22,Coastal Carolina,Sun Belt,fbs,Georgia State,Sun Belt,fbs,away,True,41.0,24.0,17.0,W
401426334,2022,4,2022-09-22,Georgia State,Sun Belt,fbs,Coastal Carolina,Sun Belt,fbs,home,True,24.0,41.0,-17.0,L
401421129,2022,4,2022-09-22,Illinois,Big Ten,fbs,Chattanooga,Southern,fcs,home,False,31.0,0.0,31.0,W
401411116,2022,4,2022-09-22,Virginia Tech,ACC,fbs,West Virginia,Big 12,fbs,home,False,10.0,33.0,-23.0,L
401411116,2022,4,2022-09-22,West Virginia,Big 12,fbs,Virginia Tech,ACC,fbs,away,False,33.0,10.0,23.0,W
401415220,2022,4,2022-09-23,Air Force,Mountain West,fbs,Nevada,Mountain West,fbs,home,True,48.0,20.0,28.0,W
401426571,2022,4,2022-09-23,Boise State,Mountain West,fbs,UTEP,Conference USA,fbs,away,False,10.0,27.0,-17.0,L
401415220,2022,4,2022-09-23,Nevada,Mountain West,fbs,Air Force,Mountain West,fbs,away,True,20.0,48.0,-28.0,L
401411117,2022,4,2022-09-23,Syracuse,ACC,fbs,Virginia,ACC,fbs,home,True,22.0,20.0,2.0,W
401426571,2022,4,2022-09-23,UTEP,Conference USA,fbs,Boise State,Mountain West,fbs,home,False,27.0,10.0,17.0,W
401411117,2022,4,2022-09-23,Virginia,ACC,fbs,Syracuse,ACC,fbs,away,True,20.0,22.0,-2.0,L
401404160,2022,4,2022-09-24,Akron,Mid-American,fbs,Liberty,FBS Independents,fbs,away,False,12.0,21.0,-9.0,L
401403892,2022,4,2022-09-24,Alabama,SEC,fbs,Vanderbilt,SEC,fbs,home,True,55.0,3.0,52.0,W
401415037,2022,4,2022-09-24,App State,Sun Belt,fbs,James Madison,Sun Belt,fbs,home,True,28.0,32.0,-4.0,L
401403996,2022,4,2022-09-24,Arizona,Pac-12,fbs,California,Pac-12,fbs,away,True,31.0,49.0,-18.0,L
401403997,2022,4,2022-09-24,Arizona State,Pac-12,fbs,Utah,Pac-12,fbs,home,True,13.0,34.0,-21.0,L
401403893,2022,4,2022-09-24,Arkansas,SEC,fbs,Texas A&M,SEC,fbs,neutral,True,21.0,23.0,-2.0,L
401426335,2022,4,2022-09-24,Arkansas State,Sun Belt,fbs,Old Dominion,Sun Belt,fbs,away,True,26.0,29.0,-3.0,L
401403894,2022,4,2022-09-24,Auburn,SEC,fbs,Missouri,SEC,fbs,home,True,17.0,14.0,3.0,W
401415223,2022,4,2022-09-24,BYU,FBS Independents,fbs,Wyoming,Mountain West,fbs,home,False,38.0,24.0,14.0,W
401416605,2022,4,2022-09-24,Ball State,Mid-American,fbs,Georgia Southern,Sun Belt,fbs,away,False,23.0,34.0,-11.0,L
401404080,2022,4,2022-09-24,Baylor,Big 12,fbs,Iowa State,Big 12,fbs,away,True,31.0,24.0,7.0,W
401411118,2022,4,2022-09-24,Boston College,ACC,fbs,Florida State,ACC,fbs,away,True,14.0,44.0,-30.0,L
401403899,2022,4,2022-09-24,Bowling Green,Mid-American,fbs,Mississippi State,SEC,fbs,away,False,14.0,45.0,-31.0,L
401416604,2022,4,2022-09-24,Buffalo,Mid-American,fbs,Eastern Michigan,Mid-American,fbs,away,True,50.0,31.0,19.0,W
401403996,2022,4,2022-09-24,California,Pac-12,fbs,Arizona,Pac-12,fbs,home,True,49.0,31.0,18.0,W
401405098,2022,4,2022-09-24,Central Michigan,Mid-American,fbs,Penn State,Big Ten,fbs,away,False,14.0,33.0,-19.0,L
401426564,2022,4,2022-09-24,Charlotte,Conference USA,fbs,South Carolina,SEC,fbs,away,False,20.0,56.0,-36.0,L
401405096,2022,4,2022-09-24,Cincinnati,American Athletic,fbs,Indiana,Big Ten,fbs,home,False,45.0,24.0,21.0,W
401411123,2022,4,2022-09-24,Clemson,ACC,fbs,Wake Forest,ACC,fbs,away,True,51.0,45.0,6.0,W
401403998,2022,4,2022-09-24,Colorado,Pac-12,fbs,UCLA,Pac-12,fbs,home,True,17.0,45.0,-28.0,L
401415221,2022,4,2022-09-24,Colorado State,Mountain West,fbs,Sacramento State,Big Sky,fcs,home,False,10.0,41.0,-31.0,L
401404079,2022,4,2022-09-24,Duke,ACC,fbs,Kansas,Big 12,fbs,away,False,27.0,35.0,-8.0,L
401415624,2022,4,2022-09-24,East Carolina,American Athletic,fbs,Navy,American Athletic,fbs,home,True,20.0,23.0,-3.0,L
401416604,2022,4,2022-09-24,Eastern Michigan,Mid-American,fbs,Buffalo,Mid-American,fbs,home,True,31.0,50.0,-19.0,L
401403901,2022,4,2022-09-24,Florida,SEC,fbs,Tennessee,SEC,fbs,away,True,33.0,38.0,-5.0,L
401426566,2022,4,2022-09-24,Florida Atlantic,Conference USA,fbs,Purdue,Big Ten,fbs,away,False,26.0,28.0,-2.0,L
401426565,2022,4,2022-09-24,Florida International,Conference USA,fbs,Western Kentucky,Conference USA,fbs,away,True,0.0,73.0,-73.0,L
401411118,2022,4,2022-09-24,Florida State,ACC,fbs,Boston College,ACC,fbs,home,True,44.0,14.0,30.0,W
401403895,2022,4,2022-09-24,Georgia,SEC,fbs,Kent State,Mid-American,fbs,home,False,39.0,22.0,17.0,W
401416605,2022,4,2022-09-24,Georgia Southern,Sun Belt,fbs,Ball State,Mid-American,fbs,home,False,34.0,23.0,11.0,W
401411122,2022,4,2022-09-24,Georgia Tech,ACC,fbs,UCF,American Athletic,fbs,away,False,10.0,27.0,-17.0,L
401409237,2022,4,2022-09-24,Hawai'i,Mountain West,fbs,New Mexico State,FBS Independents,fbs,away,False,26.0,45.0,-19.0,L
401426570,2022,4,2022-09-24,Houston,American Athletic,fbs,Rice,Conference USA,fbs,home,False,34.0,27.0,7.0,W
401405096,2022,4,2022-09-24,Indiana,Big Ten,fbs,Cincinnati,American Athletic,fbs,away,False,24.0,45.0,-21.0,L
401405091,2022,4,2022-09-24,Iowa,Big Ten,fbs,Rutgers,Big Ten,fbs,away,True,27.0,10.0,17.0,W
401404080,2022,4,2022-09-24,Iowa State,Big 12,fbs,Baylor,Big 12,fbs,home,True,24.0,31.0,-7.0,L
401415037,2022,4,2022-09-24,James Madison,Sun Belt,fbs,App State,Sun Belt,fbs,away,True,32.0,28.0,4.0,W
401404079,2022,4,2022-09-24,Kansas,Big 12,fbs,Duke,ACC,fbs,home,False,35.0,27.0,8.0,W
401404081,2022,4,2022-09-24,Kansas State,Big 12,fbs,Oklahoma,Big 12,fbs,away,True,41.0,34.0,7.0,W
401403895,2022,4,2022-09-24,Kent State,Mid-American,fbs,Georgia,SEC,fbs,away,False,22.0,39.0,-17.0,L
401403896,2022,4,2022-09-24,Kentucky,SEC,fbs,Northern Illinois,Mid-American,fbs,home,False,31.0,23.0,8.0,W
401403897,2022,4,2022-09-24,LSU,SEC,fbs,New Mexico,Mountain West,fbs,home,False,38.0,0.0,38.0,W
401404160,2022,4,2022-09-24,Liberty,FBS Independents,fbs,Akron,Mid-American,fbs,home,False,21.0,12.0,9.0,W
401426336,2022,4,2022-09-24,Louisiana,Sun Belt,fbs,UL Monroe,Sun Belt,fbs,away,True,17.0,21.0,-4.0,L
401426567,2022,4,2022-09-24,Louisiana Tech,Conference USA,fbs,South Alabama,Sun Belt,fbs,away,False,14.0,38.0,-24.0,L
401411119,2022,4,2022-09-24,Louisville,ACC,fbs,South Florida,American Athletic,fbs,home,False,41.0,3.0,38.0,W
401426393,2022,4,2022-09-24,Marshall,Sun Belt,fbs,Troy,Sun Belt,fbs,away,True,7.0,16.0,-9.0,L
401405097,2022,4,2022-09-24,Maryland,Big Ten,fbs,Michigan,Big Ten,fbs,away,True,27.0,34.0,-7.0,L
401414781,2022,4,2022-09-24,Massachusetts,FBS Independents,fbs,Temple,American Athletic,fbs,away,False,0.0,28.0,-28.0,L
401426569,2022,4,2022-09-24,Memphis,American Athletic,fbs,North Texas,Conference USA,fbs,home,False,44.0,34.0,10.0,W
401426568,2022,4,2022-09-24,Miami,ACC,fbs,Middle Tennessee,Conference USA,fbs,home,False,31.0,45.0,-14.0,L
401405093,2022,4,2022-09-24,Miami (OH),Mid-American,fbs,Northwestern,Big Ten,fbs,away,False,17.0,14.0,3.0,W
401405097,2022,4,2022-09-24,Michigan,Big Ten,fbs,Maryland,Big Ten,fbs,home,True,34.0,27.0,7.0,W
401405092,2022,4,2022-09-24,Michigan State,Big Ten,fbs,Minnesota,Big Ten,fbs,home,True,7.0,34.0,-27.0,L
401426568,2022,4,2022-09-24,Middle Tennessee,Conference USA,fbs,Miami,ACC,fbs,away,False,45.0,31.0,14.0,W
401405092,2022,4,2022-09-24,Minnesota,Big Ten,fbs,Michigan State,Big Ten,fbs,away,True,34.0,7.0,27.0,W
401403899,2022,4,2022-09-24,Mississippi State,SEC,fbs,Bowling Green,Mid-American,fbs,home,False,45.0,14.0,31.0,W
401403894,2022,4,2022-09-24,Missouri,SEC,fbs,Auburn,SEC,fbs,away,True,14.0,17.0,-3.0,L
401404150,2022,4,2022-09-24,NC State,ACC,fbs,UConn,FBS Independents,fbs,home,False,41.0,10.0,31.0,W
401415624,2022,4,2022-09-24,Navy,American Athletic,fbs,East Carolina,American Athletic,fbs,away,True,23.0,20.0,3.0,W
401403897,2022,4,2022-09-24,New Mexico,Mountain West,fbs,LSU,SEC,fbs,away,False,0.0,38.0,-38.0,L
401409237,2022,4,2022-09-24,New Mexico State,FBS Independents,fbs,Hawai'i,Mountain West,fbs,home,False,45.0,26.0,19.0,W
401404126,2022,4,2022-09-24,North Carolina,ACC,fbs,Notre Dame,FBS Independents,fbs,home,False,32.0,45.0,-13.0,L
401426569,2022,4,2022-09-24,North Texas,Conference USA,fbs,Memphis,American Athletic,fbs,away,False,34.0,44.0,-10.0,L
401403896,2022,4,2022-09-24,Northern Illinois,Mid-American,fbs,Kentucky,SEC,fbs,away,False,23.0,31.0,-8.0,L
401405093,2022,4,2022-09-24,Northwestern,Big Ten,fbs,Miami (OH),Mid-American,fbs,home,False,14.0,17.0,-3.0,L
401404126,2022,4,2022-09-24,Notre Dame,FBS Independents,fbs,North Carolina,ACC,fbs,away,False,45.0,32.0,13.0,W
401416606,2022,4,2022-09-24,Ohio,Mid-American,fbs,Fordham,Patriot,fcs,home,False,59.0,52.0,7.0,W
401405095,2022,4,2022-09-24,Ohio State,Big Ten,fbs,Wisconsin,Big Ten,fbs,home,True,52.0,21.0,31.0,W
401404081,2022,4,2022-09-24,Oklahoma,Big 12,fbs,Kansas State,Big 12,fbs,home,True,34.0,41.0,-7.0,L
401426335,2022,4,2022-09-24,Old Dominion,Sun Belt,fbs,Arkansas State,Sun Belt,fbs,home,True,29.0,26.0,3.0,W
401403898,2022,4,2022-09-24,Ole Miss,SEC,fbs,Tulsa,American Athletic,fbs,home,False,35.0,27.0,8.0,W
401403999,2022,4,2022-09-24,Oregon,Pac-12,fbs,Washington State,Pac-12,fbs,away,True,44.0,41.0,3.0,W
401404000,2022,4,2022-09-24,Oregon State,Pac-12,fbs,USC,Pac-12,fbs,home,True,14.0,17.0,-3.0,L
401405098,2022,4,2022-09-24,Penn State,Big Ten,fbs,Central Michigan,Mid-American,fbs,home,False,33.0,14.0,19.0,W
401411121,2022,4,2022-09-24,Pittsburgh,ACC,fbs,Rhode Island,CAA,fcs,home,False,45.0,24.0,21.0,W
401426566,2022,4,2022-09-24,Purdue,Big Ten,fbs,Florida Atlantic,Conference USA,fbs,home,False,28.0,26.0,2.0,W
401426570,2022,4,2022-09-24,Rice,Conference USA,fbs,Houston,American Athletic,fbs,away,False,27.0,34.0,-7.0,L
401405091,2022,4,2022-09-24,Rutgers,Big Ten,fbs,Iowa,Big Ten,fbs,home,True,10.0,27.0,-17.0,L
401404078,2022,4,2022-09-24,SMU,American Athletic,fbs,TCU,Big 12,fbs,home,False,34.0,42.0,-8.0,L
401415224,2022,4,2022-09-24,San Diego State,Mountain West,fbs,Toledo,Mid-American,fbs,home,False,17.0,14.0,3.0,W
401415225,2022,4,2022-09-24,San José State,Mountain West,fbs,Western Michigan,Mid-American,fbs,home,False,34.0,6.0,28.0,W
401426567,2022,4,2022-09-24,South Alabama,Sun Belt,fbs,Louisiana Tech,Conference USA,fbs,home,False,38.0,14.0,24.0,W
401426564,2022,4,2022-09-24,South Carolina,SEC,fbs,Charlotte,Conference USA,fbs,home,False,56.0,20.0,36.0,W
401411119,2022,4,2022-09-24,South Florida,American Athletic,fbs,Louisville,ACC,fbs,away,False,3.0,41.0,-38.0,L
401415040,2022,4,2022-09-24,Southern Miss,Sun Belt,fbs,Tulane,American Athletic,fbs,away,False,27.0,24.0,3.0,W
401404001,2022,4,2022-09-24,Stanford,Pac-12,fbs,Washington,Pac-12,fbs,away,True,22.0,40.0,-18.0,L
401404078,2022,4,2022-09-24,TCU,Big 12,fbs,SMU,American Athletic,fbs,away,False,42.0,34.0,8.0,W
401414781,2022,4,2022-09-24,Temple,American Athletic,fbs,Massachusetts,FBS Independents,fbs,home,False,28.0,0.0,28.0,W
401403901,2022,4,2022-09-24,Tennessee,SEC,fbs,Florida,SEC,fbs,home,True,38.0,33.0,5.0,W
401404082,2022,4,2022-09-24,Texas,Big 12,fbs,Texas Tech,Big 12,fbs,away,True,34.0,37.0,-3.0,L
401403893,2022,4,2022-09-24,Texas A&M,SEC,fbs,Arkansas,SEC,fbs,neutral,True,23.0,21.0,2.0,W
401418793,2022,4,2022-09-24,Texas State,Sun Belt,fbs,Houston Christian,Southland,fcs,home,False,34.0,0.0,34.0,W
401404082,2022,4,2022-09-24,Texas Tech,Big 12,fbs,Texas,Big 12,fbs,home,True,37.0,34.0,3.0,W
401415224,2022,4,2022-09-24,Toledo,Mid-American,fbs,San Diego State,Mountain West,fbs,away,False,14.0,17.0,-3.0,L
401426393,2022,4,2022-09-24,Troy,Sun Belt,fbs,Marshall,Sun Belt,fbs,home,True,16.0,7.0,9.0,W
401415040,2022,4,2022-09-24,Tulane,American Athletic,fbs,Southern Miss,Sun Belt,fbs,home,False,24.0,27.0,-3.0,L
401403898,2022,4,2022-09-24,Tulsa,American Athletic,fbs,Ole Miss,SEC,fbs,away,False,27.0,35.0,-8.0,L
401411122,2022,4,2022-09-24,UCF,American Athletic,fbs,Georgia Tech,ACC,fbs,home,False,27.0,10.0,17.0,W
401403998,2022,4,2022-09-24,UCLA,Pac-12,fbs,Colorado,Pac-12,fbs,away,True,45.0,17.0,28.0,W
401404150,2022,4,2022-09-24,UConn,FBS Independents,fbs,NC State,ACC,fbs,away,False,10.0,41.0,-31.0,L
401426336,2022,4,2022-09-24,UL Monroe,Sun Belt,fbs,Louisiana,Sun Belt,fbs,home,True,21.0,17.0,4.0,W
401415222,2022,4,2022-09-24,UNLV,Mountain West,fbs,Utah State,Mountain West,fbs,away,True,34.0,24.0,10.0,W
401404000,2022,4,2022-09-24,USC,Pac-12,fbs,Oregon State,Pac-12,fbs,away,True,17.0,14.0,3.0,W
401426572,2022,4,2022-09-24,UTSA,Conference USA,fbs,Texas Southern,SWAC,fcs,home,False,52.0,24.0,28.0,W
401403997,2022,4,2022-09-24,Utah,Pac-12,fbs,Arizona State,Pac-12,fbs,away,True,34.0,13.0,21.0,W
401415222,2022,4,2022-09-24,Utah State,Mountain West,fbs,UNLV,Mountain West,fbs,home,True,24.0,34.0,-10.0,L
401403892,2022,4,2022-09-24,Vanderbilt,SEC,fbs,Alabama,SEC,fbs,away,True,3.0,55.0,-52.0,L
401411123,2022,4,2022-09-24,Wake Forest,ACC,fbs,Clemson,ACC,fbs,home,True,45.0,51.0,-6.0,L
401404001,2022,4,2022-09-24,Washington,Pac-12,fbs,Stanford,Pac-12,fbs,home,True,40.0,22.0,18.0,W
401403999,2022,4,2022-09-24,Washington State,Pac-12,fbs,Oregon,Pac-12,fbs,home,True,41.0,44.0,-3.0,L
401426565,2022,4,2022-09-24,Western Kentucky,Conference USA,fbs,Florida International,Conference USA,fbs,home,True,73.0,0.0,73.0,W
401415225,2022,4,2022-09-24,Western Michigan,Mid-American,fbs,San José State,Mountain West,fbs,away,False,6.0,34.0,-28.0,L
401405095,2022,4,2022-09-24,Wisconsin,Big Ten,fbs,Ohio State,Big Ten,fbs,away,True,21.0,52.0,-31.0,L
401415223,2022,4,2022-09-24,Wyoming,Mountain West,fbs,BYU,FBS Independents,fbs,away,False,24.0,38.0,-14.0,L
401415226,2022,5,2022-09-29,BYU,FBS Independents,fbs,Utah State,Mountain West,fbs,home,False,38.0,26.0,12.0,W
401403908,2022,5,2022-09-29,South Carolina,SEC,fbs,South Carolina State,MEAC,fcs,home,False,50.0,10.0,40.0,W
401415226,2022,5,2022-09-29,Utah State,Mountain West,fbs,BYU,FBS Independents,fbs,away,False,26.0,38.0,-12.0,L
401415228,2022,5,2022-09-30,Boise State,Mountain West,fbs,San Diego State,Mountain West,fbs,home,True,35.0,13.0,22.0,W
401415625,2022,5,2022-09-30,Houston,American Athletic,fbs,Tulane,American Athletic,fbs,home,True,24.0,27.0,-3.0,L
401426576,2022,5,2022-09-30,Middle Tennessee,Conference USA,fbs,UTSA,Conference USA,fbs,home,True,30.0,45.0,-15.0,L
401415229,2022,5,2022-09-30,New Mexico,Mountain West,fbs,UNLV,Mountain West,fbs,away,True,20.0,31.0,-11.0,L
401415228,2022,5,2022-09-30,San Diego State,Mountain West,fbs,Boise State,Mountain West,fbs,away,True,13.0,35.0,-22.0,L
401415625,2022,5,2022-09-30,Tulane,American Athletic,fbs,Houston,American Athletic,fbs,away,True,27.0,24.0,3.0,W
401404007,2022,5,2022-09-30,UCLA,Pac-12,fbs,Washington,Pac-12,fbs,home,True,40.0,32.0,8.0,W
401415229,2022,5,2022-09-30,UNLV,Mountain West,fbs,New Mexico,Mountain West,fbs,home,True,31.0,20.0,11.0,W
401426576,2022,5,2022-09-30,UTSA,Conference USA,fbs,Middle Tennessee,Conference USA,fbs,away,True,45.0,30.0,15.0,W
401404007,2022,5,2022-09-30,Washington,Pac-12,fbs,UCLA,Pac-12,fbs,away,True,32.0,40.0,-8.0,L
401520146,2023,1,2023-08-26,Florida International,Conference USA,fbs,Louisiana Tech,Conference USA,fbs,away,True,17.0,22.0,-5.0,L
401520147,2023,1,2023-08-26,Hawai'i,Mountain West,fbs,Vanderbilt,SEC,fbs,away,False,28.0,35.0,-7.0,L
401520145,2023,1,2023-08-26,Jacksonville State,Conference USA,fbs,UTEP,Conference USA,fbs,home,True,17.0,14.0,3.0,W
401520146,2023,1,2023-08-26,Louisiana Tech,Conference USA,fbs,Florida International,Conference USA,fbs,home,True,22.0,17.0,5.0,W
401525450,2023,1,2023-08-26,Massachusetts,FBS Independents,fbs,New Mexico State,Conference USA,fbs,away,False,41.0,30.0,11.0,W
401525434,2023,1,2023-08-26,Navy,American Athletic,fbs,Notre Dame,FBS Independents,fbs,neutral,False,3.0,42.0,-39.0,L
401525450,2023,1,2023-08-26,New Mexico State,Conference USA,fbs,Massachusetts,FBS Independents,fbs,home,False,30.0,41.0,-11.0,L
401525434,2023,1,2023-08-26,Notre Dame,FBS Independents,fbs,Navy,American Athletic,fbs,neutral,False,42.0,3.0,39.0,W
401532392,2023,1,2023-08-26,Ohio,Mid-American,fbs,San Diego State,Mountain West,fbs,away,False,13.0,20.0,-7.0,L
401532392,2023,1,2023-08-26,San Diego State,Mountain West,fbs,Ohio,Mid-American,fbs,home,False,20.0,13.0,7.0,W
401523986,2023,1,2023-08-26,San José State,Mountain West,fbs,USC,Pac-12,fbs,away,False,28.0,56.0,-28.0,L
401523986,2023,1,2023-08-26,USC,Pac-12,fbs,San José State,Mountain West,fbs,home,False,56.0,28.0,28.0,W
401520145,2023,1,2023-08-26,UTEP,Conference USA,fbs,Jacksonville State,Conference USA,fbs,away,True,14.0,17.0,-3.0,L
401520147,2023,1,2023-08-26,Vanderbilt,SEC,fbs,Hawai'i,Mountain West,fbs,home,False,35.0,28.0,7.0,W
401523987,2023,1,2023-08-31,Arizona State,Pac-12,fbs,Southern Utah,UAC,fcs,home,False,24.0,21.0,3.0,W
401520176,2023,1,2023-08-31,Florida,SEC,fbs,Utah,Pac-12,fbs,away,False,11.0,24.0,-13.0,L
401531834,2023,1,2023-08-31,Georgia State,Sun Belt,fbs,Rhode Island,Coastal Athletic,fcs,home,False,42.0,35.0,7.0,W
401525816,2023,1,2023-08-31,Kent State,Mid-American,fbs,UCF,Big 12,fbs,away,False,6.0,56.0,-50.0,L
401520148,2023,1,2023-08-31,Minnesota,Big Ten,fbs,Nebraska,Big Ten,fbs,home,True,13.0,10.0,3.0,W
401520165,2023,1,2023-08-31,Missouri,SEC,fbs,South Dakota,MVFC,fcs,home,False,35.0,10.0,25.0,W
401520174,2023,1,2023-08-31,NC State,ACC,fbs,UConn,FBS Independents,fbs,away,False,24.0,14.0,10.0,W
401520148,2023,1,2023-08-31,Nebraska,Big Ten,fbs,Minnesota,Big Ten,fbs,away,True,10.0,13.0,-3.0,L
401531337,2023,1,2023-08-31,Tulsa,American Athletic,fbs,Arkansas-Pine Bluff,SWAC,fcs,home,False,42.0,7.0,35.0,W
401531377,2023,1,2023-08-31,UAB,American Athletic,fbs,North Carolina A&T,Coastal Athletic,fcs,home,False,35.0,6.0,29.0,W
401525816,2023,1,2023-08-31,UCF,Big 12,fbs,Kent State,Mid-American,fbs,home,False,56.0,6.0,50.0,W
401520174,2023,1,2023-08-31,UConn,FBS Independents,fbs,NC State,ACC,fbs,home,False,14.0,24.0,-10.0,L
401520176,2023,1,2023-08-31,Utah,Pac-12,fbs,Florida,SEC,fbs,home,False,24.0,11.0,13.0,W
401525461,2023,1,2023-08-31,Wake Forest,ACC,fbs,Elon,Coastal Athletic,fcs,home,False,37.0,17.0,20.0,W
401532393,2023,1,2023-08-31,Western Michigan,Mid-American,fbs,Saint Francis,NEC,fcs,home,False,35.0,17.0,18.0,W
401520163,2023,1,2023-09-01,Central Michigan,Mid-American,fbs,Michigan State,Big Ten,fbs,away,False,7.0,31.0,-24.0,L
401532394,2023,1,2023-09-01,Eastern Michigan,Mid-American,fbs,Howard,MEAC,fcs,home,False,33.0,23.0,10.0,W
401525462,2023,1,2023-09-01,Georgia Tech,ACC,fbs,Louisville,ACC,fbs,neutral,True,34.0,39.0,-5.0,L
401523988,2023,1,2023-09-01,Hawai'i,Mountain West,fbs,Stanford,Pac-12,fbs,home,False,24.0,37.0,-13.0,L
401525815,2023,1,2023-09-01,Kansas,Big 12,fbs,Missouri State,MVFC,fcs,home,False,48.0,17.0,31.0,W
401525462,2023,1,2023-09-01,Louisville,ACC,fbs,Georgia Tech,ACC,fbs,neutral,True,39.0,34.0,5.0,W
401525463,2023,1,2023-09-01,Miami,ACC,fbs,Miami (OH),Mid-American,fbs,home,False,38.0,3.0,35.0,W
401525463,2023,1,2023-09-01,Miami (OH),Mid-American,fbs,Miami,ACC,fbs,away,False,3.0,38.0,-35.0,L
401520163,2023,1,2023-09-01,Michigan State,Big Ten,fbs,Central Michigan,Mid-American,fbs,home,False,31.0,7.0,24.0,W
401523988,2023,1,2023-09-01,Stanford,Pac-12,fbs,Hawai'i,Mountain West,fbs,away,False,37.0,24.0,13.0,W
401532570,2023,1,2023-09-02,Air Force,Mountain West,fbs,Robert Morris,Big South,fcs,home,False,42.0,7.0,35.0,W
401531387,2023,1,2023-09-02,Akron,Mid-American,fbs,Temple,American Athletic,fbs,away,False,21.0,24.0,-3.0,L
401520149,2023,1,2023-09-02,Alabama,SEC,fbs,Middle Tennessee,Conference USA,fbs,home,False,56.0,7.0,49.0,W
401531835,2023,1,2023-09-02,App State,Sun Belt,fbs,Gardner-Webb,Big South-OVC,fcs,home,False,45.0,24.0,21.0,W
401523989,2023,1,2023-09-02,Arizona,Pac-12,fbs,Northern Arizona,Big Sky,fcs,home,False,38.0,3.0,35.0,W
401520150,2023,1,2023-09-02,Arkansas,SEC,fbs,Western Carolina,Southern,fcs,neutral,False,56.0,13.0,43.0,W
401525822,2023,1,2023-09-02,Arkansas State,Sun Belt,fbs,Oklahoma,Big 12,fbs,away,False,0.0,73.0,-73.0,L
401520175,2023,1,2023-09-02,Army,FBS Independents,fbs,UL Monroe,Sun Belt,fbs,away,False,13.0,17.0,-4.0,L
401520151,2023,1,2023-09-02,Auburn,SEC,fbs,Massachusetts,FBS Independents,fbs,home,False,59.0,14.0,45.0,W
401520152,2023,1,2023-09-02,BYU,Big 12,fbs,Sam Houston,Conference USA,fbs,home,False,14.0,0.0,14.0,W
401520159,2023,1,2023-09-02,Ball State,Mid-American,fbs,Kentucky,SEC,fbs,away,False,14.0,44.0,-30.0,L
401525817,2023,1,2023-09-02,Baylor,Big 12,fbs,Texas State,Sun Belt,fbs,home,False,31.0,42.0,-11.0,L
401523997,2023,1,2023-09-02,Boise State,Mountain West,fbs,Washington,Pac-12,fbs,away,False,19.0,56.0,-37.0,L
401525464,2023,1,2023-09-02,Boston College,ACC,fbs,Northern Illinois,Mid-American,fbs,home,False,24.0,27.0,-3.0,L
401520160,2023,1,2023-09-02,Bowling Green,Mid-American,fbs,Liberty,Conference USA,fbs,away,False,24.0,34.0,-10.0,L
401520180,2023,1,2023-09-02,Buffalo,Mid-American,fbs,Wisconsin,Big Ten,fbs,away,False,17.0,38.0,-21.0,L
401523991,2023,1,2023-09-02,California,Pac-12,fbs,North Texas,American Athletic,fbs,away,False,58.0,21.0,37.0,W
401531402,2023,1,2023-09-02,Charlotte,American Athletic,fbs,South Carolina State,MEAC,fcs,home,False,24.0,3.0,21.0,W
401525818,2023,1,2023-09-02,Cincinnati,Big 12,fbs,Eastern Kentucky,UAC,fcs,home,False,66.0,13.0,53.0,W
401523995,2023,1,2023-09-02,Coastal Carolina,Sun Belt,fbs,UCLA,Pac-12,fbs,away,False,13.0,27.0,-14.0,L
401523994,2023,1,2023-09-02,Colorado,Pac-12,fbs,TCU,Big 12,fbs,away,False,45.0,42.0,3.0,W
401523990,2023,1,2023-09-02,Colorado State,Mountain West,fbs,Washington State,Pac-12,fbs,home,False,24.0,50.0,-26.0,L
401520162,2023,1,2023-09-02,East Carolina,American Athletic,fbs,Michigan,Big Ten,fbs,away,False,3.0,30.0,-27.0,L
401531418,2023,1,2023-09-02,Florida Atlantic,American Athletic,fbs,Monmouth,Coastal Athletic,fcs,home,False,42.0,20.0,22.0,W
401520153,2023,1,2023-09-02,Florida International,Conference USA,fbs,Maine,Coastal Athletic,fcs,home,False,14.0,12.0,2.0,W
401520170,2023,1,2023-09-02,Fresno State,Mountain West,fbs,Purdue,Big Ten,fbs,away,False,39.0,35.0,4.0,W
401520154,2023,1,2023-09-02,Georgia,SEC,fbs,UT Martin,Big South-OVC,fcs,home,False,48.0,7.0,41.0,W
401531836,2023,1,2023-09-02,Georgia Southern,Sun Belt,fbs,The Citadel,Southern,fcs,home,False,34.0,0.0,34.0,W
401525819,2023,1,2023-09-02,Houston,Big 12,fbs,UTSA,American Athletic,fbs,home,False,17.0,14.0,3.0,W
401520155,2023,1,2023-09-02,Illinois,Big Ten,fbs,Toledo,Mid-American,fbs,home,False,30.0,28.0,2.0,W
401520156,2023,1,2023-09-02,Indiana,Big Ten,fbs,Ohio State,Big Ten,fbs,home,True,3.0,23.0,-20.0,L
401520157,2023,1,2023-09-02,Iowa,Big Ten,fbs,Utah State,Mountain West,fbs,home,False,24.0,14.0,10.0,W
401525820,2023,1,2023-09-02,Iowa State,Big 12,fbs,Northern Iowa,MVFC,fcs,home,False,30.0,9.0,21.0,W
401520158,2023,1,2023-09-02,Jacksonville State,Conference USA,fbs,East Tennessee State,Southern,fcs,home,False,49.0,3.0,46.0,W
401531837,2023,1,2023-09-02,James Madison,Sun Belt,fbs,Bucknell,Patriot,fcs,home,False,38.0,3.0,35.0,W
401525821,2023,1,2023-09-02,Kansas State,Big 12,fbs,Southeast Missouri State,Big South-OVC,fcs,home,False,45.0,0.0,45.0,W
401520159,2023,1,2023-09-02,Kentucky,SEC,fbs,Ball State,Mid-American,fbs,home,False,44.0,14.0,30.0,W
401520160,2023,1,2023-09-02,Liberty,Conference USA,fbs,Bowling Green,Mid-American,fbs,home,False,34.0,24.0,10.0,W
401531839,2023,1,2023-09-02,Louisiana,Sun Belt,fbs,Northwestern State,Southland,fcs,home,False,38.0,13.0,25.0,W
401520172,2023,1,2023-09-02,Louisiana Tech,Conference USA,fbs,SMU,American Athletic,fbs,away,False,14.0,38.0,-24.0,L
401531838,2023,1,2023-09-02,Marshall,Sun Belt,fbs,UAlbany,Coastal Athletic,fcs,home,False,21.0,17.0,4.0,W
401520161,2023,1,2023-09-02,Maryland,Big Ten,fbs,Towson,Coastal Athletic,fcs,home,False,38.0,6.0,32.0,W
401520151,2023,1,2023-09-02,Massachusetts,FBS Independents,fbs,Auburn,SEC,fbs,away,False,14.0,59.0,-45.0,L
401531426,2023,1,2023-09-02,Memphis,American Athletic,fbs,Bethune-Cookman,SWAC,fcs,home,False,56.0,14.0,42.0,W
401520162,2023,1,2023-09-02,Michigan,Big Ten,fbs,East Carolina,American Athletic,fbs,home,False,30.0,3.0,27.0,W
401520149,2023,1,2023-09-02,Middle Tennessee,Conference USA,fbs,Alabama,SEC,fbs,away,False,7.0,56.0,-49.0,L
401520164,2023,1,2023-09-02,Mississippi State,SEC,fbs,SE Louisiana,Southland,fcs,home,False,48.0,7.0,41.0,W
401523996,2023,1,2023-09-02,Nevada,Mountain West,fbs,USC,Pac-12,fbs,away,False,14.0,66.0,-52.0,L
401520173,2023,1,2023-09-02,New Mexico,Mountain West,fbs,Texas A&M,SEC,fbs,away,False,10.0,52.0,-42.0,L
401520166,2023,1,2023-09-02,New Mexico State,Conference USA,fbs,Western Illinois,MVFC,fcs,home,False,58.0,21.0,37.0,W
401520167,2023,1,2023-09-02,North Carolina,ACC,fbs,South Carolina,SEC,fbs,neutral,False,31.0,17.0,14.0,W
401523991,2023,1,2023-09-02,North Texas,American Athletic,fbs,California,Pac-12,fbs,home,False,21.0,58.0,-37.0,L
401525464,2023,1,2023-09-02,Northern Illinois,Mid-American,fbs,Boston College,ACC,fbs,away,False,27.0,24.0,3.0,W
401525435,2023,1,2023-09-02,Notre Dame,FBS Independents,fbs,Tennessee State,Big South-OVC,fcs,home,False,56.0,3.0,53.0,W
401532395,2023,1,2023-09-02,Ohio,Mid-American,fbs,Long Island University,NEC,fcs,home,False,27.0,10.0,17.0,W
401520156,2023,1,2023-09-02,Ohio State,Big Ten,fbs,Indiana,Big Ten,fbs,away,True,23.0,3.0,20.0,W
401525822,2023,1,2023-09-02,Oklahoma,Big 12,fbs,Arkansas State,Sun Belt,fbs,home,False,73.0,0.0,73.0,W
401525823,2023,1,2023-09-02,Oklahoma State,Big 12,fbs,Central Arkansas,UAC,fcs,home,False,27.0,13.0,14.0,W
401525467,2023,1,2023-09-02,Old Dominion,Sun Belt,fbs,Virginia Tech,ACC,fbs,away,False,17.0,36.0,-19.0,L
401520168,2023,1,2023-09-02,Ole Miss,SEC,fbs,Mercer,Southern,fcs,home,False,73.0,7.0,66.0,W
401523992,2023,1,2023-09-02,Oregon,Pac-12,fbs,Portland State,Big Sky,fcs,home,False,81.0,7.0,74.0,W
401520169,2023,1,2023-09-02,Penn State,Big Ten,fbs,West Virginia,Big 12,fbs,home,False,38.0,15.0,23.0,W
401525465,2023,1,2023-09-02,Pittsburgh,ACC,fbs,Wofford,Southern,fcs,home,False,45.0,7.0,38.0,W
401520170,2023,1,2023-09-02,Purdue,Big Ten,fbs,Fresno State,Mountain West,fbs,home,False,35.0,39.0,-4.0,L
401525824,2023,1,2023-09-02,Rice,American Athletic,fbs,Texas,Big 12,fbs,away,False,10.0,37.0,-27.0,L
401520172,2023,1,2023-09-02,SMU,American Athletic,fbs,Louisiana Tech,Conference USA,fbs,home,False,38.0,14.0,24.0,W
401520152,2023,1,2023-09-02,Sam Houston,Conference USA,fbs,BYU,Big 12,fbs,away,False,0.0,14.0,-14.0,L
401532571,2023,1,2023-09-02,San Diego State,Mountain West,fbs,Idaho State,Big Sky,fcs,home,False,36.0,28.0,8.0,W
401531347,2023,1,2023-09-02,South Alabama,Sun Belt,fbs,Tulane,American Athletic,fbs,away,False,17.0,37.0,-20.0,L
401520167,2023,1,2023-09-02,South Carolina,SEC,fbs,North Carolina,ACC,fbs,neutral,False,17.0,31.0,-14.0,L
401520181,2023,1,2023-09-02,South Florida,American Athletic,fbs,Western Kentucky,Conference USA,fbs,away,False,24.0,41.0,-17.0,L
401531840,2023,1,2023-09-02,Southern Miss,Sun Belt,fbs,Alcorn State,SWAC,fcs,home,False,40.0,14.0,26.0,W
401525466,2023,1,2023-09-02,Syracuse,ACC,fbs,Colgate,Patriot,fcs,home,False,65.0,0.0,65.0,W
401523994,2023,1,2023-09-02,TCU,Big 12,fbs,Colorado,Pac-12,fbs,home,False,42.0,45.0,-3.0,L
401531387,2023,1,2023-09-02,Temple,American Athletic,fbs,Akron,Mid-American,fbs,home,False,24.0,21.0,3.0,W
401520179,2023,1,2023-09-02,Tennessee,SEC,fbs,Virginia,ACC,fbs,neutral,False,49.0,13.0,36.0,W
401525824,2023,1,2023-09-02,Texas,Big 12,fbs,Rice,American Athletic,fbs,home,False,37.0,10.0,27.0,W
401520173,2023,1,2023-09-02,Texas A&M,SEC,fbs,New Mexico,Mountain West,fbs,home,False,52.0,10.0,42.0,W
401525817,2023,1,2023-09-02,Texas State,Sun Belt,fbs,Baylor,Big 12,fbs,away,False,42.0,31.0,11.0,W
401525825,2023,1,2023-09-02,Texas Tech,Big 12,fbs,Wyoming,Mountain West,fbs,away,False,33.0,35.0,-2.0,L
401520155,2023,1,2023-09-02,Toledo,Mid-American,fbs,Illinois,Big Ten,fbs,away,False,28.0,30.0,-2.0,L
401531841,2023,1,2023-09-02,Troy,Sun Belt,fbs,Stephen F. Austin,UAC,fcs,home,False,48.0,30.0,18.0,W
401531347,2023,1,2023-09-02,Tulane,American Athletic,fbs,South Alabama,Sun Belt,fbs,home,False,37.0,17.0,20.0,W
401523995,2023,1,2023-09-02,UCLA,Pac-12,fbs,Coastal Carolina,Sun Belt,fbs,home,False,27.0,13.0,14.0,W
401520175,2023,1,2023-09-02,UL Monroe,Sun Belt,fbs,Army,FBS Independents,fbs,home,False,17.0,13.0,4.0,W
401532572,2023,1,2023-09-02,UNLV,Mountain West,fbs,Bryant,Big South-OVC,fcs,home,False,44.0,14.0,30.0,W
401523996,2023,1,2023-09-02,USC,Pac-12,fbs,Nevada,Mountain West,fbs,home,False,66.0,14.0,52.0,W
401520177,2023,1,2023-09-02,UTEP,Conference USA,fbs,Incarnate Word,Southland,fcs,home,False,28.0,14.0,14.0,W
401525819,2023,1,2023-09-02,UTSA,American Athletic,fbs,Houston,Big 12,fbs,away,False,14.0,17.0,-3.0,L
401520157,2023,1,2023-09-02,Utah State,Mountain West,fbs,Iowa,Big Ten,fbs,away,False,14.0,24.0,-10.0,L
401520178,2023,1,2023-09-02,Vanderbilt,SEC,fbs,Alabama A&M,SWAC,fcs,home,False,47.0,13.0,34.0,W
401520179,2023,1,2023-09-02,Virginia,ACC,fbs,Tennessee,SEC,fbs,neutral,False,13.0,49.0,-36.0,L
401525467,2023,1,2023-09-02,Virginia Tech,ACC,fbs,Old Dominion,Sun Belt,fbs,home,False,36.0,17.0,19.0,W
401523997,2023,1,2023-09-02,Washington,Pac-12,fbs,Boise State,Mountain West,fbs,home,False,56.0,19.0,37.0,W
401523990,2023,1,2023-09-02,Washington State,Pac-12,fbs,Colorado State,Mountain West,fbs,away,False,50.0,24.0,26.0,W
401520169,2023,1,2023-09-02,West Virginia,Big 12,fbs,Penn State,Big Ten,fbs,away,False,15.0,38.0,-23.0,L
401520181,2023,1,2023-09-02,Western Kentucky,Conference USA,fbs,South Florida,American Athletic,fbs,home,False,41.0,24.0,17.0,W
401520180,2023,1,2023-09-02,Wisconsin,Big Ten,fbs,Buffalo,Mid-American,fbs,home,False,38.0,17.0,21.0,W
401525825,2023,1,2023-09-02,Wyoming,Mountain West,fbs,Texas Tech,Big 12,fbs,home,False,35.0,33.0,2.0,W
401520182,2023,1,2023-09-03,Florida State,ACC,fbs,LSU,SEC,fbs,neutral,False,45.0,24.0,21.0,W
401520182,2023,1,2023-09-03,LSU,SEC,fbs,Florida State,ACC,fbs,neutral,False,24.0,45.0,-21.0,L
401520171,2023,1,2023-09-03,Northwestern,Big Ten,fbs,Rutgers,Big Ten,fbs,away,True,7.0,24.0,-17.0,L
401532573,2023,1,2023-09-03,Oregon State,Pac-12,fbs,San José State,Mountain West,fbs,away,False,42.0,17.0,25.0,W
401520171,2023,1,2023-09-03,Rutgers,Big Ten,fbs,Northwestern,Big Ten,fbs,home,True,24.0,7.0,17.0,W
401532573,2023,1,2023-09-03,San José State,Mountain West,fbs,Oregon State,Pac-12,fbs,home,False,17.0,42.0,-25.0,L
401525468,2023,1,2023-09-04,Clemson,ACC,fbs,Duke,ACC,fbs,away,True,7.0,28.0,-21.0,L
401525468,2023,1,2023-09-04,Duke,ACC,fbs,Clemson,ACC,fbs,home,True,28.0,7.0,21.0,W
401525469,2023,2,2023-09-07,Louisville,ACC,fbs,Murray State,MVFC,fcs,home,False,56.0,0.0,56.0,W
401520195,2023,2,2023-09-08,Illinois,Big Ten,fbs,Kansas,Big 12,fbs,away,False,23.0,34.0,-11.0,L
401520193,2023,2,2023-09-08,Indiana,Big Ten,fbs,Indiana State,MVFC,fcs,home,False,41.0,7.0,34.0,W
401520195,2023,2,2023-09-08,Kansas,Big 12,fbs,Illinois,Big Ten,fbs,home,False,34.0,23.0,11.0,W
401520211,2023,2,2023-09-09,Air Force,Mountain West,fbs,Sam Houston,Conference USA,fbs,neutral,False,13.0,3.0,10.0,W
401532399,2023,2,2023-09-09,Akron,Mid-American,fbs,Morgan State,MEAC,fcs,home,False,24.0,21.0,3.0,W
401520183,2023,2,2023-09-09,Alabama,SEC,fbs,Texas,Big 12,fbs,home,False,24.0,34.0,-10.0,L
401525495,2023,2,2023-09-09,App State,Sun Belt,fbs,North Carolina,ACC,fbs,away,False,34.0,40.0,-6.0,L
401520205,2023,2,2023-09-09,Arizona,Pac-12,fbs,Mississippi State,SEC,fbs,away,False,24.0,31.0,-7.0,L
401523998,2023,2,2023-09-09,Arizona State,Pac-12,fbs,Oklahoma State,Big 12,fbs,home,False,15.0,27.0,-12.0,L
401520184,2023,2,2023-09-09,Arkansas,SEC,fbs,Kent State,Mid-American,fbs,home,False,28.0,6.0,22.0,W
401531427,2023,2,2023-09-09,Arkansas State,Sun Belt,fbs,Memphis,American Athletic,fbs,home,False,3.0,37.0,-34.0,L
401520185,2023,2,2023-09-09,Army,FBS Independents,fbs,Delaware State,MEAC,fcs,home,False,57.0,0.0,57.0,W
401520186,2023,2,2023-09-09,Auburn,SEC,fbs,California,Pac-12,fbs,away,False,14.0,10.0,4.0,W
401525828,2023,2,2023-09-09,BYU,Big 12,fbs,Southern Utah,UAC,fcs,home,False,41.0,16.0,25.0,W
401520191,2023,2,2023-09-09,Ball State,Mid-American,fbs,Georgia,SEC,fbs,away,False,3.0,45.0,-42.0,L
401523999,2023,2,2023-09-09,Baylor,Big 12,fbs,Utah,Pac-12,fbs,home,False,13.0,20.0,-7.0,L
401525827,2023,2,2023-09-09,Boise State,Mountain West,fbs,UCF,Big 12,fbs,home,False,16.0,18.0,-2.0,L
401525490,2023,2,2023-09-09,Boston College,ACC,fbs,Holy Cross,Patriot,fcs,home,False,31.0,28.0,3.0,W
401532400,2023,2,2023-09-09,Bowling Green,Mid-American,fbs,Eastern Illinois,Big South-OVC,fcs,home,False,38.0,15.0,23.0,W
401532401,2023,2,2023-09-09,Buffalo,Mid-American,fbs,Fordham,Patriot,fcs,home,False,37.0,40.0,-3.0,L
401520186,2023,2,2023-09-09,California,Pac-12,fbs,Auburn,SEC,fbs,home,False,10.0,14.0,-4.0,L
401532396,2023,2,2023-09-09,Central Michigan,Mid-American,fbs,New Hampshire,Coastal Athletic,fcs,home,False,45.0,42.0,3.0,W
401520200,2023,2,2023-09-09,Charlotte,American Athletic,fbs,Maryland,Big Ten,fbs,away,False,20.0,38.0,-18.0,L
401525496,2023,2,2023-09-09,Cincinnati,Big 12,fbs,Pittsburgh,ACC,fbs,away,False,27.0,21.0,6.0,W
401525491,2023,2,2023-09-09,Clemson,ACC,fbs,Charleston Southern,Big South-OVC,fcs,home,False,66.0,17.0,49.0,W
401520187,2023,2,2023-09-09,Coastal Carolina,Sun Belt,fbs,Jacksonville State,Conference USA,fbs,home,False,30.0,16.0,14.0,W
401520188,2023,2,2023-09-09,Colorado,Pac-12,fbs,Nebraska,Big Ten,fbs,home,False,36.0,14.0,22.0,W
401525492,2023,2,2023-09-09,Duke,ACC,fbs,Lafayette,Patriot,fcs,home,False,42.0,7.0,35.0,W
401531411,2023,2,2023-09-09,East Carolina,American Athletic,fbs,Marshall,Sun Belt,fbs,home,False,13.0,31.0,-18.0,L
401520204,2023,2,2023-09-09,Eastern Michigan,Mid-American,fbs,Minnesota,Big Ten,fbs,away,False,6.0,25.0,-19.0,L
401520190,2023,2,2023-09-09,Florida,SEC,fbs,McNeese,Southland,fcs,home,False,49.0,7.0,42.0,W
401531419,2023,2,2023-09-09,Florida Atlantic,American Athletic,fbs,Ohio,Mid-American,fbs,home,False,10.0,17.0,-7.0,L
401520189,2023,2,2023-09-09,Florida International,Conference USA,fbs,North Texas,American Athletic,fbs,home,False,46.0,39.0,7.0,W
401525493,2023,2,2023-09-09,Florida State,ACC,fbs,Southern Miss,Sun Belt,fbs,home,False,66.0,13.0,53.0,W
401532574,2023,2,2023-09-09,Fresno State,Mountain West,fbs,Eastern Washington,Big Sky,fcs,home,False,34.0,31.0,3.0,W
401520191,2023,2,2023-09-09,Georgia,SEC,fbs,Ball State,Mid-American,fbs,home,False,45.0,3.0,42.0,W
401531378,2023,2,2023-09-09,Georgia Southern,Sun Belt,fbs,UAB,American Athletic,fbs,home,False,49.0,35.0,14.0,W
401520192,2023,2,2023-09-09,Georgia State,Sun Belt,fbs,UConn,FBS Independents,fbs,home,False,35.0,14.0,21.0,W
401525494,2023,2,2023-09-09,Georgia Tech,ACC,fbs,South Carolina State,MEAC,fcs,home,False,48.0,13.0,35.0,W
401532575,2023,2,2023-09-09,Hawai'i,Mountain West,fbs,UAlbany,Coastal Athletic,fcs,home,False,31.0,20.0,11.0,W
401525831,2023,2,2023-09-09,Houston,Big 12,fbs,Rice,American Athletic,fbs,away,False,41.0,43.0,-2.0,L
401520194,2023,2,2023-09-09,Iowa,Big Ten,fbs,Iowa State,Big 12,fbs,away,False,20.0,13.0,7.0,W
401520194,2023,2,2023-09-09,Iowa State,Big 12,fbs,Iowa,Big Ten,fbs,home,False,13.0,20.0,-7.0,L
401520187,2023,2,2023-09-09,Jacksonville State,Conference USA,fbs,Coastal Carolina,Sun Belt,fbs,away,False,16.0,30.0,-14.0,L
401525498,2023,2,2023-09-09,James Madison,Sun Belt,fbs,Virginia,ACC,fbs,away,False,36.0,35.0,1.0,W
401525829,2023,2,2023-09-09,Kansas State,Big 12,fbs,Troy,Sun Belt,fbs,home,False,42.0,13.0,29.0,W
401520184,2023,2,2023-09-09,Kent State,Mid-American,fbs,Arkansas,SEC,fbs,away,False,6.0,28.0,-22.0,L
401520196,2023,2,2023-09-09,Kentucky,SEC,fbs,Eastern Kentucky,UAC,fcs,home,False,28.0,17.0,11.0,W
401520199,2023,2,2023-09-09,LSU,SEC,fbs,Grambling,SWAC,fcs,home,False,72.0,10.0,62.0,W
401520198,2023,2,2023-09-09,Liberty,Conference USA,fbs,New Mexico State,Conference USA,fbs,home,True,33.0,17.0,16.0,W
401531842,2023,2,2023-09-09,Louisiana,Sun Belt,fbs,Old Dominion,Sun Belt,fbs,away,True,31.0,38.0,-7.0,L
401520197,2023,2,2023-09-09,Louisiana Tech,Conference USA,fbs,Northwestern State,Southland,fcs,home,False,51.0,21.0,30.0,W
401531411,2023,2,2023-09-09,Marshall,Sun Belt,fbs,East Carolina,American Athletic,fbs,away,False,31.0,13.0,18.0,W
401520200,2023,2,2023-09-09,Maryland,Big Ten,fbs,Charlotte,American Athletic,fbs,home,False,38.0,20.0,18.0,W
401526833,2023,2,2023-09-09,Massachusetts,FBS Independents,fbs,Miami (OH),Mid-American,fbs,home,False,28.0,41.0,-13.0,L
401531427,2023,2,2023-09-09,Memphis,American Athletic,fbs,Arkansas State,Sun Belt,fbs,away,False,37.0,3.0,34.0,W
401520201,2023,2,2023-09-09,Miami,ACC,fbs,Texas A&M,SEC,fbs,home,False,48.0,33.0,15.0,W
401526833,2023,2,2023-09-09,Miami (OH),Mid-American,fbs,Massachusetts,FBS Independents,fbs,away,False,41.0,28.0,13.0,W
401520202,2023,2,2023-09-09,Michigan,Big Ten,fbs,UNLV,Mountain West,fbs,home,False,35.0,7.0,28.0,W
401520203,2023,2,2023-09-09,Michigan State,Big Ten,fbs,Richmond,Coastal Athletic,fcs,home,False,45.0,14.0,31.0,W
401520206,2023,2,2023-09-09,Middle Tennessee,Conference USA,fbs,Missouri,SEC,fbs,away,False,19.0,23.0,-4.0,L
401520204,2023,2,2023-09-09,Minnesota,Big Ten,fbs,Eastern Michigan,Mid-American,fbs,home,False,25.0,6.0,19.0,W
401520205,2023,2,2023-09-09,Mississippi State,SEC,fbs,Arizona,Pac-12,fbs,home,False,31.0,24.0,7.0,W
401520206,2023,2,2023-09-09,Missouri,SEC,fbs,Middle Tennessee,Conference USA,fbs,home,False,23.0,19.0,4.0,W
401525436,2023,2,2023-09-09,NC State,ACC,fbs,Notre Dame,FBS Independents,fbs,home,False,24.0,45.0,-21.0,L
401531432,2023,2,2023-09-09,Navy,American Athletic,fbs,Wagner,NEC,fcs,home,False,24.0,0.0,24.0,W
401520188,2023,2,2023-09-09,Nebraska,Big Ten,fbs,Colorado,Pac-12,fbs,away,False,14.0,36.0,-22.0,L
401532576,2023,2,2023-09-09,Nevada,Mountain West,fbs,Idaho,Big Sky,fcs,home,False,6.0,33.0,-27.0,L
401532577,2023,2,2023-09-09,New Mexico,Mountain West,fbs,Tennessee Tech,Big South-OVC,fcs,home,False,56.0,10.0,46.0,W
401520198,2023,2,2023-09-09,New Mexico State,Conference USA,fbs,Liberty,Conference USA,fbs,away,True,17.0,33.0,-16.0,L
401525495,2023,2,2023-09-09,North Carolina,ACC,fbs,App State,Sun Belt,fbs,home,False,40.0,34.0,6.0,W
401520189,2023,2,2023-09-09,North Texas,American Athletic,fbs,Florida International,Conference USA,fbs,away,False,39.0,46.0,-7.0,L
401532397,2023,2,2023-09-09,Northern Illinois,Mid-American,fbs,Southern Illinois,MVFC,fcs,home,False,11.0,14.0,-3.0,L
401520207,2023,2,2023-09-09,Northwestern,Big Ten,fbs,UTEP,Conference USA,fbs,home,False,38.0,7.0,31.0,W
401525436,2023,2,2023-09-09,Notre Dame,FBS Independents,fbs,NC State,ACC,fbs,away,False,45.0,24.0,21.0,W
401531419,2023,2,2023-09-09,Ohio,Mid-American,fbs,Florida Atlantic,American Athletic,fbs,away,False,17.0,10.0,7.0,W
401520208,2023,2,2023-09-09,Ohio State,Big Ten,fbs,Youngstown State,MVFC,fcs,home,False,35.0,7.0,28.0,W
401525830,2023,2,2023-09-09,Oklahoma,Big 12,fbs,SMU,American Athletic,fbs,home,False,28.0,11.0,17.0,W
401523998,2023,2,2023-09-09,Oklahoma State,Big 12,fbs,Arizona State,Pac-12,fbs,away,False,27.0,15.0,12.0,W
401531842,2023,2,2023-09-09,Old Dominion,Sun Belt,fbs,Louisiana,Sun Belt,fbs,home,True,38.0,31.0,7.0,W
401520214,2023,2,2023-09-09,Ole Miss,SEC,fbs,Tulane,American Athletic,fbs,away,False,37.0,20.0,17.0,W
401524002,2023,2,2023-09-09,Oregon,Pac-12,fbs,Texas Tech,Big 12,fbs,away,False,38.0,30.0,8.0,W
401524000,2023,2,2023-09-09,Oregon State,Pac-12,fbs,UC Davis,Big Sky,fcs,home,False,55.0,7.0,48.0,W
401520209,2023,2,2023-09-09,Penn State,Big Ten,fbs,Delaware,CAA,fcs,home,False,63.0,7.0,56.0,W
401525496,2023,2,2023-09-09,Pittsburgh,ACC,fbs,Cincinnati,Big 12,fbs,home,False,21.0,27.0,-6.0,L
401520215,2023,2,2023-09-09,Purdue,Big Ten,fbs,Virginia Tech,ACC,fbs,away,False,24.0,17.0,7.0,W
401525831,2023,2,2023-09-09,Rice,American Athletic,fbs,Houston,Big 12,fbs,home,False,43.0,41.0,2.0,W
401520210,2023,2,2023-09-09,Rutgers,Big Ten,fbs,Temple,American Athletic,fbs,home,False,36.0,7.0,29.0,W
401525830,2023,2,2023-09-09,SMU,American Athletic,fbs,Oklahoma,Big 12,fbs,away,False,11.0,28.0,-17.0,L
401520211,2023,2,2023-09-09,Sam Houston,Conference USA,fbs,Air Force,Mountain West,fbs,neutral,False,3.0,13.0,-10.0,L
401524001,2023,2,2023-09-09,San Diego State,Mountain West,fbs,UCLA,Pac-12,fbs,home,False,10.0,35.0,-25.0,L
401532578,2023,2,2023-09-09,San José State,Mountain West,fbs,Cal Poly,Big Sky,fcs,home,False,59.0,3.0,56.0,W
401531844,2023,2,2023-09-09,South Alabama,Sun Belt,fbs,SE Louisiana,Southland,fcs,home,False,35.0,17.0,18.0,W
401520212,2023,2,2023-09-09,South Carolina,SEC,fbs,Furman,Southern,fcs,home,False,47.0,21.0,26.0,W
401531422,2023,2,2023-09-09,South Florida,American Athletic,fbs,Florida A&M,SWAC,fcs,home,False,38.0,24.0,14.0,W
401525493,2023,2,2023-09-09,Southern Miss,Sun Belt,fbs,Florida State,ACC,fbs,away,False,13.0,66.0,-53.0,L
401524003,2023,2,2023-09-09,Stanford,Pac-12,fbs,USC,Pac-12,fbs,away,True,10.0,56.0,-46.0,L
401525497,2023,2,2023-09-09,Syracuse,ACC,fbs,Western Michigan,Mid-American,fbs,home,False,48.0,7.0,41.0,W
401525832,2023,2,2023-09-09,TCU,Big 12,fbs,Nicholls,Southland,fcs,home,False,41.0,6.0,35.0,W
401520210,2023,2,2023-09-09,Temple,American Athletic,fbs,Rutgers,Big Ten,fbs,away,False,7.0,36.0,-29.0,L
401520213,2023,2,2023-09-09,Tennessee,SEC,fbs,Austin Peay,UAC,fcs,home,False,30.0,13.0,17.0,W
401520183,2023,2,2023-09-09,Texas,Big 12,fbs,Alabama,SEC,fbs,away,False,34.0,24.0,10.0,W
401520201,2023,2,2023-09-09,Texas A&M,SEC,fbs,Miami,ACC,fbs,away,False,33.0,48.0,-15.0,L
401531395,2023,2,2023-09-09,Texas State,Sun Belt,fbs,UTSA,American Athletic,fbs,away,False,13.0,20.0,-7.0,L
401524002,2023,2,2023-09-09,Texas Tech,Big 12,fbs,Oregon,Pac-12,fbs,home,False,30.0,38.0,-8.0,L
401532398,2023,2,2023-09-09,Toledo,Mid-American,fbs,Texas Southern,SWAC,fcs,home,False,71.0,3.0,68.0,W
401525829,2023,2,2023-09-09,Troy,Sun Belt,fbs,Kansas State,Big 12,fbs,away,False,13.0,42.0,-29.0,L
401520214,2023,2,2023-09-09,Tulane,American Athletic,fbs,Ole Miss,SEC,fbs,home,False,20.0,37.0,-17.0,L
401524004,2023,2,2023-09-09,Tulsa,American Athletic,fbs,Washington,Pac-12,fbs,away,False,10.0,43.0,-33.0,L
401531378,2023,2,2023-09-09,UAB,American Athletic,fbs,Georgia Southern,Sun Belt,fbs,away,False,35.0,49.0,-14.0,L
401525827,2023,2,2023-09-09,UCF,Big 12,fbs,Boise State,Mountain West,fbs,away,False,18.0,16.0,2.0,W
401524001,2023,2,2023-09-09,UCLA,Pac-12,fbs,San Diego State,Mountain West,fbs,away,False,35.0,10.0,25.0,W
401520192,2023,2,2023-09-09,UConn,FBS Independents,fbs,Georgia State,Sun Belt,fbs,away,False,14.0,35.0,-21.0,L
401531843,2023,2,2023-09-09,UL Monroe,Sun Belt,fbs,Lamar,Southland,fcs,home,False,24.0,14.0,10.0,W
401520202,2023,2,2023-09-09,UNLV,Mountain West,fbs,Michigan,Big Ten,fbs,away,False,7.0,35.0,-28.0,L
401524003,2023,2,2023-09-09,USC,Pac-12,fbs,Stanford,Pac-12,fbs,home,True,56.0,10.0,46.0,W
401520207,2023,2,2023-09-09,UTEP,Conference USA,fbs,Northwestern,Big Ten,fbs,away,False,7.0,38.0,-31.0,L
401531395,2023,2,2023-09-09,UTSA,American Athletic,fbs,Texas State,Sun Belt,fbs,home,False,20.0,13.0,7.0,W
401523999,2023,2,2023-09-09,Utah,Pac-12,fbs,Baylor,Big 12,fbs,away,False,20.0,13.0,7.0,W
401532579,2023,2,2023-09-09,Utah State,Mountain West,fbs,Idaho State,Big Sky,fcs,home,False,78.0,28.0,50.0,W
401520216,2023,2,2023-09-09,Vanderbilt,SEC,fbs,Wake Forest,ACC,fbs,away,False,20.0,36.0,-16.0,L
401525498,2023,2,2023-09-09,Virginia,ACC,fbs,James Madison,Sun Belt,fbs,home,False,35.0,36.0,-1.0,L
401520215,2023,2,2023-09-09,Virginia Tech,ACC,fbs,Purdue,Big Ten,fbs,home,False,17.0,24.0,-7.0,L
401520216,2023,2,2023-09-09,Wake Forest,ACC,fbs,Vanderbilt,SEC,fbs,home,False,36.0,20.0,16.0,W
401524004,2023,2,2023-09-09,Washington,Pac-12,fbs,Tulsa,American Athletic,fbs,home,False,43.0,10.0,33.0,W
401520217,2023,2,2023-09-09,Washington State,Pac-12,fbs,Wisconsin,Big Ten,fbs,home,False,31.0,22.0,9.0,W
401525833,2023,2,2023-09-09,West Virginia,Big 12,fbs,Duquesne,NEC,fcs,home,False,56.0,17.0,39.0,W
401520218,2023,2,2023-09-09,Western Kentucky,Conference USA,fbs,Houston Christian,Southland,fcs,home,False,52.0,22.0,30.0,W
401525497,2023,2,2023-09-09,Western Michigan,Mid-American,fbs,Syracuse,ACC,fbs,away,False,7.0,48.0,-41.0,L
401520217,2023,2,2023-09-09,Wisconsin,Big Ten,fbs,Washington State,Pac-12,fbs,away,False,22.0,31.0,-9.0,L
401532580,2023,2,2023-09-09,Wyoming,Mountain West,fbs,Portland State,Big Sky,fcs,home,False,31.0,17.0,14.0,W
401531428,2023,3,2023-09-14,Memphis,American Athletic,fbs,Navy,American Athletic,fbs,home,True,28.0,24.0,4.0,W
401525499,2023,3,2023-09-14,Miami,ACC,fbs,Bethune-Cookman,SWAC,fcs,home,False,48.0,7.0,41.0,W
401531428,2023,3,2023-09-14,Navy,American Athletic,fbs,Memphis,American Athletic,fbs,away,True,24.0,28.0,-4.0,L
401532581,2023,3,2023-09-15,Air Force,Mountain West,fbs,Utah State,Mountain West,fbs,home,True,39.0,21.0,18.0,W
401531396,2023,3,2023-09-15,Army,FBS Independents,fbs,UTSA,American Athletic,fbs,away,False,37.0,29.0,8.0,W
401520231,2023,3,2023-09-15,Maryland,Big Ten,fbs,Virginia,ACC,fbs,home,False,42.0,14.0,28.0,W
401531396,2023,3,2023-09-15,UTSA,American Athletic,fbs,Army,FBS Independents,fbs,home,False,29.0,37.0,-8.0,L
401532581,2023,3,2023-09-15,Utah State,Mountain West,fbs,Air Force,Mountain West,fbs,away,True,21.0,39.0,-18.0,L
401520231,2023,3,2023-09-15,Virginia,ACC,fbs,Maryland,Big Ten,fbs,away,False,14.0,42.0,-28.0,L
401520228,2023,3,2023-09-16,Akron,Mid-American,fbs,Kentucky,SEC,fbs,away,False,3.0,35.0,-32.0,L
401520244,2023,3,2023-09-16,Alabama,SEC,fbs,South Florida,American Athletic,fbs,away,False,17.0,3.0,14.0,W
401531412,2023,3,2023-09-16,App State,Sun Belt,fbs,East Carolina,American Athletic,fbs,home,False,43.0,28.0,15.0,W
401520219,2023,3,2023-09-16,Arizona,Pac-12,fbs,UTEP,Conference USA,fbs,home,False,31.0,10.0,21.0,W
401524005,2023,3,2023-09-16,Arizona State,Pac-12,fbs,Fresno State,Mountain West,fbs,home,False,0.0,29.0,-29.0,L
401520220,2023,3,2023-09-16,Arkansas,SEC,fbs,BYU,Big 12,fbs,home,False,31.0,38.0,-7.0,L
401531846,2023,3,2023-09-16,Arkansas State,Sun Belt,fbs,Stony Brook,Coastal Athletic,fcs,home,False,31.0,7.0,24.0,W
401520221,2023,3,2023-09-16,Auburn,SEC,fbs,Samford,Southern,fcs,home,False,45.0,13.0,32.0,W
401520220,2023,3,2023-09-16,BYU,Big 12,fbs,Arkansas,SEC,fbs,away,False,38.0,31.0,7.0,W
401532402,2023,3,2023-09-16,Ball State,Mid-American,fbs,Indiana State,MVFC,fcs,home,False,45.0,7.0,38.0,W
401525834,2023,3,2023-09-16,Baylor,Big 12,fbs,Long Island University,NEC,fcs,home,False,30.0,7.0,23.0,W
401532582,2023,3,2023-09-16,Boise State,Mountain West,fbs,North Dakota,MVFC,fcs,home,False,42.0,18.0,24.0,W
401525500,2023,3,2023-09-16,Boston College,ACC,fbs,Florida State,ACC,fbs,home,True,29.0,31.0,-2.0,L
401520232,2023,3,2023-09-16,Bowling Green,Mid-American,fbs,Michigan,Big Ten,fbs,away,False,6.0,31.0,-25.0,L
401520222,2023,3,2023-09-16,Buffalo,Mid-American,fbs,Liberty,Conference USA,fbs,home,False,27.0,55.0,-28.0,L
401524006,2023,3,2023-09-16,California,Pac-12,fbs,Idaho,Big Sky,fcs,home,False,31.0,17.0,14.0,W
401525437,2023,3,2023-09-16,Central Michigan,Mid-American,fbs,Notre Dame,FBS Independents,fbs,away,False,17.0,41.0,-24.0,L
401531403,2023,3,2023-09-16,Charlotte,American Athletic,fbs,Georgia State,Sun Belt,fbs,home,False,25.0,41.0,-16.0,L
401525835,2023,3,2023-09-16,Cincinnati,Big 12,fbs,Miami (OH),Mid-American,fbs,home,False,24.0,31.0,-7.0,L
401525501,2023,3,2023-09-16,Clemson,ACC,fbs,Florida Atlantic,American Athletic,fbs,home,False,48.0,14.0,34.0,W
401531845,2023,3,2023-09-16,Coastal Carolina,Sun Belt,fbs,Duquesne,NEC,fcs,home,False,66.0,7.0,59.0,W
401524007,2023,3,2023-09-16,Colorado,Pac-12,fbs,Colorado State,Mountain West,fbs,home,False,43.0,35.0,8.0,W
401524007,2023,3,2023-09-16,Colorado State,Mountain West,fbs,Colorado,Pac-12,fbs,away,False,35.0,43.0,-8.0,L
401520223,2023,3,2023-09-16,Duke,ACC,fbs,Northwestern,Big Ten,fbs,home,False,38.0,14.0,24.0,W
401531412,2023,3,2023-09-16,East Carolina,American Athletic,fbs,App State,Sun Belt,fbs,away,False,28.0,43.0,-15.0,L
401526834,2023,3,2023-09-16,Eastern Michigan,Mid-American,fbs,Massachusetts,FBS Independents,fbs,home,False,19.0,17.0,2.0,W
401520224,2023,3,2023-09-16,Florida,SEC,fbs,Tennessee,SEC,fbs,home,True,29.0,16.0,13.0,W
401525501,2023,3,2023-09-16,Florida Atlantic,American Athletic,fbs,Clemson,ACC,fbs,away,False,14.0,48.0,-34.0,L
401520246,2023,3,2023-09-16,Florida International,Conference USA,fbs,UConn,FBS Independents,fbs,away,False,24.0,17.0,7.0,W
401525500,2023,3,2023-09-16,Florida State,ACC,fbs,Boston College,ACC,fbs,away,True,31.0,29.0,2.0,W
401524005,2023,3,2023-09-16,Fresno State,Mountain West,fbs,Arizona State,Pac-12,fbs,away,False,29.0,0.0,29.0,W
401520225,2023,3,2023-09-16,Georgia,SEC,fbs,South Carolina,SEC,fbs,home,True,24.0,14.0,10.0,W
401520249,2023,3,2023-09-16,Georgia Southern,Sun Belt,fbs,Wisconsin,Big Ten,fbs,away,False,14.0,35.0,-21.0,L
401531403,2023,3,2023-09-16,Georgia State,Sun Belt,fbs,Charlotte,American Athletic,fbs,away,False,41.0,25.0,16.0,W
401520241,2023,3,2023-09-16,Georgia Tech,ACC,fbs,Ole Miss,SEC,fbs,away,False,23.0,48.0,-25.0,L
401524008,2023,3,2023-09-16,Hawai'i,Mountain West,fbs,Oregon,Pac-12,fbs,away,False,10.0,55.0,-45.0,L
401525836,2023,3,2023-09-16,Houston,Big 12,fbs,TCU,Big 12,fbs,home,True,13.0,36.0,-23.0,L
401520226,2023,3,2023-09-16,Illinois,Big Ten,fbs,Penn State,Big Ten,fbs,home,True,13.0,30.0,-17.0,L
401520230,2023,3,2023-09-16,Indiana,Big Ten,fbs,Louisville,ACC,fbs,neutral,False,14.0,21.0,-7.0,L
401520227,2023,3,2023-09-16,Iowa,Big Ten,fbs,Western Michigan,Mid-American,fbs,home,False,41.0,10.0,31.0,W
401525838,2023,3,2023-09-16,Iowa State,Big 12,fbs,Ohio,Mid-American,fbs,away,False,7.0,10.0,-3.0,L
401531848,2023,3,2023-09-16,James Madison,Sun Belt,fbs,Troy,Sun Belt,fbs,away,True,16.0,14.0,2.0,W
401525837,2023,3,2023-09-16,Kansas,Big 12,fbs,Nevada,Mountain West,fbs,away,False,31.0,24.0,7.0,W
401520236,2023,3,2023-09-16,Kansas State,Big 12,fbs,Missouri,SEC,fbs,away,False,27.0,30.0,-3.0,L
401532404,2023,3,2023-09-16,Kent State,Mid-American,fbs,Central Connecticut,NEC,fcs,home,False,38.0,10.0,28.0,W
401520228,2023,3,2023-09-16,Kentucky,SEC,fbs,Akron,Mid-American,fbs,home,False,35.0,3.0,32.0,W
401520235,2023,3,2023-09-16,LSU,SEC,fbs,Mississippi State,SEC,fbs,away,True,41.0,14.0,27.0,W
401520222,2023,3,2023-09-16,Liberty,Conference USA,fbs,Buffalo,Mid-American,fbs,away,False,55.0,27.0,28.0,W
401531379,2023,3,2023-09-16,Louisiana,Sun Belt,fbs,UAB,American Athletic,fbs,away,False,41.0,21.0,20.0,W
401520229,2023,3,2023-09-16,Louisiana Tech,Conference USA,fbs,North Texas,American Athletic,fbs,home,False,37.0,40.0,-3.0,L
401520230,2023,3,2023-09-16,Louisville,ACC,fbs,Indiana,Big Ten,fbs,neutral,False,21.0,14.0,7.0,W
401526834,2023,3,2023-09-16,Massachusetts,FBS Independents,fbs,Eastern Michigan,Mid-American,fbs,away,False,17.0,19.0,-2.0,L
401525835,2023,3,2023-09-16,Miami (OH),Mid-American,fbs,Cincinnati,Big 12,fbs,away,False,31.0,24.0,7.0,W
401520232,2023,3,2023-09-16,Michigan,Big Ten,fbs,Bowling Green,Mid-American,fbs,home,False,31.0,6.0,25.0,W
401520233,2023,3,2023-09-16,Michigan State,Big Ten,fbs,Washington,Pac-12,fbs,home,False,7.0,41.0,-34.0,L
401520234,2023,3,2023-09-16,Middle Tennessee,Conference USA,fbs,Murray State,MVFC,fcs,home,False,35.0,14.0,21.0,W
401520239,2023,3,2023-09-16,Minnesota,Big Ten,fbs,North Carolina,ACC,fbs,away,False,13.0,31.0,-18.0,L
401520235,2023,3,2023-09-16,Mississippi State,SEC,fbs,LSU,SEC,fbs,home,True,14.0,41.0,-27.0,L
401520236,2023,3,2023-09-16,Missouri,SEC,fbs,Kansas State,Big 12,fbs,home,False,30.0,27.0,3.0,W
401525502,2023,3,2023-09-16,NC State,ACC,fbs,VMI,Southern,fcs,home,False,45.0,7.0,38.0,W
401520237,2023,3,2023-09-16,Nebraska,Big Ten,fbs,Northern Illinois,Mid-American,fbs,home,False,35.0,11.0,24.0,W
401525837,2023,3,2023-09-16,Nevada,Mountain West,fbs,Kansas,Big 12,fbs,home,False,24.0,31.0,-7.0,L
401520238,2023,3,2023-09-16,New Mexico,Mountain West,fbs,New Mexico State,Conference USA,fbs,home,False,17.0,27.0,-10.0,L
401520238,2023,3,2023-09-16,New Mexico State,Conference USA,fbs,New Mexico,Mountain West,fbs,away,False,27.0,17.0,10.0,W
401520239,2023,3,2023-09-16,North Carolina,ACC,fbs,Minnesota,Big Ten,fbs,home,False,31.0,13.0,18.0,W
401520229,2023,3,2023-09-16,North Texas,American Athletic,fbs,Louisiana Tech,Conference USA,fbs,away,False,40.0,37.0,3.0,W
401520237,2023,3,2023-09-16,Northern Illinois,Mid-American,fbs,Nebraska,Big Ten,fbs,away,False,11.0,35.0,-24.0,L
401520223,2023,3,2023-09-16,Northwestern,Big Ten,fbs,Duke,ACC,fbs,away,False,14.0,38.0,-24.0,L
401525437,2023,3,2023-09-16,Notre Dame,FBS Independents,fbs,Central Michigan,Mid-American,fbs,home,False,41.0,17.0,24.0,W
401525838,2023,3,2023-09-16,Ohio,Mid-American,fbs,Iowa State,Big 12,fbs,home,False,10.0,7.0,3.0,W
401520240,2023,3,2023-09-16,Ohio State,Big Ten,fbs,Western Kentucky,Conference USA,fbs,home,False,63.0,10.0,53.0,W
401525842,2023,3,2023-09-16,Oklahoma,Big 12,fbs,Tulsa,American Athletic,fbs,away,False,66.0,17.0,49.0,W
401525839,2023,3,2023-09-16,Oklahoma State,Big 12,fbs,South Alabama,Sun Belt,fbs,home,False,7.0,33.0,-26.0,L
401525504,2023,3,2023-09-16,Old Dominion,Sun Belt,fbs,Wake Forest,ACC,fbs,home,False,24.0,27.0,-3.0,L
401520241,2023,3,2023-09-16,Ole Miss,SEC,fbs,Georgia Tech,ACC,fbs,home,False,48.0,23.0,25.0,W
401524008,2023,3,2023-09-16,Oregon,Pac-12,fbs,Hawai'i,Mountain West,fbs,home,False,55.0,10.0,45.0,W
401524009,2023,3,2023-09-16,Oregon State,Pac-12,fbs,San Diego State,Mountain West,fbs,home,False,26.0,9.0,17.0,W
401520226,2023,3,2023-09-16,Penn State,Big Ten,fbs,Illinois,Big Ten,fbs,away,True,30.0,13.0,17.0,W
401525503,2023,3,2023-09-16,Pittsburgh,ACC,fbs,West Virginia,Big 12,fbs,away,False,6.0,17.0,-11.0,L
401520242,2023,3,2023-09-16,Purdue,Big Ten,fbs,Syracuse,ACC,fbs,home,False,20.0,35.0,-15.0,L
401531441,2023,3,2023-09-16,Rice,American Athletic,fbs,Texas Southern,SWAC,fcs,home,False,59.0,7.0,52.0,W
401520243,2023,3,2023-09-16,Rutgers,Big Ten,fbs,Virginia Tech,ACC,fbs,home,False,35.0,16.0,19.0,W
401531438,2023,3,2023-09-16,SMU,American Athletic,fbs,Prairie View A&M,SWAC,fcs,home,False,69.0,0.0,69.0,W
401524009,2023,3,2023-09-16,San Diego State,Mountain West,fbs,Oregon State,Pac-12,fbs,away,False,9.0,26.0,-17.0,L
401532403,2023,3,2023-09-16,San José State,Mountain West,fbs,Toledo,Mid-American,fbs,away,False,17.0,21.0,-4.0,L
401525839,2023,3,2023-09-16,South Alabama,Sun Belt,fbs,Oklahoma State,Big 12,fbs,away,False,33.0,7.0,26.0,W
401520225,2023,3,2023-09-16,South Carolina,SEC,fbs,Georgia,SEC,fbs,away,True,14.0,24.0,-10.0,L
401520244,2023,3,2023-09-16,South Florida,American Athletic,fbs,Alabama,SEC,fbs,home,False,3.0,17.0,-14.0,L
401531348,2023,3,2023-09-16,Southern Miss,Sun Belt,fbs,Tulane,American Athletic,fbs,home,False,3.0,21.0,-18.0,L
401524010,2023,3,2023-09-16,Stanford,Pac-12,fbs,Sacramento State,Big Sky,fcs,home,False,23.0,30.0,-7.0,L
401520242,2023,3,2023-09-16,Syracuse,ACC,fbs,Purdue,Big Ten,fbs,away,False,35.0,20.0,15.0,W
401525836,2023,3,2023-09-16,TCU,Big 12,fbs,Houston,Big 12,fbs,away,True,36.0,13.0,23.0,W
401531388,2023,3,2023-09-16,Temple,American Athletic,fbs,Norfolk State,MEAC,fcs,home,False,41.0,9.0,32.0,W
401520224,2023,3,2023-09-16,Tennessee,SEC,fbs,Florida,SEC,fbs,away,True,16.0,29.0,-13.0,L
401525840,2023,3,2023-09-16,Texas,Big 12,fbs,Wyoming,Mountain West,fbs,home,False,31.0,10.0,21.0,W
401520245,2023,3,2023-09-16,Texas A&M,SEC,fbs,UL Monroe,Sun Belt,fbs,home,False,47.0,3.0,44.0,W
401531847,2023,3,2023-09-16,Texas State,Sun Belt,fbs,Jackson State,SWAC,fcs,home,False,77.0,34.0,43.0,W
401525841,2023,3,2023-09-16,Texas Tech,Big 12,fbs,Tarleton State,UAC,fcs,home,False,41.0,3.0,38.0,W
401532403,2023,3,2023-09-16,Toledo,Mid-American,fbs,San José State,Mountain West,fbs,home,False,21.0,17.0,4.0,W
401531848,2023,3,2023-09-16,Troy,Sun Belt,fbs,James Madison,Sun Belt,fbs,home,True,14.0,16.0,-2.0,L
401531348,2023,3,2023-09-16,Tulane,American Athletic,fbs,Southern Miss,Sun Belt,fbs,away,False,21.0,3.0,18.0,W
401525842,2023,3,2023-09-16,Tulsa,American Athletic,fbs,Oklahoma,Big 12,fbs,home,False,17.0,66.0,-49.0,L
401531379,2023,3,2023-09-16,UAB,American Athletic,fbs,Louisiana,Sun Belt,fbs,home,False,21.0,41.0,-20.0,L
401525843,2023,3,2023-09-16,UCF,Big 12,fbs,Villanova,Coastal Athletic,fcs,home,False,48.0,14.0,34.0,W
401524011,2023,3,2023-09-16,UCLA,Pac-12,fbs,North Carolina Central,MEAC,fcs,home,False,59.0,7.0,52.0,W
401520246,2023,3,2023-09-16,UConn,FBS Independents,fbs,Florida International,Conference USA,fbs,home,False,17.0,24.0,-7.0,L
401520245,2023,3,2023-09-16,UL Monroe,Sun Belt,fbs,Texas A&M,SEC,fbs,away,False,3.0,47.0,-44.0,L
401520247,2023,3,2023-09-16,UNLV,Mountain West,fbs,Vanderbilt,SEC,fbs,home,False,40.0,37.0,3.0,W
401520219,2023,3,2023-09-16,UTEP,Conference USA,fbs,Arizona,Pac-12,fbs,away,False,10.0,31.0,-21.0,L
401524012,2023,3,2023-09-16,Utah,Pac-12,fbs,Weber State,Big Sky,fcs,home,False,31.0,7.0,24.0,W
401520247,2023,3,2023-09-16,Vanderbilt,SEC,fbs,UNLV,Mountain West,fbs,away,False,37.0,40.0,-3.0,L
401520243,2023,3,2023-09-16,Virginia Tech,ACC,fbs,Rutgers,Big Ten,fbs,away,False,16.0,35.0,-19.0,L
401525504,2023,3,2023-09-16,Wake Forest,ACC,fbs,Old Dominion,Sun Belt,fbs,away,False,27.0,24.0,3.0,W
401520233,2023,3,2023-09-16,Washington,Pac-12,fbs,Michigan State,Big Ten,fbs,away,False,41.0,7.0,34.0,W
401524013,2023,3,2023-09-16,Washington State,Pac-12,fbs,Northern Colorado,Big Sky,fcs,home,False,64.0,21.0,43.0,W
401525503,2023,3,2023-09-16,West Virginia,Big 12,fbs,Pittsburgh,ACC,fbs,home,False,17.0,6.0,11.0,W
401520240,2023,3,2023-09-16,Western Kentucky,Conference USA,fbs,Ohio State,Big Ten,fbs,away,False,10.0,63.0,-53.0,L
401520227,2023,3,2023-09-16,Western Michigan,Mid-American,fbs,Iowa,Big Ten,fbs,away,False,10.0,41.0,-31.0,L
401520249,2023,3,2023-09-16,Wisconsin,Big Ten,fbs,Georgia Southern,Sun Belt,fbs,home,False,35.0,14.0,21.0,W
401525840,2023,3,2023-09-16,Wyoming,Mountain West,fbs,Texas,Big 12,fbs,away,False,10.0,31.0,-21.0,L
401531849,2023,4,2023-09-21,Coastal Carolina,Sun Belt,fbs,Georgia State,Sun Belt,fbs,home,True,17.0,30.0,-13.0,L
401531849,2023,4,2023-09-21,Georgia State,Sun Belt,fbs,Coastal Carolina,Sun Belt,fbs,away,True,30.0,17.0,13.0,W
401532584,2023,4,2023-09-22,Air Force,Mountain West,fbs,San José State,Mountain West,fbs,away,True,45.0,20.0,25.0,W
401532583,2023,4,2023-09-22,Boise State,Mountain West,fbs,San Diego State,Mountain West,fbs,away,True,34.0,31.0,3.0,W
401525505,2023,4,2023-09-22,NC State,ACC,fbs,Virginia,ACC,fbs,away,True,24.0,21.0,3.0,W
401520266,2023,4,2023-09-22,Purdue,Big Ten,fbs,Wisconsin,Big Ten,fbs,home,True,17.0,38.0,-21.0,L
401532583,2023,4,2023-09-22,San Diego State,Mountain West,fbs,Boise State,Mountain West,fbs,home,True,31.0,34.0,-3.0,L
401532584,2023,4,2023-09-22,San José State,Mountain West,fbs,Air Force,Mountain West,fbs,home,True,20.0,45.0,-25.0,L
401525505,2023,4,2023-09-22,Virginia,ACC,fbs,NC State,ACC,fbs,home,True,21.0,24.0,-3.0,L
401520266,2023,4,2023-09-22,Wisconsin,Big Ten,fbs,Purdue,Big Ten,fbs,away,True,38.0,17.0,21.0,W
401520256,2023,4,2023-09-23,Akron,Mid-American,fbs,Indiana,Big Ten,fbs,away,False,27.0,29.0,-2.0,L
401520250,2023,4,2023-09-23,Alabama,SEC,fbs,Ole Miss,SEC,fbs,home,True,24.0,10.0,14.0,W
401531870,2023,4,2023-09-23,App State,Sun Belt,fbs,Wyoming,Mountain West,fbs,away,False,19.0,22.0,-3.0,L
401524016,2023,4,2023-09-23,Arizona,Pac-12,fbs,Stanford,Pac-12,fbs,away,True,21.0,20.0,1.0,W
401524014,2023,4,2023-09-23,Arizona State,Pac-12,fbs,USC,Pac-12,fbs,home,True,28.0,42.0,-14.0,L
401520258,2023,4,2023-09-23,Arkansas,SEC,fbs,LSU,SEC,fbs,away,True,31.0,34.0,-3.0,L
401531874,2023,4,2023-09-23,Arkansas State,Sun Belt,fbs,Southern Miss,Sun Belt,fbs,home,True,44.0,37.0,7.0,W
401520268,2023,4,2023-09-23,Army,FBS Independents,fbs,Syracuse,ACC,fbs,away,False,16.0,29.0,-13.0,L
401520270,2023,4,2023-09-23,Auburn,SEC,fbs,Texas A&M,SEC,fbs,away,True,10.0,27.0,-17.0,L
401525847,2023,4,2023-09-23,BYU,Big 12,fbs,Kansas,Big 12,fbs,away,True,27.0,38.0,-11.0,L
401531871,2023,4,2023-09-23,Ball State,Mid-American,fbs,Georgia Southern,Sun Belt,fbs,home,False,3.0,40.0,-37.0,L
401525844,2023,4,2023-09-23,Baylor,Big 12,fbs,Texas,Big 12,fbs,home,True,6.0,38.0,-32.0,L
401525506,2023,4,2023-09-23,Boston College,ACC,fbs,Louisville,ACC,fbs,away,True,28.0,56.0,-28.0,L
401532405,2023,4,2023-09-23,Bowling Green,Mid-American,fbs,Ohio,Mid-American,fbs,home,True,7.0,38.0,-31.0,L
401531875,2023,4,2023-09-23,Buffalo,Mid-American,fbs,Louisiana,Sun Belt,fbs,away,False,38.0,45.0,-7.0,L
401524018,2023,4,2023-09-23,California,Pac-12,fbs,Washington,Pac-12,fbs,away,True,32.0,59.0,-27.0,L
401531876,2023,4,2023-09-23,Central Michigan,Mid-American,fbs,South Alabama,Sun Belt,fbs,away,False,34.0,30.0,4.0,W
401520251,2023,4,2023-09-23,Charlotte,American Athletic,fbs,Florida,SEC,fbs,away,False,7.0,22.0,-15.0,L
401525845,2023,4,2023-09-23,Cincinnati,Big 12,fbs,Oklahoma,Big 12,fbs,home,True,6.0,20.0,-14.0,L
401525507,2023,4,2023-09-23,Clemson,ACC,fbs,Florida State,ACC,fbs,home,True,24.0,31.0,-7.0,L
401524015,2023,4,2023-09-23,Colorado,Pac-12,fbs,Oregon,Pac-12,fbs,away,True,6.0,42.0,-36.0,L
401520262,2023,4,2023-09-23,Colorado State,Mountain West,fbs,Middle Tennessee,Conference USA,fbs,away,False,31.0,23.0,8.0,W
401520272,2023,4,2023-09-23,Duke,ACC,fbs,UConn,FBS Independents,fbs,away,False,41.0,7.0,34.0,W
401531413,2023,4,2023-09-23,East Carolina,American Athletic,fbs,Gardner-Webb,Big South-OVC,fcs,home,False,44.0,0.0,44.0,W
401520257,2023,4,2023-09-23,Eastern Michigan,Mid-American,fbs,Jacksonville State,Conference USA,fbs,away,False,0.0,21.0,-21.0,L
401520251,2023,4,2023-09-23,Florida,SEC,fbs,Charlotte,American Athletic,fbs,home,False,22.0,7.0,15.0,W
401520255,2023,4,2023-09-23,Florida Atlantic,American Athletic,fbs,Illinois,Big Ten,fbs,away,False,17.0,23.0,-6.0,L
401520275,2023,4,2023-09-23,Florida International,Conference USA,fbs,Liberty,Conference USA,fbs,home,True,6.0,38.0,-32.0,L
401525507,2023,4,2023-09-23,Florida State,ACC,fbs,Clemson,ACC,fbs,away,True,31.0,24.0,7.0,W
401532407,2023,4,2023-09-23,Fresno State,Mountain West,fbs,Kent State,Mid-American,fbs,home,False,53.0,10.0,43.0,W
401520252,2023,4,2023-09-23,Georgia,SEC,fbs,UAB,American Athletic,fbs,home,False,49.0,21.0,28.0,W
401531871,2023,4,2023-09-23,Georgia Southern,Sun Belt,fbs,Ball State,Mid-American,fbs,away,False,40.0,3.0,37.0,W
401525508,2023,4,2023-09-23,Georgia Tech,ACC,fbs,Wake Forest,ACC,fbs,away,True,30.0,16.0,14.0,W
401520253,2023,4,2023-09-23,Hawai'i,Mountain West,fbs,New Mexico State,Conference USA,fbs,home,False,20.0,17.0,3.0,W
401520254,2023,4,2023-09-23,Houston,Big 12,fbs,Sam Houston,Conference USA,fbs,home,False,38.0,7.0,31.0,W
401520255,2023,4,2023-09-23,Illinois,Big Ten,fbs,Florida Atlantic,American Athletic,fbs,home,False,23.0,17.0,6.0,W
401520256,2023,4,2023-09-23,Indiana,Big Ten,fbs,Akron,Mid-American,fbs,home,False,29.0,27.0,2.0,W
401520265,2023,4,2023-09-23,Iowa,Big Ten,fbs,Penn State,Big Ten,fbs,away,True,0.0,31.0,-31.0,L
401525846,2023,4,2023-09-23,Iowa State,Big 12,fbs,Oklahoma State,Big 12,fbs,home,True,34.0,27.0,7.0,W
401520257,2023,4,2023-09-23,Jacksonville State,Conference USA,fbs,Eastern Michigan,Mid-American,fbs,home,False,21.0,0.0,21.0,W
401531872,2023,4,2023-09-23,James Madison,Sun Belt,fbs,Utah State,Mountain West,fbs,away,False,45.0,38.0,7.0,W
401525847,2023,4,2023-09-23,Kansas,Big 12,fbs,BYU,Big 12,fbs,home,True,38.0,27.0,11.0,W
401525848,2023,4,2023-09-23,Kansas State,Big 12,fbs,UCF,Big 12,fbs,home,True,44.0,31.0,13.0,W
401532407,2023,4,2023-09-23,Kent State,Mid-American,fbs,Fresno State,Mountain West,fbs,away,False,10.0,53.0,-43.0,L
401520274,2023,4,2023-09-23,Kentucky,SEC,fbs,Vanderbilt,SEC,fbs,away,True,45.0,28.0,17.0,W
401520258,2023,4,2023-09-23,LSU,SEC,fbs,Arkansas,SEC,fbs,home,True,34.0,31.0,3.0,W
401520275,2023,4,2023-09-23,Liberty,Conference USA,fbs,Florida International,Conference USA,fbs,away,True,38.0,6.0,32.0,W
401531875,2023,4,2023-09-23,Louisiana,Sun Belt,fbs,Buffalo,Mid-American,fbs,home,False,45.0,38.0,7.0,W
401520263,2023,4,2023-09-23,Louisiana Tech,Conference USA,fbs,Nebraska,Big Ten,fbs,away,False,14.0,28.0,-14.0,L
401525506,2023,4,2023-09-23,Louisville,ACC,fbs,Boston College,ACC,fbs,home,True,56.0,28.0,28.0,W
401525511,2023,4,2023-09-23,Marshall,Sun Belt,fbs,Virginia Tech,ACC,fbs,home,False,24.0,17.0,7.0,W
401520261,2023,4,2023-09-23,Maryland,Big Ten,fbs,Michigan State,Big Ten,fbs,away,True,31.0,9.0,22.0,W
401526835,2023,4,2023-09-23,Massachusetts,FBS Independents,fbs,New Mexico,Mountain West,fbs,home,False,31.0,34.0,-3.0,L
401520259,2023,4,2023-09-23,Memphis,American Athletic,fbs,Missouri,SEC,fbs,neutral,False,27.0,34.0,-7.0,L
401525509,2023,4,2023-09-23,Miami,ACC,fbs,Temple,American Athletic,fbs,away,False,41.0,7.0,34.0,W
401532408,2023,4,2023-09-23,Miami (OH),Mid-American,fbs,Delaware State,MEAC,fcs,home,False,62.0,20.0,42.0,W
401520260,2023,4,2023-09-23,Michigan,Big Ten,fbs,Rutgers,Big Ten,fbs,home,True,31.0,7.0,24.0,W
401520261,2023,4,2023-09-23,Michigan State,Big Ten,fbs,Maryland,Big Ten,fbs,home,True,9.0,31.0,-22.0,L
401520262,2023,4,2023-09-23,Middle Tennessee,Conference USA,fbs,Colorado State,Mountain West,fbs,home,False,23.0,31.0,-8.0,L
401520264,2023,4,2023-09-23,Minnesota,Big Ten,fbs,Northwestern,Big Ten,fbs,away,True,34.0,37.0,-3.0,L
401520267,2023,4,2023-09-23,Mississippi State,SEC,fbs,South Carolina,SEC,fbs,away,True,30.0,37.0,-7.0,L
401520259,2023,4,2023-09-23,Missouri,SEC,fbs,Memphis,American Athletic,fbs,neutral,False,34.0,27.0,7.0,W
401520263,2023,4,2023-09-23,Nebraska,Big Ten,fbs,Louisiana Tech,Conference USA,fbs,home,False,28.0,14.0,14.0,W
401531877,2023,4,2023-09-23,Nevada,Mountain West,fbs,Texas State,Sun Belt,fbs,away,False,24.0,35.0,-11.0,L
401526835,2023,4,2023-09-23,New Mexico,Mountain West,fbs,Massachusetts,FBS Independents,fbs,away,False,34.0,31.0,3.0,W
401520253,2023,4,2023-09-23,New Mexico State,Conference USA,fbs,Hawai'i,Mountain West,fbs,away,False,17.0,20.0,-3.0,L
401525510,2023,4,2023-09-23,North Carolina,ACC,fbs,Pittsburgh,ACC,fbs,away,True,41.0,24.0,17.0,W
401531338,2023,4,2023-09-23,Northern Illinois,Mid-American,fbs,Tulsa,American Athletic,fbs,home,False,14.0,22.0,-8.0,L
401520264,2023,4,2023-09-23,Northwestern,Big Ten,fbs,Minnesota,Big Ten,fbs,home,True,37.0,34.0,3.0,W
401521330,2023,4,2023-09-23,Notre Dame,FBS Independents,fbs,Ohio State,Big Ten,fbs,home,False,14.0,17.0,-3.0,L
401532405,2023,4,2023-09-23,Ohio,Mid-American,fbs,Bowling Green,Mid-American,fbs,away,True,38.0,7.0,31.0,W
401521330,2023,4,2023-09-23,Ohio State,Big Ten,fbs,Notre Dame,FBS Independents,fbs,away,False,17.0,14.0,3.0,W
401525845,2023,4,2023-09-23,Oklahoma,Big 12,fbs,Cincinnati,Big 12,fbs,away,True,20.0,6.0,14.0,W
401525846,2023,4,2023-09-23,Oklahoma State,Big 12,fbs,Iowa State,Big 12,fbs,away,True,27.0,34.0,-7.0,L
401531873,2023,4,2023-09-23,Old Dominion,Sun Belt,fbs,East Texas A&M,Southland,fcs,home,False,10.0,9.0,1.0,W
401520250,2023,4,2023-09-23,Ole Miss,SEC,fbs,Alabama,SEC,fbs,away,True,10.0,24.0,-14.0,L
401524015,2023,4,2023-09-23,Oregon,Pac-12,fbs,Colorado,Pac-12,fbs,home,True,42.0,6.0,36.0,W
401524019,2023,4,2023-09-23,Oregon State,Pac-12,fbs,Washington State,Pac-12,fbs,away,True,35.0,38.0,-3.0,L
401520265,2023,4,2023-09-23,Penn State,Big Ten,fbs,Iowa,Big Ten,fbs,home,True,31.0,0.0,31.0,W
401525510,2023,4,2023-09-23,Pittsburgh,ACC,fbs,North Carolina,ACC,fbs,home,True,24.0,41.0,-17.0,L
401531423,2023,4,2023-09-23,Rice,American Athletic,fbs,South Florida,American Athletic,fbs,away,True,29.0,42.0,-13.0,L
401520260,2023,4,2023-09-23,Rutgers,Big Ten,fbs,Michigan,Big Ten,fbs,away,True,7.0,31.0,-24.0,L
401525849,2023,4,2023-09-23,SMU,American Athletic,fbs,TCU,Big 12,fbs,away,False,17.0,34.0,-17.0,L
401520254,2023,4,2023-09-23,Sam Houston,Conference USA,fbs,Houston,Big 12,fbs,away,False,7.0,38.0,-31.0,L
401531876,2023,4,2023-09-23,South Alabama,Sun Belt,fbs,Central Michigan,Mid-American,fbs,home,False,30.0,34.0,-4.0,L
401520267,2023,4,2023-09-23,South Carolina,SEC,fbs,Mississippi State,SEC,fbs,home,True,37.0,30.0,7.0,W
401531423,2023,4,2023-09-23,South Florida,American Athletic,fbs,Rice,American Athletic,fbs,home,True,42.0,29.0,13.0,W
401531874,2023,4,2023-09-23,Southern Miss,Sun Belt,fbs,Arkansas State,Sun Belt,fbs,away,True,37.0,44.0,-7.0,L
401524016,2023,4,2023-09-23,Stanford,Pac-12,fbs,Arizona,Pac-12,fbs,home,True,20.0,21.0,-1.0,L
401520268,2023,4,2023-09-23,Syracuse,ACC,fbs,Army,FBS Independents,fbs,home,False,29.0,16.0,13.0,W
401525849,2023,4,2023-09-23,TCU,Big 12,fbs,SMU,American Athletic,fbs,home,False,34.0,17.0,17.0,W
401525509,2023,4,2023-09-23,Temple,American Athletic,fbs,Miami,ACC,fbs,home,False,7.0,41.0,-34.0,L
401520269,2023,4,2023-09-23,Tennessee,SEC,fbs,UTSA,American Athletic,fbs,home,False,45.0,14.0,31.0,W
401525844,2023,4,2023-09-23,Texas,Big 12,fbs,Baylor,Big 12,fbs,away,True,38.0,6.0,32.0,W
401520270,2023,4,2023-09-23,Texas A&M,SEC,fbs,Auburn,SEC,fbs,home,True,27.0,10.0,17.0,W
401531877,2023,4,2023-09-23,Texas State,Sun Belt,fbs,Nevada,Mountain West,fbs,home,False,35.0,24.0,11.0,W
401525850,2023,4,2023-09-23,Texas Tech,Big 12,fbs,West Virginia,Big 12,fbs,away,True,13.0,20.0,-7.0,L
401532406,2023,4,2023-09-23,Toledo,Mid-American,fbs,Western Michigan,Mid-American,fbs,home,True,49.0,31.0,18.0,W
401520271,2023,4,2023-09-23,Troy,Sun Belt,fbs,Western Kentucky,Conference USA,fbs,home,False,27.0,24.0,3.0,W
401531349,2023,4,2023-09-23,Tulane,American Athletic,fbs,Nicholls,Southland,fcs,home,False,36.0,7.0,29.0,W
401531338,2023,4,2023-09-23,Tulsa,American Athletic,fbs,Northern Illinois,Mid-American,fbs,away,False,22.0,14.0,8.0,W
401520252,2023,4,2023-09-23,UAB,American Athletic,fbs,Georgia,SEC,fbs,away,False,21.0,49.0,-28.0,L
401525848,2023,4,2023-09-23,UCF,Big 12,fbs,Kansas State,Big 12,fbs,away,True,31.0,44.0,-13.0,L
401524017,2023,4,2023-09-23,UCLA,Pac-12,fbs,Utah,Pac-12,fbs,away,True,7.0,14.0,-7.0,L
401520272,2023,4,2023-09-23,UConn,FBS Independents,fbs,Duke,ACC,fbs,home,False,7.0,41.0,-34.0,L
401520273,2023,4,2023-09-23,UNLV,Mountain West,fbs,UTEP,Conference USA,fbs,away,False,45.0,28.0,17.0,W
401524014,2023,4,2023-09-23,USC,Pac-12,fbs,Arizona State,Pac-12,fbs,away,True,42.0,28.0,14.0,W
401520273,2023,4,2023-09-23,UTEP,Conference USA,fbs,UNLV,Mountain West,fbs,home,False,28.0,45.0,-17.0,L
401520269,2023,4,2023-09-23,UTSA,American Athletic,fbs,Tennessee,SEC,fbs,away,False,14.0,45.0,-31.0,L
401524017,2023,4,2023-09-23,Utah,Pac-12,fbs,UCLA,Pac-12,fbs,home,True,14.0,7.0,7.0,W
401531872,2023,4,2023-09-23,Utah State,Mountain West,fbs,James Madison,Sun Belt,fbs,home,False,38.0,45.0,-7.0,L
401520274,2023,4,2023-09-23,Vanderbilt,SEC,fbs,Kentucky,SEC,fbs,home,True,28.0,45.0,-17.0,L
401525511,2023,4,2023-09-23,Virginia Tech,ACC,fbs,Marshall,Sun Belt,fbs,away,False,17.0,24.0,-7.0,L
401525508,2023,4,2023-09-23,Wake Forest,ACC,fbs,Georgia Tech,ACC,fbs,home,True,16.0,30.0,-14.0,L
401524018,2023,4,2023-09-23,Washington,Pac-12,fbs,California,Pac-12,fbs,home,True,59.0,32.0,27.0,W
401524019,2023,4,2023-09-23,Washington State,Pac-12,fbs,Oregon State,Pac-12,fbs,home,True,38.0,35.0,3.0,W
401525850,2023,4,2023-09-23,West Virginia,Big 12,fbs,Texas Tech,Big 12,fbs,home,True,20.0,13.0,7.0,W
401520271,2023,4,2023-09-23,Western Kentucky,Conference USA,fbs,Troy,Sun Belt,fbs,away,False,24.0,27.0,-3.0,L
401532406,2023,4,2023-09-23,Western Michigan,Mid-American,fbs,Toledo,Mid-American,fbs,away,True,31.0,49.0,-18.0,L
401531870,2023,4,2023-09-23,Wyoming,Mountain West,fbs,App State,Sun Belt,fbs,home,False,22.0,19.0,3.0,W
401520276,2023,5,2023-09-28,Jacksonville State,Conference USA,fbs,Sam Houston,Conference USA,fbs,away,True,35.0,28.0,7.0,W
401520277,2023,5,2023-09-28,Middle Tennessee,Conference USA,fbs,Western Kentucky,Conference USA,fbs,away,True,10.0,31.0,-21.0,L
401520276,2023,5,2023-09-28,Sam Houston,Conference USA,fbs,Jacksonville State,Conference USA,fbs,home,True,28.0,35.0,-7.0,L
401531339,2023,5,2023-09-28,Temple,American Athletic,fbs,Tulsa,American Athletic,fbs,away,True,26.0,48.0,-22.0,L
401531339,2023,5,2023-09-28,Tulsa,American Athletic,fbs,Temple,American Athletic,fbs,home,True,48.0,26.0,22.0,W
401520277,2023,5,2023-09-28,Western Kentucky,Conference USA,fbs,Middle Tennessee,Conference USA,fbs,home,True,31.0,10.0,21.0,W
401525851,2023,5,2023-09-29,BYU,Big 12,fbs,Cincinnati,Big 12,fbs,home,True,35.0,27.0,8.0,W
401525851,2023,5,2023-09-29,Cincinnati,Big 12,fbs,BYU,Big 12,fbs,away,True,27.0,35.0,-8.0,L
401520278,2023,5,2023-09-29,Louisiana Tech,Conference USA,fbs,UTEP,Conference USA,fbs,away,True,24.0,10.0,14.0,W
401525512,2023,5,2023-09-29,Louisville,ACC,fbs,NC State,ACC,fbs,away,True,13.0,10.0,3.0,W
401525512,2023,5,2023-09-29,NC State,ACC,fbs,Louisville,ACC,fbs,home,True,10.0,13.0,-3.0,L
401524020,2023,5,2023-09-29,Oregon State,Pac-12,fbs,Utah,Pac-12,fbs,home,True,21.0,7.0,14.0,W
401520278,2023,5,2023-09-29,UTEP,Conference USA,fbs,Louisiana Tech,Conference USA,fbs,home,True,10.0,24.0,-14.0,L
401524020,2023,5,2023-09-29,Utah,Pac-12,fbs,Oregon State,Pac-12,fbs,away,True,7.0,21.0,-14.0,L
401532589,2023,5,2023-09-30,Air Force,Mountain West,fbs,San Diego State,Mountain West,fbs,home,True,49.0,10.0,39.0,W
401532412,2023,5,2023-09-30,Akron,Mid-American,fbs,Buffalo,Mid-American,fbs,home,True,10.0,13.0,-3.0,L
401520285,2023,5,2023-09-30,Alabama,SEC,fbs,Mississippi State,SEC,fbs,away,True,40.0,17.0,23.0,W
401531882,2023,5,2023-09-30,App State,Sun Belt,fbs,UL Monroe,Sun Belt,fbs,away,True,41.0,40.0,1.0,W
401524021,2023,5,2023-09-30,Arizona,Pac-12,fbs,Washington,Pac-12,fbs,home,True,24.0,31.0,-7.0,L
401524022,2023,5,2023-09-30,Arizona State,Pac-12,fbs,California,Pac-12,fbs,away,True,21.0,24.0,-3.0,L
401520279,2023,5,2023-09-30,Arkansas,SEC,fbs,Texas A&M,SEC,fbs,neutral,True,22.0,34.0,-12.0,L
401526836,2023,5,2023-09-30,Arkansas State,Sun Belt,fbs,Massachusetts,FBS Independents,fbs,away,False,52.0,28.0,24.0,W
401520280,2023,5,2023-09-30,Auburn,SEC,fbs,Georgia,SEC,fbs,home,True,20.0,27.0,-7.0,L
401532409,2023,5,2023-09-30,Ball State,Mid-American,fbs,Western Michigan,Mid-American,fbs,away,True,24.0,42.0,-18.0,L
401525856,2023,5,2023-09-30,Baylor,Big 12,fbs,UCF,Big 12,fbs,away,True,36.0,35.0,1.0,W
401531429,2023,5,2023-09-30,Boise State,Mountain West,fbs,Memphis,American Athletic,fbs,away,False,32.0,35.0,-3.0,L
401525513,2023,5,2023-09-30,Boston College,ACC,fbs,Virginia,ACC,fbs,home,True,27.0,24.0,3.0,W
401525515,2023,5,2023-09-30,Bowling Green,Mid-American,fbs,Georgia Tech,ACC,fbs,away,False,38.0,27.0,11.0,W
401532412,2023,5,2023-09-30,Buffalo,Mid-American,fbs,Akron,Mid-American,fbs,away,True,13.0,10.0,3.0,W
401524022,2023,5,2023-09-30,California,Pac-12,fbs,Arizona State,Pac-12,fbs,home,True,24.0,21.0,3.0,W
401532410,2023,5,2023-09-30,Central Michigan,Mid-American,fbs,Eastern Michigan,Mid-American,fbs,home,True,26.0,23.0,3.0,W
401531404,2023,5,2023-09-30,Charlotte,American Athletic,fbs,SMU,American Athletic,fbs,away,True,16.0,34.0,-18.0,L
401525514,2023,5,2023-09-30,Clemson,ACC,fbs,Syracuse,ACC,fbs,away,True,31.0,14.0,17.0,W
401531878,2023,5,2023-09-30,Coastal Carolina,Sun Belt,fbs,Georgia Southern,Sun Belt,fbs,away,True,28.0,38.0,-10.0,L
401524023,2023,5,2023-09-30,Colorado,Pac-12,fbs,USC,Pac-12,fbs,home,True,41.0,48.0,-7.0,L
401532585,2023,5,2023-09-30,Colorado State,Mountain West,fbs,Utah Tech,UAC,fcs,home,False,41.0,20.0,21.0,W
401525438,2023,5,2023-09-30,Duke,ACC,fbs,Notre Dame,FBS Independents,fbs,home,False,14.0,21.0,-7.0,L
401531414,2023,5,2023-09-30,East Carolina,American Athletic,fbs,Rice,American Athletic,fbs,away,True,17.0,24.0,-7.0,L
401532410,2023,5,2023-09-30,Eastern Michigan,Mid-American,fbs,Central Michigan,Mid-American,fbs,away,True,23.0,26.0,-3.0,L
401520282,2023,5,2023-09-30,Florida,SEC,fbs,Kentucky,SEC,fbs,away,True,14.0,33.0,-19.0,L
401532587,2023,5,2023-09-30,Fresno State,Mountain West,fbs,Nevada,Mountain West,fbs,home,True,27.0,9.0,18.0,W
401520280,2023,5,2023-09-30,Georgia,SEC,fbs,Auburn,SEC,fbs,away,True,27.0,20.0,7.0,W
401531878,2023,5,2023-09-30,Georgia Southern,Sun Belt,fbs,Coastal Carolina,Sun Belt,fbs,home,True,38.0,28.0,10.0,W
401531879,2023,5,2023-09-30,Georgia State,Sun Belt,fbs,Troy,Sun Belt,fbs,home,True,7.0,28.0,-21.0,L
401525515,2023,5,2023-09-30,Georgia Tech,ACC,fbs,Bowling Green,Mid-American,fbs,home,False,27.0,38.0,-11.0,L
401532586,2023,5,2023-09-30,Hawai'i,Mountain West,fbs,UNLV,Mountain West,fbs,away,True,20.0,44.0,-24.0,L
401525855,2023,5,2023-09-30,Houston,Big 12,fbs,Texas Tech,Big 12,fbs,away,True,28.0,49.0,-21.0,L
401520289,2023,5,2023-09-30,Illinois,Big Ten,fbs,Purdue,Big Ten,fbs,away,True,19.0,44.0,-25.0,L
401520283,2023,5,2023-09-30,Indiana,Big Ten,fbs,Maryland,Big Ten,fbs,away,True,17.0,44.0,-27.0,L
401520281,2023,5,2023-09-30,Iowa,Big Ten,fbs,Michigan State,Big Ten,fbs,home,True,26.0,16.0,10.0,W
401525852,2023,5,2023-09-30,Iowa State,Big 12,fbs,Oklahoma,Big 12,fbs,away,True,20.0,50.0,-30.0,L
401531880,2023,5,2023-09-30,James Madison,Sun Belt,fbs,South Alabama,Sun Belt,fbs,home,True,31.0,23.0,8.0,W
401525854,2023,5,2023-09-30,Kansas,Big 12,fbs,Texas,Big 12,fbs,away,True,14.0,40.0,-26.0,L
401532413,2023,5,2023-09-30,Kent State,Mid-American,fbs,Miami (OH),Mid-American,fbs,home,True,3.0,23.0,-20.0,L
401520282,2023,5,2023-09-30,Kentucky,SEC,fbs,Florida,SEC,fbs,home,True,33.0,14.0,19.0,W
401520288,2023,5,2023-09-30,LSU,SEC,fbs,Ole Miss,SEC,fbs,away,True,49.0,55.0,-6.0,L
401520284,2023,5,2023-09-30,Louisiana,Sun Belt,fbs,Minnesota,Big Ten,fbs,away,False,24.0,35.0,-11.0,L
401531881,2023,5,2023-09-30,Marshall,Sun Belt,fbs,Old Dominion,Sun Belt,fbs,home,True,41.0,35.0,6.0,W
401520283,2023,5,2023-09-30,Maryland,Big Ten,fbs,Indiana,Big Ten,fbs,home,True,44.0,17.0,27.0,W
401526836,2023,5,2023-09-30,Massachusetts,FBS Independents,fbs,Arkansas State,Sun Belt,fbs,home,False,28.0,52.0,-24.0,L
401531429,2023,5,2023-09-30,Memphis,American Athletic,fbs,Boise State,Mountain West,fbs,home,False,35.0,32.0,3.0,W
401532413,2023,5,2023-09-30,Miami (OH),Mid-American,fbs,Kent State,Mid-American,fbs,away,True,23.0,3.0,20.0,W
401520286,2023,5,2023-09-30,Michigan,Big Ten,fbs,Nebraska,Big Ten,fbs,away,True,45.0,7.0,38.0,W
401520281,2023,5,2023-09-30,Michigan State,Big Ten,fbs,Iowa,Big Ten,fbs,away,True,16.0,26.0,-10.0,L
401520284,2023,5,2023-09-30,Minnesota,Big Ten,fbs,Louisiana,Sun Belt,fbs,home,False,35.0,24.0,11.0,W
401520285,2023,5,2023-09-30,Mississippi State,SEC,fbs,Alabama,SEC,fbs,home,True,17.0,40.0,-23.0,L
401520293,2023,5,2023-09-30,Missouri,SEC,fbs,Vanderbilt,SEC,fbs,away,True,38.0,21.0,17.0,W
401531424,2023,5,2023-09-30,Navy,American Athletic,fbs,South Florida,American Athletic,fbs,home,True,30.0,44.0,-14.0,L
401520286,2023,5,2023-09-30,Nebraska,Big Ten,fbs,Michigan,Big Ten,fbs,home,True,7.0,45.0,-38.0,L
401532587,2023,5,2023-09-30,Nevada,Mountain West,fbs,Fresno State,Mountain West,fbs,away,True,9.0,27.0,-18.0,L
401532588,2023,5,2023-09-30,New Mexico,Mountain West,fbs,Wyoming,Mountain West,fbs,away,True,26.0,35.0,-9.0,L
401531436,2023,5,2023-09-30,North Texas,American Athletic,fbs,Abilene Christian,UAC,fcs,home,False,45.0,31.0,14.0,W
401532411,2023,5,2023-09-30,Northern Illinois,Mid-American,fbs,Toledo,Mid-American,fbs,away,True,33.0,35.0,-2.0,L
401520287,2023,5,2023-09-30,Northwestern,Big Ten,fbs,Penn State,Big Ten,fbs,home,True,13.0,41.0,-28.0,L
401525438,2023,5,2023-09-30,Notre Dame,FBS Independents,fbs,Duke,ACC,fbs,away,False,21.0,14.0,7.0,W
401525852,2023,5,2023-09-30,Oklahoma,Big 12,fbs,Iowa State,Big 12,fbs,home,True,50.0,20.0,30.0,W
401531881,2023,5,2023-09-30,Old Dominion,Sun Belt,fbs,Marshall,Sun Belt,fbs,away,True,35.0,41.0,-6.0,L
401520288,2023,5,2023-09-30,Ole Miss,SEC,fbs,LSU,SEC,fbs,home,True,55.0,49.0,6.0,W
401524024,2023,5,2023-09-30,Oregon,Pac-12,fbs,Stanford,Pac-12,fbs,away,True,42.0,6.0,36.0,W
401520287,2023,5,2023-09-30,Penn State,Big Ten,fbs,Northwestern,Big Ten,fbs,away,True,41.0,13.0,28.0,W
401525516,2023,5,2023-09-30,Pittsburgh,ACC,fbs,Virginia Tech,ACC,fbs,away,True,21.0,38.0,-17.0,L
401520289,2023,5,2023-09-30,Purdue,Big Ten,fbs,Illinois,Big Ten,fbs,home,True,44.0,19.0,25.0,W
401531414,2023,5,2023-09-30,Rice,American Athletic,fbs,East Carolina,American Athletic,fbs,home,True,24.0,17.0,7.0,W
401520290,2023,5,2023-09-30,Rutgers,Big Ten,fbs,Wagner,NEC,fcs,home,False,52.0,3.0,49.0,W
401531404,2023,5,2023-09-30,SMU,American Athletic,fbs,Charlotte,American Athletic,fbs,home,True,34.0,16.0,18.0,W
401532589,2023,5,2023-09-30,San Diego State,Mountain West,fbs,Air Force,Mountain West,fbs,away,True,10.0,49.0,-39.0,L
401531880,2023,5,2023-09-30,South Alabama,Sun Belt,fbs,James Madison,Sun Belt,fbs,away,True,23.0,31.0,-8.0,L
401520291,2023,5,2023-09-30,South Carolina,SEC,fbs,Tennessee,SEC,fbs,away,True,20.0,41.0,-21.0,L
401531424,2023,5,2023-09-30,South Florida,American Athletic,fbs,Navy,American Athletic,fbs,away,True,44.0,30.0,14.0,W
401531883,2023,5,2023-09-30,Southern Miss,Sun Belt,fbs,Texas State,Sun Belt,fbs,home,True,36.0,50.0,-14.0,L
401524024,2023,5,2023-09-30,Stanford,Pac-12,fbs,Oregon,Pac-12,fbs,home,True,6.0,42.0,-36.0,L
401525514,2023,5,2023-09-30,Syracuse,ACC,fbs,Clemson,ACC,fbs,home,True,14.0,31.0,-17.0,L
401525853,2023,5,2023-09-30,TCU,Big 12,fbs,West Virginia,Big 12,fbs,home,True,21.0,24.0,-3.0,L
401520291,2023,5,2023-09-30,Tennessee,SEC,fbs,South Carolina,SEC,fbs,home,True,41.0,20.0,21.0,W
401525854,2023,5,2023-09-30,Texas,Big 12,fbs,Kansas,Big 12,fbs,home,True,40.0,14.0,26.0,W
401520279,2023,5,2023-09-30,Texas A&M,SEC,fbs,Arkansas,SEC,fbs,neutral,True,34.0,22.0,12.0,W
401531883,2023,5,2023-09-30,Texas State,Sun Belt,fbs,Southern Miss,Sun Belt,fbs,away,True,50.0,36.0,14.0,W
401525855,2023,5,2023-09-30,Texas Tech,Big 12,fbs,Houston,Big 12,fbs,home,True,49.0,28.0,21.0,W
401532411,2023,5,2023-09-30,Toledo,Mid-American,fbs,Northern Illinois,Mid-American,fbs,home,True,35.0,33.0,2.0,W
401531879,2023,5,2023-09-30,Troy,Sun Belt,fbs,Georgia State,Sun Belt,fbs,away,True,28.0,7.0,21.0,W
401531370,2023,5,2023-09-30,Tulane,American Athletic,fbs,UAB,American Athletic,fbs,home,True,35.0,23.0,12.0,W
401531370,2023,5,2023-09-30,UAB,American Athletic,fbs,Tulane,American Athletic,fbs,away,True,23.0,35.0,-12.0,L
401525856,2023,5,2023-09-30,UCF,Big 12,fbs,Baylor,Big 12,fbs,home,True,35.0,36.0,-1.0,L
401520292,2023,5,2023-09-30,UConn,FBS Independents,fbs,Utah State,Mountain West,fbs,home,False,33.0,34.0,-1.0,L
401531882,2023,5,2023-09-30,UL Monroe,Sun Belt,fbs,App State,Sun Belt,fbs,home,True,40.0,41.0,-1.0,L
401532586,2023,5,2023-09-30,UNLV,Mountain West,fbs,Hawai'i,Mountain West,fbs,home,True,44.0,20.0,24.0,W
401524023,2023,5,2023-09-30,USC,Pac-12,fbs,Colorado,Pac-12,fbs,away,True,48.0,41.0,7.0,W
401520292,2023,5,2023-09-30,Utah State,Mountain West,fbs,UConn,FBS Independents,fbs,away,False,34.0,33.0,1.0,W
401520293,2023,5,2023-09-30,Vanderbilt,SEC,fbs,Missouri,SEC,fbs,home,True,21.0,38.0,-17.0,L
401525513,2023,5,2023-09-30,Virginia,ACC,fbs,Boston College,ACC,fbs,away,True,24.0,27.0,-3.0,L
401525516,2023,5,2023-09-30,Virginia Tech,ACC,fbs,Pittsburgh,ACC,fbs,home,True,38.0,21.0,17.0,W
401524021,2023,5,2023-09-30,Washington,Pac-12,fbs,Arizona,Pac-12,fbs,away,True,31.0,24.0,7.0,W
401525853,2023,5,2023-09-30,West Virginia,Big 12,fbs,TCU,Big 12,fbs,away,True,24.0,21.0,3.0,W
401532409,2023,5,2023-09-30,Western Michigan,Mid-American,fbs,Ball State,Mid-American,fbs,home,True,42.0,24.0,18.0,W
401532588,2023,5,2023-09-30,Wyoming,Mountain West,fbs,New Mexico,Mountain West,fbs,home,True,35.0,26.0,9.0,W
401635525,2024,1,2024-08-24,Florida State,ACC,fbs,Georgia Tech,ACC,fbs,neutral,True,21.0,24.0,-3.0,L
401635525,2024,1,2024-08-24,Georgia Tech,ACC,fbs,Florida State,ACC,fbs,neutral,True,24.0,21.0,3.0,W
401643858,2024,1,2024-08-24,Hawai'i,Mountain West,fbs,Delaware State,MEAC,fcs,home,False,35.0,14.0,21.0,W
401643696,2024,1,2024-08-24,Nevada,Mountain West,fbs,SMU,ACC,fbs,home,False,24.0,29.0,-5.0,L
401643697,2024,1,2024-08-24,New Mexico,Mountain West,fbs,Montana State,Big Sky,fcs,home,False,31.0,35.0,-4.0,L
401643696,2024,1,2024-08-24,SMU,ACC,fbs,Nevada,Mountain West,fbs,away,False,29.0,24.0,5.0,W
401628320,2024,1,2024-08-29,Arkansas,SEC,fbs,Arkansas-Pine Bluff,SWAC,fcs,neutral,False,70.0,0.0,70.0,W
401644729,2024,1,2024-08-29,Bowling Green,Mid-American,fbs,Fordham,Patriot,fcs,home,False,41.0,17.0,24.0,W
401644727,2024,1,2024-08-29,Buffalo,Mid-American,fbs,Lafayette,Patriot,fcs,home,False,30.0,13.0,17.0,W
401644730,2024,1,2024-08-29,Central Michigan,Mid-American,fbs,Central Connecticut,NEC,fcs,home,False,66.0,10.0,56.0,W
401640998,2024,1,2024-08-29,Coastal Carolina,Sun Belt,fbs,Jacksonville State,Conference USA,fbs,away,False,55.0,27.0,28.0,W
401634206,2024,1,2024-08-29,Colorado,Big 12,fbs,North Dakota State,MVFC,fcs,home,False,31.0,26.0,5.0,W
401654845,2024,1,2024-08-29,Illinois,Big Ten,fbs,Eastern Illinois,Big South-OVC,fcs,home,False,45.0,0.0,45.0,W
401640998,2024,1,2024-08-29,Jacksonville State,Conference USA,fbs,Coastal Carolina,Sun Belt,fbs,home,False,27.0,55.0,-28.0,L
401636606,2024,1,2024-08-29,Kansas,Big 12,fbs,Lindenwood,Big South-OVC,fcs,neutral,False,48.0,3.0,45.0,W
401628448,2024,1,2024-08-29,Minnesota,Big Ten,fbs,North Carolina,ACC,fbs,home,False,17.0,19.0,-2.0,L
401628327,2024,1,2024-08-29,Missouri,SEC,fbs,Murray State,MVFC,fcs,home,False,51.0,0.0,51.0,W
401634299,2024,1,2024-08-29,NC State,ACC,fbs,Western Carolina,Southern,fcs,home,False,38.0,21.0,17.0,W
401628448,2024,1,2024-08-29,North Carolina,ACC,fbs,Minnesota,Big Ten,fbs,away,False,19.0,17.0,2.0,W
401628458,2024,1,2024-08-29,Rutgers,Big Ten,fbs,Howard,MEAC,fcs,home,False,44.0,7.0,37.0,W
401643698,2024,1,2024-08-29,San José State,Mountain West,fbs,Sacramento State,Big Sky,fcs,home,False,42.0,24.0,18.0,W
401644728,2024,1,2024-08-29,Toledo,Mid-American,fbs,Duquesne,NEC,fcs,home,False,49.0,10.0,39.0,W
401645317,2024,1,2024-08-29,Tulane,American Athletic,fbs,SE Louisiana,Southland,fcs,home,False,52.0,0.0,52.0,W
401645318,2024,1,2024-08-29,Tulsa,American Athletic,fbs,Northwestern State,Southland,fcs,home,False,62.0,28.0,34.0,W
401645316,2024,1,2024-08-29,UAB,American Athletic,fbs,Alcorn State,SWAC,fcs,home,False,41.0,3.0,38.0,W
401628582,2024,1,2024-08-29,UCF,Big 12,fbs,New Hampshire,Coastal Athletic,fcs,home,False,57.0,3.0,54.0,W
401636387,2024,1,2024-08-29,UL Monroe,Sun Belt,fbs,Jackson State,SWAC,fcs,home,False,30.0,14.0,16.0,W
401636607,2024,1,2024-08-29,Utah,Big 12,fbs,Southern Utah,UAC,fcs,home,False,49.0,0.0,49.0,W
401628581,2024,1,2024-08-29,Wake Forest,ACC,fbs,North Carolina A&T,Coastal Athletic,fcs,home,False,45.0,13.0,32.0,W
401645319,2024,1,2024-08-30,Army,American Athletic,fbs,Lehigh,Patriot,fcs,home,False,42.0,7.0,35.0,W
401628584,2024,1,2024-08-30,Duke,ACC,fbs,Elon,Coastal Athletic,fcs,home,False,26.0,3.0,23.0,W
401628453,2024,1,2024-08-30,Florida Atlantic,American Athletic,fbs,Michigan State,Big Ten,fbs,away,False,10.0,16.0,-6.0,L
401628453,2024,1,2024-08-30,Michigan State,Big Ten,fbs,Florida Atlantic,American Athletic,fbs,home,False,16.0,10.0,6.0,W
401628328,2024,1,2024-08-30,Oklahoma,SEC,fbs,Temple,American Athletic,fbs,home,False,51.0,3.0,48.0,W
401634300,2024,1,2024-08-30,Stanford,ACC,fbs,TCU,Big 12,fbs,home,False,27.0,34.0,-7.0,L
401634300,2024,1,2024-08-30,TCU,Big 12,fbs,Stanford,ACC,fbs,away,False,34.0,27.0,7.0,W
401628328,2024,1,2024-08-30,Temple,American Athletic,fbs,Oklahoma,SEC,fbs,away,False,3.0,51.0,-48.0,L
401628461,2024,1,2024-08-30,Western Michigan,Mid-American,fbs,Wisconsin,Big Ten,fbs,away,False,14.0,28.0,-14.0,L
401628461,2024,1,2024-08-30,Wisconsin,Big Ten,fbs,Western Michigan,Mid-American,fbs,home,False,28.0,14.0,14.0,W
401643699,2024,1,2024-08-31,Air Force,Mountain West,fbs,Merrimack,FCS Independents,fcs,home,False,21.0,6.0,15.0,W
401628455,2024,1,2024-08-31,Akron,Mid-American,fbs,Ohio State,Big Ten,fbs,away,False,6.0,52.0,-46.0,L
401628319,2024,1,2024-08-31,Alabama,SEC,fbs,Western Kentucky,Conference USA,fbs,home,False,63.0,0.0,63.0,W
401634133,2024,1,2024-08-31,App State,Sun Belt,fbs,East Tennessee State,Southern,fcs,home,False,38.0,10.0,28.0,W
401636608,2024,1,2024-08-31,Arizona,Big 12,fbs,New Mexico,Mountain West,fbs,home,False,61.0,39.0,22.0,W
401636609,2024,1,2024-08-31,Arizona State,Big 12,fbs,Wyoming,Mountain West,fbs,home,False,48.0,7.0,41.0,W
401632064,2024,1,2024-08-31,Arkansas State,Sun Belt,fbs,Central Arkansas,UAC,fcs,home,False,34.0,31.0,3.0,W
401628321,2024,1,2024-08-31,Auburn,SEC,fbs,Alabama A&M,SWAC,fcs,home,False,73.0,3.0,70.0,W
401634240,2024,1,2024-08-31,BYU,Big 12,fbs,Southern Illinois,MVFC,fcs,home,False,41.0,13.0,28.0,W
401636610,2024,1,2024-08-31,Baylor,Big 12,fbs,Tarleton State,UAC,fcs,home,False,45.0,3.0,42.0,W
401643700,2024,1,2024-08-31,Boise State,Mountain West,fbs,Georgia Southern,Sun Belt,fbs,away,False,56.0,45.0,11.0,W
401634301,2024,1,2024-08-31,California,ACC,fbs,UC Davis,Big Sky,fcs,home,False,31.0,13.0,18.0,W
401643774,2024,1,2024-08-31,Charlotte,American Athletic,fbs,James Madison,Sun Belt,fbs,home,False,7.0,30.0,-23.0,L
401628591,2024,1,2024-08-31,Cincinnati,Big 12,fbs,Towson,Coastal Athletic,fcs,home,False,38.0,20.0,18.0,W
401628323,2024,1,2024-08-31,Clemson,ACC,fbs,Georgia,SEC,fbs,neutral,False,3.0,34.0,-31.0,L
401628331,2024,1,2024-08-31,Colorado State,Mountain West,fbs,Texas,SEC,fbs,away,False,0.0,52.0,-52.0,L
401645320,2024,1,2024-08-31,East Carolina,American Athletic,fbs,Norfolk State,MEAC,fcs,home,False,42.0,3.0,39.0,W
401629039,2024,1,2024-08-31,Eastern Michigan,Mid-American,fbs,Massachusetts,FBS Independents,fbs,away,False,28.0,14.0,14.0,W
401628322,2024,1,2024-08-31,Florida,SEC,fbs,Miami,ACC,fbs,home,False,17.0,41.0,-24.0,L
401628449,2024,1,2024-08-31,Florida International,Conference USA,fbs,Indiana,Big Ten,fbs,away,False,7.0,31.0,-24.0,L
401628452,2024,1,2024-08-31,Fresno State,Mountain West,fbs,Michigan,Big Ten,fbs,away,False,10.0,30.0,-20.0,L
401628323,2024,1,2024-08-31,Georgia,SEC,fbs,Clemson,ACC,fbs,neutral,False,34.0,3.0,31.0,W
401643700,2024,1,2024-08-31,Georgia Southern,Sun Belt,fbs,Boise State,Mountain West,fbs,home,False,45.0,56.0,-11.0,L
401634302,2024,1,2024-08-31,Georgia State,Sun Belt,fbs,Georgia Tech,ACC,fbs,away,False,12.0,35.0,-23.0,L
401634302,2024,1,2024-08-31,Georgia Tech,ACC,fbs,Georgia State,Sun Belt,fbs,home,False,35.0,12.0,23.0,W
401628459,2024,1,2024-08-31,Hawai'i,Mountain West,fbs,UCLA,Big Ten,fbs,home,False,13.0,16.0,-3.0,L
401636611,2024,1,2024-08-31,Houston,Big 12,fbs,UNLV,Mountain West,fbs,home,False,7.0,27.0,-20.0,L
401628449,2024,1,2024-08-31,Indiana,Big Ten,fbs,Florida International,Conference USA,fbs,home,False,31.0,7.0,24.0,W
401628450,2024,1,2024-08-31,Iowa,Big Ten,fbs,Illinois State,MVFC,fcs,home,False,40.0,0.0,40.0,W
401634197,2024,1,2024-08-31,Iowa State,Big 12,fbs,North Dakota,MVFC,fcs,home,False,21.0,3.0,18.0,W
401643774,2024,1,2024-08-31,James Madison,Sun Belt,fbs,Charlotte,American Athletic,fbs,away,False,30.0,7.0,23.0,W
401636612,2024,1,2024-08-31,Kansas State,Big 12,fbs,UT Martin,Big South-OVC,fcs,home,False,41.0,6.0,35.0,W
401641015,2024,1,2024-08-31,Kennesaw State,Conference USA,fbs,UTSA,American Athletic,fbs,away,False,16.0,28.0,-12.0,L
401634305,2024,1,2024-08-31,Kent State,Mid-American,fbs,Pittsburgh,ACC,fbs,away,False,24.0,55.0,-31.0,L
401628324,2024,1,2024-08-31,Kentucky,SEC,fbs,Southern Miss,Sun Belt,fbs,home,False,31.0,0.0,31.0,W
401628586,2024,1,2024-08-31,Liberty,Conference USA,fbs,Campbell,Coastal Athletic,fcs,home,False,41.0,24.0,17.0,W
401636380,2024,1,2024-08-31,Louisiana,Sun Belt,fbs,Grambling,SWAC,fcs,home,False,40.0,10.0,30.0,W
401641007,2024,1,2024-08-31,Louisiana Tech,Conference USA,fbs,Nicholls,Southland,fcs,home,False,25.0,17.0,8.0,W
401632062,2024,1,2024-08-31,Louisville,ACC,fbs,Austin Peay,UAC,fcs,home,False,62.0,0.0,62.0,W
401628590,2024,1,2024-08-31,Marshall,Sun Belt,fbs,Stony Brook,Coastal Athletic,fcs,home,False,45.0,3.0,42.0,W
401628451,2024,1,2024-08-31,Maryland,Big Ten,fbs,UConn,FBS Independents,fbs,home,False,50.0,7.0,43.0,W
401629039,2024,1,2024-08-31,Massachusetts,FBS Independents,fbs,Eastern Michigan,Mid-American,fbs,home,False,14.0,28.0,-14.0,L
401645321,2024,1,2024-08-31,Memphis,American Athletic,fbs,North Alabama,UAC,fcs,home,False,40.0,0.0,40.0,W
401628322,2024,1,2024-08-31,Miami,ACC,fbs,Florida,SEC,fbs,away,False,41.0,17.0,24.0,W
401644683,2024,1,2024-08-31,Miami (OH),Mid-American,fbs,Northwestern,Big Ten,fbs,neutral,False,6.0,13.0,-7.0,L
401628452,2024,1,2024-08-31,Michigan,Big Ten,fbs,Fresno State,Mountain West,fbs,home,False,30.0,10.0,20.0,W
401641023,2024,1,2024-08-31,Middle Tennessee,Conference USA,fbs,Tennessee Tech,Big South-OVC,fcs,home,False,32.0,25.0,7.0,W
401628326,2024,1,2024-08-31,Mississippi State,SEC,fbs,Eastern Kentucky,UAC,fcs,home,False,56.0,7.0,49.0,W
401645322,2024,1,2024-08-31,Navy,American Athletic,fbs,Bucknell,Patriot,fcs,home,False,49.0,21.0,28.0,W
401628454,2024,1,2024-08-31,Nebraska,Big Ten,fbs,UTEP,Conference USA,fbs,home,False,40.0,7.0,33.0,W
401643701,2024,1,2024-08-31,Nevada,Mountain West,fbs,Troy,Sun Belt,fbs,away,False,28.0,26.0,2.0,W
401636608,2024,1,2024-08-31,New Mexico,Mountain West,fbs,Arizona,Big 12,fbs,away,False,39.0,61.0,-22.0,L
401641032,2024,1,2024-08-31,New Mexico State,Conference USA,fbs,Southeast Missouri State,Big South-OVC,fcs,home,False,23.0,16.0,7.0,W
401643775,2024,1,2024-08-31,North Texas,American Athletic,fbs,South Alabama,Sun Belt,fbs,away,False,52.0,38.0,14.0,W
401644731,2024,1,2024-08-31,Northern Illinois,Mid-American,fbs,Western Illinois,Big South-OVC,fcs,home,False,54.0,15.0,39.0,W
401644683,2024,1,2024-08-31,Northwestern,Big Ten,fbs,Miami (OH),Mid-American,fbs,neutral,False,13.0,6.0,7.0,W
401628332,2024,1,2024-08-31,Notre Dame,FBS Independents,fbs,Texas A&M,SEC,fbs,away,False,23.0,13.0,10.0,W
401634304,2024,1,2024-08-31,Ohio,Mid-American,fbs,Syracuse,ACC,fbs,away,False,22.0,38.0,-16.0,L
401628455,2024,1,2024-08-31,Ohio State,Big Ten,fbs,Akron,Mid-American,fbs,home,False,52.0,6.0,46.0,W
401634212,2024,1,2024-08-31,Oklahoma State,Big 12,fbs,South Dakota State,MVFC,fcs,home,False,44.0,20.0,24.0,W
401628329,2024,1,2024-08-31,Old Dominion,Sun Belt,fbs,South Carolina,SEC,fbs,away,False,19.0,23.0,-4.0,L
401628325,2024,1,2024-08-31,Ole Miss,SEC,fbs,Furman,Southern,fcs,home,False,76.0,0.0,76.0,W
401628456,2024,1,2024-08-31,Oregon,Big Ten,fbs,Idaho,Big Sky,fcs,home,False,24.0,14.0,10.0,W
401643704,2024,1,2024-08-31,Oregon State,Pac-12,fbs,Idaho State,Big Sky,fcs,home,False,38.0,15.0,23.0,W
401628457,2024,1,2024-08-31,Penn State,Big Ten,fbs,West Virginia,Big 12,fbs,away,False,34.0,12.0,22.0,W
401634305,2024,1,2024-08-31,Pittsburgh,ACC,fbs,Kent State,Mid-American,fbs,home,False,55.0,24.0,31.0,W
401634169,2024,1,2024-08-31,Purdue,Big Ten,fbs,Indiana State,MVFC,fcs,home,False,49.0,0.0,49.0,W
401641039,2024,1,2024-08-31,Rice,American Athletic,fbs,Sam Houston,Conference USA,fbs,home,False,14.0,34.0,-20.0,L
401634303,2024,1,2024-08-31,SMU,ACC,fbs,Houston Christian,Southland,fcs,home,False,59.0,7.0,52.0,W
401641039,2024,1,2024-08-31,Sam Houston,Conference USA,fbs,Rice,American Athletic,fbs,away,False,34.0,14.0,20.0,W
401643702,2024,1,2024-08-31,San Diego State,Mountain West,fbs,East Texas A&M,Southland,fcs,home,False,45.0,14.0,31.0,W
401643775,2024,1,2024-08-31,South Alabama,Sun Belt,fbs,North Texas,American Athletic,fbs,home,False,38.0,52.0,-14.0,L
401628329,2024,1,2024-08-31,South Carolina,SEC,fbs,Old Dominion,Sun Belt,fbs,home,False,23.0,19.0,4.0,W
401636363,2024,1,2024-08-31,South Florida,American Athletic,fbs,Bethune-Cookman,SWAC,fcs,home,False,48.0,3.0,45.0,W
401628324,2024,1,2024-08-31,Southern Miss,Sun Belt,fbs,Kentucky,SEC,fbs,away,False,0.0,31.0,-31.0,L
401634304,2024,1,2024-08-31,Syracuse,ACC,fbs,Ohio,Mid-American,fbs,home,False,38.0,22.0,16.0,W
401628330,2024,1,2024-08-31,Tennessee,SEC,fbs,Chattanooga,Southern,fcs,home,False,69.0,3.0,66.0,W
401628331,2024,1,2024-08-31,Texas,SEC,fbs,Colorado State,Mountain West,fbs,home,False,52.0,0.0,52.0,W
401628332,2024,1,2024-08-31,Texas A&M,SEC,fbs,Notre Dame,FBS Independents,fbs,home,False,13.0,23.0,-10.0,L
401643776,2024,1,2024-08-31,Texas State,Sun Belt,fbs,Lamar,Southland,fcs,home,False,34.0,27.0,7.0,W
401636613,2024,1,2024-08-31,Texas Tech,Big 12,fbs,Abilene Christian,UAC,fcs,home,False,52.0,51.0,1.0,W
401643701,2024,1,2024-08-31,Troy,Sun Belt,fbs,Nevada,Mountain West,fbs,home,False,26.0,28.0,-2.0,L
401628459,2024,1,2024-08-31,UCLA,Big Ten,fbs,Hawai'i,Mountain West,fbs,away,False,16.0,13.0,3.0,W
401628451,2024,1,2024-08-31,UConn,FBS Independents,fbs,Maryland,Big Ten,fbs,away,False,7.0,50.0,-43.0,L
401636611,2024,1,2024-08-31,UNLV,Mountain West,fbs,Houston,Big 12,fbs,away,False,27.0,7.0,20.0,W
401628454,2024,1,2024-08-31,UTEP,Conference USA,fbs,Nebraska,Big Ten,fbs,away,False,7.0,40.0,-33.0,L
401641015,2024,1,2024-08-31,UTSA,American Athletic,fbs,Kennesaw State,Conference USA,fbs,home,False,28.0,16.0,12.0,W
401643703,2024,1,2024-08-31,Utah State,Mountain West,fbs,Robert Morris,NEC,fcs,home,False,36.0,14.0,22.0,W
401628333,2024,1,2024-08-31,Vanderbilt,SEC,fbs,Virginia Tech,ACC,fbs,home,False,34.0,27.0,7.0,W
401628589,2024,1,2024-08-31,Virginia,ACC,fbs,Richmond,Coastal Athletic,fcs,home,False,34.0,13.0,21.0,W
401628333,2024,1,2024-08-31,Virginia Tech,ACC,fbs,Vanderbilt,SEC,fbs,away,False,27.0,34.0,-7.0,L
401628460,2024,1,2024-08-31,Washington,Big Ten,fbs,Weber State,Big Sky,fcs,home,False,35.0,3.0,32.0,W
401637159,2024,1,2024-08-31,Washington State,Pac-12,fbs,Portland State,Big Sky,fcs,home,False,70.0,30.0,40.0,W
401628457,2024,1,2024-08-31,West Virginia,Big 12,fbs,Penn State,Big Ten,fbs,home,False,12.0,34.0,-22.0,L
401628319,2024,1,2024-08-31,Western Kentucky,Conference USA,fbs,Alabama,SEC,fbs,away,False,0.0,63.0,-63.0,L
401636609,2024,1,2024-08-31,Wyoming,Mountain West,fbs,Arizona State,Big 12,fbs,away,False,7.0,48.0,-41.0,L
401628334,2024,1,2024-09-01,LSU,SEC,fbs,USC,Big Ten,fbs,neutral,False,20.0,27.0,-7.0,L
401628334,2024,1,2024-09-01,USC,Big Ten,fbs,LSU,SEC,fbs,neutral,False,27.0,20.0,7.0,W
401634306,2024,1,2024-09-02,Boston College,ACC,fbs,Florida State,ACC,fbs,away,True,28.0,13.0,15.0,W
401634306,2024,1,2024-09-02,Florida State,ACC,fbs,Boston College,ACC,fbs,home,True,13.0,28.0,-15.0,L
401634765,2024,2,2024-09-06,BYU,Big 12,fbs,SMU,ACC,fbs,away,False,18.0,15.0,3.0,W
401635533,2024,2,2024-09-06,Duke,ACC,fbs,Northwestern,Big Ten,fbs,neutral,False,26.0,20.0,6.0,W
401628463,2024,2,2024-09-06,Indiana,Big Ten,fbs,Western Illinois,Big South-OVC,fcs,home,False,77.0,3.0,74.0,W
401635533,2024,2,2024-09-06,Northwestern,Big Ten,fbs,Duke,ACC,fbs,neutral,False,20.0,26.0,-6.0,L
401634765,2024,2,2024-09-06,SMU,ACC,fbs,BYU,Big 12,fbs,home,False,15.0,18.0,-3.0,L
401643705,2024,2,2024-09-07,Air Force,Mountain West,fbs,San José State,Mountain West,fbs,home,True,7.0,17.0,-10.0,L
401628471,2024,2,2024-09-07,Akron,Mid-American,fbs,Rutgers,Big Ten,fbs,away,False,17.0,49.0,-32.0,L
401628335,2024,2,2024-09-07,Alabama,SEC,fbs,South Florida,American Athletic,fbs,home,False,42.0,16.0,26.0,W
401635532,2024,2,2024-09-07,App State,Sun Belt,fbs,Clemson,ACC,fbs,away,False,20.0,66.0,-46.0,L
401636614,2024,2,2024-09-07,Arizona,Big 12,fbs,Northern Arizona,Big Sky,fcs,home,False,22.0,10.0,12.0,W
401628343,2024,2,2024-09-07,Arizona State,Big 12,fbs,Mississippi State,SEC,fbs,home,False,30.0,23.0,7.0,W
401628336,2024,2,2024-09-07,Arkansas,SEC,fbs,Oklahoma State,Big 12,fbs,away,False,31.0,39.0,-8.0,L
401643779,2024,2,2024-09-07,Arkansas State,Sun Belt,fbs,Tulsa,American Athletic,fbs,home,False,28.0,24.0,4.0,W
401645323,2024,2,2024-09-07,Army,American Athletic,fbs,Florida Atlantic,American Athletic,fbs,away,True,24.0,7.0,17.0,W
401628337,2024,2,2024-09-07,Auburn,SEC,fbs,California,ACC,fbs,home,False,14.0,21.0,-7.0,L
401634181,2024,2,2024-09-07,Ball State,Mid-American,fbs,Missouri State,MVFC,fcs,home,False,42.0,34.0,8.0,W
401636618,2024,2,2024-09-07,Baylor,Big 12,fbs,Utah,Big 12,fbs,away,False,12.0,23.0,-11.0,L
401628469,2024,2,2024-09-07,Boise State,Mountain West,fbs,Oregon,Big Ten,fbs,away,False,34.0,37.0,-3.0,L
401635531,2024,2,2024-09-07,Boston College,ACC,fbs,Duquesne,NEC,fcs,home,False,56.0,0.0,56.0,W
401628470,2024,2,2024-09-07,Bowling Green,Mid-American,fbs,Penn State,Big Ten,fbs,away,False,27.0,34.0,-7.0,L
401628344,2024,2,2024-09-07,Buffalo,Mid-American,fbs,Missouri,SEC,fbs,away,False,0.0,38.0,-38.0,L
401628337,2024,2,2024-09-07,California,ACC,fbs,Auburn,SEC,fbs,away,False,21.0,14.0,7.0,W
401640979,2024,2,2024-09-07,Central Michigan,Mid-American,fbs,Florida International,Conference USA,fbs,neutral,False,16.0,52.0,-36.0,L
401635537,2024,2,2024-09-07,Charlotte,American Athletic,fbs,North Carolina,ACC,fbs,away,False,20.0,38.0,-18.0,L
401635538,2024,2,2024-09-07,Cincinnati,Big 12,fbs,Pittsburgh,ACC,fbs,home,False,27.0,28.0,-1.0,L
401635532,2024,2,2024-09-07,Clemson,ACC,fbs,App State,Sun Belt,fbs,home,False,66.0,20.0,46.0,W
401628603,2024,2,2024-09-07,Coastal Carolina,Sun Belt,fbs,William & Mary,Coastal Athletic,fcs,home,False,40.0,21.0,19.0,W
401628467,2024,2,2024-09-07,Colorado,Big 12,fbs,Nebraska,Big Ten,fbs,away,False,10.0,28.0,-18.0,L
401643706,2024,2,2024-09-07,Colorado State,Mountain West,fbs,Northern Colorado,Big Sky,fcs,home,False,38.0,17.0,21.0,W
401643778,2024,2,2024-09-07,East Carolina,American Athletic,fbs,Old Dominion,Sun Belt,fbs,away,False,20.0,14.0,6.0,W
401628473,2024,2,2024-09-07,Eastern Michigan,Mid-American,fbs,Washington,Big Ten,fbs,away,False,9.0,30.0,-21.0,L
401628338,2024,2,2024-09-07,Florida,SEC,fbs,Samford,Southern,fcs,home,False,45.0,7.0,38.0,W
401645323,2024,2,2024-09-07,Florida Atlantic,American Athletic,fbs,Army,American Athletic,fbs,home,True,7.0,24.0,-17.0,L
401640979,2024,2,2024-09-07,Florida International,Conference USA,fbs,Central Michigan,Mid-American,fbs,neutral,False,52.0,16.0,36.0,W
401643707,2024,2,2024-09-07,Fresno State,Mountain West,fbs,Sacramento State,Big Sky,fcs,home,False,46.0,30.0,16.0,W
401628339,2024,2,2024-09-07,Georgia,SEC,fbs,Tennessee Tech,Big South-OVC,fcs,home,False,48.0,3.0,45.0,W
401643708,2024,2,2024-09-07,Georgia Southern,Sun Belt,fbs,Nevada,Mountain West,fbs,away,False,20.0,17.0,3.0,W
401632459,2024,2,2024-09-07,Georgia State,Sun Belt,fbs,Chattanooga,Southern,fcs,home,False,24.0,21.0,3.0,W
401635534,2024,2,2024-09-07,Georgia Tech,ACC,fbs,Syracuse,ACC,fbs,away,True,28.0,31.0,-3.0,L
401628345,2024,2,2024-09-07,Houston,Big 12,fbs,Oklahoma,SEC,fbs,away,False,12.0,16.0,-4.0,L
401628462,2024,2,2024-09-07,Illinois,Big Ten,fbs,Kansas,Big 12,fbs,home,False,23.0,17.0,6.0,W
401628464,2024,2,2024-09-07,Iowa,Big Ten,fbs,Iowa State,Big 12,fbs,home,False,19.0,20.0,-1.0,L
401628464,2024,2,2024-09-07,Iowa State,Big 12,fbs,Iowa,Big Ten,fbs,away,False,20.0,19.0,1.0,W
401635535,2024,2,2024-09-07,Jacksonville State,Conference USA,fbs,Louisville,ACC,fbs,away,False,14.0,49.0,-35.0,L
401643777,2024,2,2024-09-07,James Madison,Sun Belt,fbs,Gardner-Webb,Big South-OVC,fcs,home,False,13.0,6.0,7.0,W
401628462,2024,2,2024-09-07,Kansas,Big 12,fbs,Illinois,Big Ten,fbs,away,False,17.0,23.0,-6.0,L
401636616,2024,2,2024-09-07,Kansas State,Big 12,fbs,Tulane,American Athletic,fbs,away,False,34.0,27.0,7.0,W
401641016,2024,2,2024-09-07,Kennesaw State,Conference USA,fbs,Louisiana,Sun Belt,fbs,home,False,10.0,34.0,-24.0,L
401644732,2024,2,2024-09-07,Kent State,Mid-American,fbs,Saint Francis,NEC,fcs,home,False,17.0,23.0,-6.0,L
401628340,2024,2,2024-09-07,Kentucky,SEC,fbs,South Carolina,SEC,fbs,home,True,6.0,31.0,-25.0,L
401628341,2024,2,2024-09-07,LSU,SEC,fbs,Nicholls,Southland,fcs,home,False,44.0,21.0,23.0,W
401640989,2024,2,2024-09-07,Liberty,Conference USA,fbs,New Mexico State,Conference USA,fbs,away,True,30.0,24.0,6.0,W
401641016,2024,2,2024-09-07,Louisiana,Sun Belt,fbs,Kennesaw State,Conference USA,fbs,away,False,34.0,10.0,24.0,W
401635535,2024,2,2024-09-07,Louisville,ACC,fbs,Jacksonville State,Conference USA,fbs,home,False,49.0,14.0,35.0,W
401635540,2024,2,2024-09-07,Marshall,Sun Belt,fbs,Virginia Tech,ACC,fbs,away,False,14.0,31.0,-17.0,L
401628465,2024,2,2024-09-07,Maryland,Big Ten,fbs,Michigan State,Big Ten,fbs,home,True,24.0,27.0,-3.0,L
401629040,2024,2,2024-09-07,Massachusetts,FBS Independents,fbs,Toledo,Mid-American,fbs,away,False,23.0,38.0,-15.0,L
401643784,2024,2,2024-09-07,Memphis,American Athletic,fbs,Troy,Sun Belt,fbs,home,False,38.0,17.0,21.0,W
401635536,2024,2,2024-09-07,Miami,ACC,fbs,Florida A&M,SWAC,fcs,home,False,56.0,9.0,47.0,W
401628347,2024,2,2024-09-07,Michigan,Big Ten,fbs,Texas,SEC,fbs,home,False,12.0,31.0,-19.0,L
401628465,2024,2,2024-09-07,Michigan State,Big Ten,fbs,Maryland,Big Ten,fbs,away,True,27.0,24.0,3.0,W
401628342,2024,2,2024-09-07,Middle Tennessee,Conference USA,fbs,Ole Miss,SEC,fbs,away,False,3.0,52.0,-49.0,L
401628466,2024,2,2024-09-07,Minnesota,Big Ten,fbs,Rhode Island,Coastal Athletic,fcs,home,False,48.0,0.0,48.0,W
401628343,2024,2,2024-09-07,Mississippi State,SEC,fbs,Arizona State,Big 12,fbs,away,False,23.0,30.0,-7.0,L
401628344,2024,2,2024-09-07,Missouri,SEC,fbs,Buffalo,Mid-American,fbs,home,False,38.0,0.0,38.0,W
401628346,2024,2,2024-09-07,NC State,ACC,fbs,Tennessee,SEC,fbs,neutral,False,10.0,51.0,-41.0,L
401645324,2024,2,2024-09-07,Navy,American Athletic,fbs,Temple,American Athletic,fbs,home,True,38.0,11.0,27.0,W
401628467,2024,2,2024-09-07,Nebraska,Big Ten,fbs,Colorado,Big 12,fbs,home,False,28.0,10.0,18.0,W
401643708,2024,2,2024-09-07,Nevada,Mountain West,fbs,Georgia Southern,Sun Belt,fbs,home,False,17.0,20.0,-3.0,L
401640989,2024,2,2024-09-07,New Mexico State,Conference USA,fbs,Liberty,Conference USA,fbs,home,True,24.0,30.0,-6.0,L
401635537,2024,2,2024-09-07,North Carolina,ACC,fbs,Charlotte,American Athletic,fbs,home,False,38.0,20.0,18.0,W
401645325,2024,2,2024-09-07,North Texas,American Athletic,fbs,Stephen F. Austin,Southland,fcs,home,False,35.0,20.0,15.0,W
401628977,2024,2,2024-09-07,Northern Illinois,Mid-American,fbs,Notre Dame,FBS Independents,fbs,away,False,16.0,14.0,2.0,W
401628977,2024,2,2024-09-07,Notre Dame,FBS Independents,fbs,Northern Illinois,Mid-American,fbs,home,False,14.0,16.0,-2.0,L
401643781,2024,2,2024-09-07,Ohio,Mid-American,fbs,South Alabama,Sun Belt,fbs,home,False,27.0,20.0,7.0,W
401628468,2024,2,2024-09-07,Ohio State,Big Ten,fbs,Western Michigan,Mid-American,fbs,home,False,56.0,0.0,56.0,W
401628345,2024,2,2024-09-07,Oklahoma,SEC,fbs,Houston,Big 12,fbs,home,False,16.0,12.0,4.0,W
401628336,2024,2,2024-09-07,Oklahoma State,Big 12,fbs,Arkansas,SEC,fbs,home,False,39.0,31.0,8.0,W
401643778,2024,2,2024-09-07,Old Dominion,Sun Belt,fbs,East Carolina,American Athletic,fbs,home,False,14.0,20.0,-6.0,L
401628342,2024,2,2024-09-07,Ole Miss,SEC,fbs,Middle Tennessee,Conference USA,fbs,home,False,52.0,3.0,49.0,W
401628469,2024,2,2024-09-07,Oregon,Big Ten,fbs,Boise State,Mountain West,fbs,home,False,37.0,34.0,3.0,W
401643709,2024,2,2024-09-07,Oregon State,Pac-12,fbs,San Diego State,Mountain West,fbs,away,False,21.0,0.0,21.0,W
401628470,2024,2,2024-09-07,Penn State,Big Ten,fbs,Bowling Green,Mid-American,fbs,home,False,34.0,27.0,7.0,W
401635538,2024,2,2024-09-07,Pittsburgh,ACC,fbs,Cincinnati,Big 12,fbs,away,False,28.0,27.0,1.0,W
401645326,2024,2,2024-09-07,Rice,American Athletic,fbs,Texas Southern,SWAC,fcs,home,False,69.0,7.0,62.0,W
401628471,2024,2,2024-09-07,Rutgers,Big Ten,fbs,Akron,Mid-American,fbs,home,False,49.0,17.0,32.0,W
401636617,2024,2,2024-09-07,Sam Houston,Conference USA,fbs,UCF,Big 12,fbs,away,False,14.0,45.0,-31.0,L
401643709,2024,2,2024-09-07,San Diego State,Mountain West,fbs,Oregon State,Pac-12,fbs,home,False,0.0,21.0,-21.0,L
401643705,2024,2,2024-09-07,San José State,Mountain West,fbs,Air Force,Mountain West,fbs,away,True,17.0,7.0,10.0,W
401643781,2024,2,2024-09-07,South Alabama,Sun Belt,fbs,Ohio,Mid-American,fbs,away,False,20.0,27.0,-7.0,L
401628340,2024,2,2024-09-07,South Carolina,SEC,fbs,Kentucky,SEC,fbs,away,True,31.0,6.0,25.0,W
401628335,2024,2,2024-09-07,South Florida,American Athletic,fbs,Alabama,SEC,fbs,away,False,16.0,42.0,-26.0,L
401643782,2024,2,2024-09-07,Southern Miss,Sun Belt,fbs,SE Louisiana,Southland,fcs,home,False,35.0,10.0,25.0,W
401635539,2024,2,2024-09-07,Stanford,ACC,fbs,Cal Poly,Big Sky,fcs,home,False,41.0,7.0,34.0,W
401635534,2024,2,2024-09-07,Syracuse,ACC,fbs,Georgia Tech,ACC,fbs,home,True,31.0,28.0,3.0,W
401636615,2024,2,2024-09-07,TCU,Big 12,fbs,Long Island University,NEC,fcs,home,False,45.0,0.0,45.0,W
401645324,2024,2,2024-09-07,Temple,American Athletic,fbs,Navy,American Athletic,fbs,away,True,11.0,38.0,-27.0,L
401628346,2024,2,2024-09-07,Tennessee,SEC,fbs,NC State,ACC,fbs,neutral,False,51.0,10.0,41.0,W
401628347,2024,2,2024-09-07,Texas,SEC,fbs,Michigan,Big Ten,fbs,away,False,31.0,12.0,19.0,W
401628348,2024,2,2024-09-07,Texas A&M,SEC,fbs,McNeese,Southland,fcs,home,False,52.0,10.0,42.0,W
401643783,2024,2,2024-09-07,Texas State,Sun Belt,fbs,UTSA,American Athletic,fbs,home,False,49.0,10.0,39.0,W
401636859,2024,2,2024-09-07,Texas Tech,Big 12,fbs,Washington State,Pac-12,fbs,away,False,16.0,37.0,-21.0,L
401629040,2024,2,2024-09-07,Toledo,Mid-American,fbs,Massachusetts,FBS Independents,fbs,home,False,38.0,23.0,15.0,W
401643784,2024,2,2024-09-07,Troy,Sun Belt,fbs,Memphis,American Athletic,fbs,away,False,17.0,38.0,-21.0,L
401636616,2024,2,2024-09-07,Tulane,American Athletic,fbs,Kansas State,Big 12,fbs,home,False,27.0,34.0,-7.0,L
401643779,2024,2,2024-09-07,Tulsa,American Athletic,fbs,Arkansas State,Sun Belt,fbs,away,False,24.0,28.0,-4.0,L
401643780,2024,2,2024-09-07,UAB,American Athletic,fbs,UL Monroe,Sun Belt,fbs,away,False,6.0,32.0,-26.0,L
401636617,2024,2,2024-09-07,UCF,Big 12,fbs,Sam Houston,Conference USA,fbs,home,False,45.0,14.0,31.0,W
401636999,2024,2,2024-09-07,UConn,FBS Independents,fbs,Merrimack,FCS Independents,fcs,home,False,63.0,17.0,46.0,W
401643780,2024,2,2024-09-07,UL Monroe,Sun Belt,fbs,UAB,American Athletic,fbs,home,False,32.0,6.0,26.0,W
401632071,2024,2,2024-09-07,UNLV,Mountain West,fbs,Utah Tech,UAC,fcs,home,False,72.0,14.0,58.0,W
401628472,2024,2,2024-09-07,USC,Big Ten,fbs,Utah State,Mountain West,fbs,home,False,48.0,0.0,48.0,W
401632072,2024,2,2024-09-07,UTEP,Conference USA,fbs,Southern Utah,UAC,fcs,home,False,24.0,27.0,-3.0,L
401643783,2024,2,2024-09-07,UTSA,American Athletic,fbs,Texas State,Sun Belt,fbs,away,False,10.0,49.0,-39.0,L
401636618,2024,2,2024-09-07,Utah,Big 12,fbs,Baylor,Big 12,fbs,home,False,23.0,12.0,11.0,W
401628472,2024,2,2024-09-07,Utah State,Mountain West,fbs,USC,Big Ten,fbs,away,False,0.0,48.0,-48.0,L
401628349,2024,2,2024-09-07,Vanderbilt,SEC,fbs,Alcorn State,SWAC,fcs,home,False,55.0,0.0,55.0,W
401635639,2024,2,2024-09-07,Virginia,ACC,fbs,Wake Forest,ACC,fbs,away,True,31.0,30.0,1.0,W
401635540,2024,2,2024-09-07,Virginia Tech,ACC,fbs,Marshall,Sun Belt,fbs,home,False,31.0,14.0,17.0,W
401635639,2024,2,2024-09-07,Wake Forest,ACC,fbs,Virginia,ACC,fbs,home,True,30.0,31.0,-1.0,L
401628473,2024,2,2024-09-07,Washington,Big Ten,fbs,Eastern Michigan,Mid-American,fbs,home,False,30.0,9.0,21.0,W
401636859,2024,2,2024-09-07,Washington State,Pac-12,fbs,Texas Tech,Big 12,fbs,home,False,37.0,16.0,21.0,W
401628593,2024,2,2024-09-07,West Virginia,Big 12,fbs,UAlbany,Coastal Athletic,fcs,home,False,49.0,14.0,35.0,W
401632068,2024,2,2024-09-07,Western Kentucky,Conference USA,fbs,Eastern Kentucky,UAC,fcs,home,False,31.0,0.0,31.0,W
401628468,2024,2,2024-09-07,Western Michigan,Mid-American,fbs,Ohio State,Big Ten,fbs,away,False,0.0,56.0,-56.0,L
401628474,2024,2,2024-09-07,Wisconsin,Big Ten,fbs,South Dakota,MVFC,fcs,home,False,27.0,13.0,14.0,W
401643710,2024,2,2024-09-07,Wyoming,Mountain West,fbs,Idaho,Big Sky,fcs,home,False,13.0,17.0,-4.0,L
401636867,2024,3,2024-09-12,Arizona State,Big 12,fbs,Texas State,Sun Belt,fbs,away,False,31.0,28.0,3.0,W
401643788,2024,3,2024-09-12,South Alabama,Sun Belt,fbs,Northwestern State,Southland,fcs,home,False,87.0,10.0,77.0,W
401636867,2024,3,2024-09-12,Texas State,Sun Belt,fbs,Arizona State,Big 12,fbs,home,False,28.0,31.0,-3.0,L
401636864,2024,3,2024-09-13,Arizona,Big 12,fbs,Kansas State,Big 12,fbs,away,False,7.0,31.0,-24.0,L
401636863,2024,3,2024-09-13,Kansas,Big 12,fbs,UNLV,Mountain West,fbs,neutral,False,20.0,23.0,-3.0,L
401636864,2024,3,2024-09-13,Kansas State,Big 12,fbs,Arizona,Big 12,fbs,home,False,31.0,7.0,24.0,W
401636863,2024,3,2024-09-13,UNLV,Mountain West,fbs,Kansas,Big 12,fbs,neutral,False,23.0,20.0,3.0,W
401636860,2024,3,2024-09-14,Air Force,Mountain West,fbs,Baylor,Big 12,fbs,away,False,3.0,31.0,-28.0,L
401644733,2024,3,2024-09-14,Akron,Mid-American,fbs,Colgate,Patriot,fcs,home,False,31.0,20.0,11.0,W
401628350,2024,3,2024-09-14,Alabama,SEC,fbs,Wisconsin,Big Ten,fbs,away,False,42.0,10.0,32.0,W
401643785,2024,3,2024-09-14,App State,Sun Belt,fbs,East Carolina,American Athletic,fbs,away,False,21.0,19.0,2.0,W
401628351,2024,3,2024-09-14,Arkansas,SEC,fbs,UAB,American Athletic,fbs,home,False,37.0,27.0,10.0,W
401628479,2024,3,2024-09-14,Arkansas State,Sun Belt,fbs,Michigan,Big Ten,fbs,away,False,18.0,28.0,-10.0,L
401628352,2024,3,2024-09-14,Auburn,SEC,fbs,New Mexico,Mountain West,fbs,home,False,45.0,19.0,26.0,W
401636871,2024,3,2024-09-14,BYU,Big 12,fbs,Wyoming,Mountain West,fbs,away,False,34.0,14.0,20.0,W
401635544,2024,3,2024-09-14,Ball State,Mid-American,fbs,Miami,ACC,fbs,away,False,0.0,62.0,-62.0,L
401636860,2024,3,2024-09-14,Baylor,Big 12,fbs,Air Force,Mountain West,fbs,home,False,31.0,3.0,28.0,W
401628357,2024,3,2024-09-14,Boston College,ACC,fbs,Missouri,SEC,fbs,away,False,21.0,27.0,-6.0,L
401629041,2024,3,2024-09-14,Buffalo,Mid-American,fbs,Massachusetts,FBS Independents,fbs,home,False,34.0,3.0,31.0,W
401635541,2024,3,2024-09-14,California,ACC,fbs,San Diego State,Mountain West,fbs,home,False,31.0,10.0,21.0,W
401628475,2024,3,2024-09-14,Central Michigan,Mid-American,fbs,Illinois,Big Ten,fbs,away,False,9.0,30.0,-21.0,L
401645327,2024,3,2024-09-14,Charlotte,American Athletic,fbs,Gardner-Webb,Big South-OVC,fcs,home,False,27.0,26.0,1.0,W
401636865,2024,3,2024-09-14,Cincinnati,Big 12,fbs,Miami (OH),Mid-American,fbs,away,False,27.0,16.0,11.0,W
401643786,2024,3,2024-09-14,Coastal Carolina,Sun Belt,fbs,Temple,American Athletic,fbs,away,False,28.0,20.0,8.0,W
401636861,2024,3,2024-09-14,Colorado,Big 12,fbs,Colorado State,Mountain West,fbs,away,False,28.0,9.0,19.0,W
401636861,2024,3,2024-09-14,Colorado State,Mountain West,fbs,Colorado,Big 12,fbs,home,False,9.0,28.0,-19.0,L
401629030,2024,3,2024-09-14,Duke,ACC,fbs,UConn,FBS Independents,fbs,home,False,26.0,21.0,5.0,W
401643785,2024,3,2024-09-14,East Carolina,American Athletic,fbs,App State,Sun Belt,fbs,home,False,19.0,21.0,-2.0,L
401640999,2024,3,2024-09-14,Eastern Michigan,Mid-American,fbs,Jacksonville State,Conference USA,fbs,home,False,37.0,34.0,3.0,W
401628353,2024,3,2024-09-14,Florida,SEC,fbs,Texas A&M,SEC,fbs,home,True,20.0,33.0,-13.0,L
401640980,2024,3,2024-09-14,Florida Atlantic,American Athletic,fbs,Florida International,Conference USA,fbs,home,False,38.0,20.0,18.0,W
401640980,2024,3,2024-09-14,Florida International,Conference USA,fbs,Florida Atlantic,American Athletic,fbs,away,False,20.0,38.0,-18.0,L
401635542,2024,3,2024-09-14,Florida State,ACC,fbs,Memphis,American Athletic,fbs,home,False,12.0,20.0,-8.0,L
401641033,2024,3,2024-09-14,Fresno State,Mountain West,fbs,New Mexico State,Conference USA,fbs,home,False,48.0,0.0,48.0,W
401628354,2024,3,2024-09-14,Georgia,SEC,fbs,Kentucky,SEC,fbs,away,True,13.0,12.0,1.0,W
401643787,2024,3,2024-09-14,Georgia Southern,Sun Belt,fbs,South Carolina State,MEAC,fcs,home,False,42.0,14.0,28.0,W
401628362,2024,3,2024-09-14,Georgia State,Sun Belt,fbs,Vanderbilt,SEC,fbs,home,False,36.0,32.0,4.0,W
401635543,2024,3,2024-09-14,Georgia Tech,ACC,fbs,VMI,Southern,fcs,home,False,59.0,7.0,52.0,W
401641040,2024,3,2024-09-14,Hawai'i,Mountain West,fbs,Sam Houston,Conference USA,fbs,away,False,13.0,31.0,-18.0,L
401636862,2024,3,2024-09-14,Houston,Big 12,fbs,Rice,American Athletic,fbs,home,False,33.0,7.0,26.0,W
401628475,2024,3,2024-09-14,Illinois,Big Ten,fbs,Central Michigan,Mid-American,fbs,home,False,30.0,9.0,21.0,W
401628476,2024,3,2024-09-14,Indiana,Big Ten,fbs,UCLA,Big Ten,fbs,away,True,42.0,13.0,29.0,W
401628477,2024,3,2024-09-14,Iowa,Big Ten,fbs,Troy,Sun Belt,fbs,home,False,38.0,21.0,17.0,W
401640999,2024,3,2024-09-14,Jacksonville State,Conference USA,fbs,Eastern Michigan,Mid-American,fbs,away,False,34.0,37.0,-3.0,L
401641017,2024,3,2024-09-14,Kennesaw State,Conference USA,fbs,San José State,Mountain West,fbs,away,False,10.0,31.0,-21.0,L
401628360,2024,3,2024-09-14,Kent State,Mid-American,fbs,Tennessee,SEC,fbs,away,False,0.0,71.0,-71.0,L
401628354,2024,3,2024-09-14,Kentucky,SEC,fbs,Georgia,SEC,fbs,home,True,12.0,13.0,-1.0,L
401628359,2024,3,2024-09-14,LSU,SEC,fbs,South Carolina,SEC,fbs,away,True,36.0,33.0,3.0,W
401640990,2024,3,2024-09-14,Liberty,Conference USA,fbs,UTEP,Conference USA,fbs,home,True,28.0,10.0,18.0,W
401635546,2024,3,2024-09-14,Louisiana Tech,Conference USA,fbs,NC State,ACC,fbs,away,False,20.0,30.0,-10.0,L
401628478,2024,3,2024-09-14,Maryland,Big Ten,fbs,Virginia,ACC,fbs,away,False,27.0,13.0,14.0,W
401629041,2024,3,2024-09-14,Massachusetts,FBS Independents,fbs,Buffalo,Mid-American,fbs,away,False,3.0,34.0,-31.0,L
401635542,2024,3,2024-09-14,Memphis,American Athletic,fbs,Florida State,ACC,fbs,away,False,20.0,12.0,8.0,W
401635544,2024,3,2024-09-14,Miami,ACC,fbs,Ball State,Mid-American,fbs,home,False,62.0,0.0,62.0,W
401636865,2024,3,2024-09-14,Miami (OH),Mid-American,fbs,Cincinnati,Big 12,fbs,home,False,16.0,27.0,-11.0,L
401628479,2024,3,2024-09-14,Michigan,Big Ten,fbs,Arkansas State,Sun Belt,fbs,home,False,28.0,18.0,10.0,W
401628480,2024,3,2024-09-14,Michigan State,Big Ten,fbs,Prairie View A&M,SWAC,fcs,home,False,40.0,0.0,40.0,W
401641024,2024,3,2024-09-14,Middle Tennessee,Conference USA,fbs,Western Kentucky,Conference USA,fbs,home,True,21.0,49.0,-28.0,L
401628481,2024,3,2024-09-14,Minnesota,Big Ten,fbs,Nevada,Mountain West,fbs,home,False,27.0,0.0,27.0,W
401628356,2024,3,2024-09-14,Mississippi State,SEC,fbs,Toledo,Mid-American,fbs,home,False,17.0,41.0,-24.0,L
401628357,2024,3,2024-09-14,Missouri,SEC,fbs,Boston College,ACC,fbs,home,False,27.0,21.0,6.0,W
401635546,2024,3,2024-09-14,NC State,ACC,fbs,Louisiana Tech,Conference USA,fbs,home,False,30.0,20.0,10.0,W
401628482,2024,3,2024-09-14,Nebraska,Big Ten,fbs,Northern Iowa,MVFC,fcs,home,False,34.0,3.0,31.0,W
401628481,2024,3,2024-09-14,Nevada,Mountain West,fbs,Minnesota,Big Ten,fbs,away,False,0.0,27.0,-27.0,L
401628352,2024,3,2024-09-14,New Mexico,Mountain West,fbs,Auburn,SEC,fbs,away,False,19.0,45.0,-26.0,L
401641033,2024,3,2024-09-14,New Mexico State,Conference USA,fbs,Fresno State,Mountain West,fbs,away,False,0.0,48.0,-48.0,L
401635545,2024,3,2024-09-14,North Carolina,ACC,fbs,North Carolina Central,MEAC,fcs,home,False,45.0,10.0,35.0,W
401636868,2024,3,2024-09-14,North Texas,American Athletic,fbs,Texas Tech,Big 12,fbs,away,False,21.0,66.0,-45.0,L
401655632,2024,3,2024-09-14,Northwestern,Big Ten,fbs,Eastern Illinois,Big South-OVC,fcs,neutral,False,31.0,7.0,24.0,W
401628978,2024,3,2024-09-14,Notre Dame,FBS Independents,fbs,Purdue,Big Ten,fbs,away,False,66.0,7.0,59.0,W
401644734,2024,3,2024-09-14,Ohio,Mid-American,fbs,Morgan State,MEAC,fcs,home,False,21.0,6.0,15.0,W
401628358,2024,3,2024-09-14,Oklahoma,SEC,fbs,Tulane,American Athletic,fbs,home,False,34.0,19.0,15.0,W
401636869,2024,3,2024-09-14,Oklahoma State,Big 12,fbs,Tulsa,American Athletic,fbs,away,False,45.0,10.0,35.0,W
401635548,2024,3,2024-09-14,Old Dominion,Sun Belt,fbs,Virginia Tech,ACC,fbs,home,False,17.0,37.0,-20.0,L
401628355,2024,3,2024-09-14,Ole Miss,SEC,fbs,Wake Forest,ACC,fbs,away,False,40.0,6.0,34.0,W
401628483,2024,3,2024-09-14,Oregon,Big Ten,fbs,Oregon State,Pac-12,fbs,away,False,49.0,14.0,35.0,W
401628483,2024,3,2024-09-14,Oregon State,Pac-12,fbs,Oregon,Big Ten,fbs,home,False,14.0,49.0,-35.0,L
401635547,2024,3,2024-09-14,Pittsburgh,ACC,fbs,West Virginia,Big 12,fbs,home,False,38.0,34.0,4.0,W
401628978,2024,3,2024-09-14,Purdue,Big Ten,fbs,Notre Dame,FBS Independents,fbs,home,False,7.0,66.0,-59.0,L
401636862,2024,3,2024-09-14,Rice,American Athletic,fbs,Houston,Big 12,fbs,away,False,7.0,33.0,-26.0,L
401641040,2024,3,2024-09-14,Sam Houston,Conference USA,fbs,Hawai'i,Mountain West,fbs,home,False,31.0,13.0,18.0,W
401635541,2024,3,2024-09-14,San Diego State,Mountain West,fbs,California,ACC,fbs,away,False,10.0,31.0,-21.0,L
401641017,2024,3,2024-09-14,San José State,Mountain West,fbs,Kennesaw State,Conference USA,fbs,home,False,31.0,10.0,21.0,W
401628359,2024,3,2024-09-14,South Carolina,SEC,fbs,LSU,SEC,fbs,home,True,33.0,36.0,-3.0,L
401643789,2024,3,2024-09-14,South Florida,American Athletic,fbs,Southern Miss,Sun Belt,fbs,away,False,49.0,24.0,25.0,W
401643789,2024,3,2024-09-14,Southern Miss,Sun Belt,fbs,South Florida,American Athletic,fbs,home,False,24.0,49.0,-25.0,L
401636866,2024,3,2024-09-14,TCU,Big 12,fbs,UCF,Big 12,fbs,home,True,34.0,35.0,-1.0,L
401643786,2024,3,2024-09-14,Temple,American Athletic,fbs,Coastal Carolina,Sun Belt,fbs,home,False,20.0,28.0,-8.0,L
401628360,2024,3,2024-09-14,Tennessee,SEC,fbs,Kent State,Mid-American,fbs,home,False,71.0,0.0,71.0,W
401628361,2024,3,2024-09-14,Texas,SEC,fbs,UTSA,American Athletic,fbs,home,False,56.0,7.0,49.0,W
401628353,2024,3,2024-09-14,Texas A&M,SEC,fbs,Florida,SEC,fbs,away,True,33.0,20.0,13.0,W
401636868,2024,3,2024-09-14,Texas Tech,Big 12,fbs,North Texas,American Athletic,fbs,home,False,66.0,21.0,45.0,W
401628356,2024,3,2024-09-14,Toledo,Mid-American,fbs,Mississippi State,SEC,fbs,away,False,41.0,17.0,24.0,W
401628477,2024,3,2024-09-14,Troy,Sun Belt,fbs,Iowa,Big Ten,fbs,away,False,21.0,38.0,-17.0,L
401628358,2024,3,2024-09-14,Tulane,American Athletic,fbs,Oklahoma,SEC,fbs,away,False,19.0,34.0,-15.0,L
401636869,2024,3,2024-09-14,Tulsa,American Athletic,fbs,Oklahoma State,Big 12,fbs,home,False,10.0,45.0,-35.0,L
401628351,2024,3,2024-09-14,UAB,American Athletic,fbs,Arkansas,SEC,fbs,away,False,27.0,37.0,-10.0,L
401636866,2024,3,2024-09-14,UCF,Big 12,fbs,TCU,Big 12,fbs,away,True,35.0,34.0,1.0,W
401628476,2024,3,2024-09-14,UCLA,Big Ten,fbs,Indiana,Big Ten,fbs,home,True,13.0,42.0,-29.0,L
401629030,2024,3,2024-09-14,UConn,FBS Independents,fbs,Duke,ACC,fbs,away,False,21.0,26.0,-5.0,L
401640990,2024,3,2024-09-14,UTEP,Conference USA,fbs,Liberty,Conference USA,fbs,away,True,10.0,28.0,-18.0,L
401628361,2024,3,2024-09-14,UTSA,American Athletic,fbs,Texas,SEC,fbs,away,False,7.0,56.0,-49.0,L
401636870,2024,3,2024-09-14,Utah,Big 12,fbs,Utah State,Mountain West,fbs,away,False,38.0,21.0,17.0,W
401636870,2024,3,2024-09-14,Utah State,Mountain West,fbs,Utah,Big 12,fbs,home,False,21.0,38.0,-17.0,L
401628362,2024,3,2024-09-14,Vanderbilt,SEC,fbs,Georgia State,Sun Belt,fbs,away,False,32.0,36.0,-4.0,L
401628478,2024,3,2024-09-14,Virginia,ACC,fbs,Maryland,Big Ten,fbs,home,False,13.0,27.0,-14.0,L
401635548,2024,3,2024-09-14,Virginia Tech,ACC,fbs,Old Dominion,Sun Belt,fbs,away,False,37.0,17.0,20.0,W
401628355,2024,3,2024-09-14,Wake Forest,ACC,fbs,Ole Miss,SEC,fbs,home,False,6.0,40.0,-34.0,L
401628484,2024,3,2024-09-14,Washington,Big Ten,fbs,Washington State,Pac-12,fbs,neutral,False,19.0,24.0,-5.0,L
401628484,2024,3,2024-09-14,Washington State,Pac-12,fbs,Washington,Big Ten,fbs,neutral,False,24.0,19.0,5.0,W
401635547,2024,3,2024-09-14,West Virginia,Big 12,fbs,Pittsburgh,ACC,fbs,away,False,34.0,38.0,-4.0,L
401641024,2024,3,2024-09-14,Western Kentucky,Conference USA,fbs,Middle Tennessee,Conference USA,fbs,away,True,49.0,21.0,28.0,W
401636364,2024,3,2024-09-14,Western Michigan,Mid-American,fbs,Bethune-Cookman,SWAC,fcs,home,False,59.0,31.0,28.0,W
401628350,2024,3,2024-09-14,Wisconsin,Big Ten,fbs,Alabama,SEC,fbs,home,False,10.0,42.0,-32.0,L
401636871,2024,3,2024-09-14,Wyoming,Mountain West,fbs,BYU,Big 12,fbs,home,False,14.0,34.0,-20.0,L
401643790,2024,4,2024-09-19,App State,Sun Belt,fbs,South Alabama,Sun Belt,fbs,home,True,14.0,48.0,-34.0,L
401643790,2024,4,2024-09-19,South Alabama,Sun Belt,fbs,App State,Sun Belt,fbs,away,True,48.0,14.0,34.0,W
401628485,2024,4,2024-09-20,Illinois,Big Ten,fbs,Nebraska,Big Ten,fbs,away,True,31.0,24.0,7.0,W
401628485,2024,4,2024-09-20,Nebraska,Big Ten,fbs,Illinois,Big Ten,fbs,home,True,24.0,31.0,-7.0,L
401643714,2024,4,2024-09-20,San José State,Mountain West,fbs,Washington State,Pac-12,fbs,away,False,52.0,54.0,-2.0,L
401634766,2024,4,2024-09-20,Stanford,ACC,fbs,Syracuse,ACC,fbs,away,True,26.0,24.0,2.0,W
401634766,2024,4,2024-09-20,Syracuse,ACC,fbs,Stanford,ACC,fbs,home,True,24.0,26.0,-2.0,L
401643714,2024,4,2024-09-20,Washington State,Pac-12,fbs,San José State,Mountain West,fbs,home,False,54.0,52.0,2.0,W
401628370,2024,4,2024-09-21,Akron,Mid-American,fbs,South Carolina,SEC,fbs,away,False,7.0,50.0,-43.0,L
401636877,2024,4,2024-09-21,Arizona State,Big 12,fbs,Texas Tech,Big 12,fbs,away,True,22.0,30.0,-8.0,L
401628363,2024,4,2024-09-21,Arkansas,SEC,fbs,Auburn,SEC,fbs,away,True,24.0,14.0,10.0,W
401636875,2024,4,2024-09-21,Arkansas State,Sun Belt,fbs,Iowa State,Big 12,fbs,away,False,7.0,52.0,-45.0,L
401645328,2024,4,2024-09-21,Army,American Athletic,fbs,Rice,American Athletic,fbs,home,True,37.0,14.0,23.0,W
401628363,2024,4,2024-09-21,Auburn,SEC,fbs,Arkansas,SEC,fbs,home,True,14.0,24.0,-10.0,L
401636872,2024,4,2024-09-21,BYU,Big 12,fbs,Kansas State,Big 12,fbs,home,True,38.0,9.0,29.0,W
401644735,2024,4,2024-09-21,Ball State,Mid-American,fbs,Central Michigan,Mid-American,fbs,away,True,34.0,37.0,-3.0,L
401636874,2024,4,2024-09-21,Baylor,Big 12,fbs,Colorado,Big 12,fbs,away,True,31.0,38.0,-7.0,L
401637162,2024,4,2024-09-21,Boise State,Mountain West,fbs,Portland State,Big Sky,fcs,home,False,56.0,14.0,42.0,W
401628490,2024,4,2024-09-21,Boston College,ACC,fbs,Michigan State,Big Ten,fbs,home,False,23.0,19.0,4.0,W
401628372,2024,4,2024-09-21,Bowling Green,Mid-American,fbs,Texas A&M,SEC,fbs,away,False,20.0,26.0,-6.0,L
401644736,2024,4,2024-09-21,Buffalo,Mid-American,fbs,Northern Illinois,Mid-American,fbs,away,True,23.0,20.0,3.0,W
401635551,2024,4,2024-09-21,California,ACC,fbs,Florida State,ACC,fbs,away,True,9.0,14.0,-5.0,L
401644735,2024,4,2024-09-21,Central Michigan,Mid-American,fbs,Ball State,Mid-American,fbs,home,True,37.0,34.0,3.0,W
401628486,2024,4,2024-09-21,Charlotte,American Athletic,fbs,Indiana,Big Ten,fbs,away,False,14.0,52.0,-38.0,L
401636873,2024,4,2024-09-21,Cincinnati,Big 12,fbs,Houston,Big 12,fbs,home,True,34.0,0.0,34.0,W
401635552,2024,4,2024-09-21,Clemson,ACC,fbs,NC State,ACC,fbs,home,True,59.0,35.0,24.0,W
401635558,2024,4,2024-09-21,Coastal Carolina,Sun Belt,fbs,Virginia,ACC,fbs,home,False,24.0,43.0,-19.0,L
401636874,2024,4,2024-09-21,Colorado,Big 12,fbs,Baylor,Big 12,fbs,home,True,38.0,31.0,7.0,W
401641028,2024,4,2024-09-21,Colorado State,Mountain West,fbs,UTEP,Conference USA,fbs,home,False,27.0,17.0,10.0,W
401635553,2024,4,2024-09-21,Duke,ACC,fbs,Middle Tennessee,Conference USA,fbs,away,False,45.0,17.0,28.0,W
401640991,2024,4,2024-09-21,East Carolina,American Athletic,fbs,Liberty,Conference USA,fbs,away,False,24.0,35.0,-11.0,L
401644737,2024,4,2024-09-21,Eastern Michigan,Mid-American,fbs,Saint Francis,NEC,fcs,home,False,36.0,0.0,36.0,W
401628367,2024,4,2024-09-21,Florida,SEC,fbs,Mississippi State,SEC,fbs,away,True,45.0,28.0,17.0,W
401629031,2024,4,2024-09-21,Florida Atlantic,American Athletic,fbs,UConn,FBS Independents,fbs,away,False,14.0,48.0,-34.0,L
401628625,2024,4,2024-09-21,Florida International,Conference USA,fbs,Monmouth,Coastal Athletic,fcs,neutral,False,42.0,45.0,-3.0,L
401635551,2024,4,2024-09-21,Florida State,ACC,fbs,California,ACC,fbs,home,True,14.0,9.0,5.0,W
401643711,2024,4,2024-09-21,Fresno State,Mountain West,fbs,New Mexico,Mountain West,fbs,away,True,38.0,21.0,17.0,W
401628366,2024,4,2024-09-21,Georgia Southern,Sun Belt,fbs,Ole Miss,SEC,fbs,away,False,13.0,52.0,-39.0,L
401635554,2024,4,2024-09-21,Georgia Tech,ACC,fbs,Louisville,ACC,fbs,away,True,19.0,31.0,-12.0,L
401643712,2024,4,2024-09-21,Hawai'i,Mountain West,fbs,Northern Iowa,MVFC,fcs,home,False,36.0,7.0,29.0,W
401636873,2024,4,2024-09-21,Houston,Big 12,fbs,Cincinnati,Big 12,fbs,away,True,0.0,34.0,-34.0,L
401628486,2024,4,2024-09-21,Indiana,Big Ten,fbs,Charlotte,American Athletic,fbs,home,False,52.0,14.0,38.0,W
401628487,2024,4,2024-09-21,Iowa,Big Ten,fbs,Minnesota,Big Ten,fbs,away,True,31.0,14.0,17.0,W
401636875,2024,4,2024-09-21,Iowa State,Big 12,fbs,Arkansas State,Sun Belt,fbs,home,False,52.0,7.0,45.0,W
401641000,2024,4,2024-09-21,Jacksonville State,Conference USA,fbs,Southern Miss,Sun Belt,fbs,home,False,44.0,7.0,37.0,W
401635556,2024,4,2024-09-21,James Madison,Sun Belt,fbs,North Carolina,ACC,fbs,away,False,70.0,50.0,20.0,W
401636879,2024,4,2024-09-21,Kansas,Big 12,fbs,West Virginia,Big 12,fbs,away,True,28.0,32.0,-4.0,L
401636872,2024,4,2024-09-21,Kansas State,Big 12,fbs,BYU,Big 12,fbs,away,True,9.0,38.0,-29.0,L
401628493,2024,4,2024-09-21,Kent State,Mid-American,fbs,Penn State,Big Ten,fbs,away,False,0.0,56.0,-56.0,L
401628364,2024,4,2024-09-21,Kentucky,SEC,fbs,Ohio,Mid-American,fbs,home,False,41.0,6.0,35.0,W
401628365,2024,4,2024-09-21,LSU,SEC,fbs,UCLA,Big Ten,fbs,home,False,34.0,17.0,17.0,W
401640991,2024,4,2024-09-21,Liberty,Conference USA,fbs,East Carolina,American Athletic,fbs,home,False,35.0,24.0,11.0,W
401643791,2024,4,2024-09-21,Louisiana,Sun Belt,fbs,Tulane,American Athletic,fbs,home,False,33.0,41.0,-8.0,L
401641008,2024,4,2024-09-21,Louisiana Tech,Conference USA,fbs,Tulsa,American Athletic,fbs,home,False,20.0,23.0,-3.0,L
401635554,2024,4,2024-09-21,Louisville,ACC,fbs,Georgia Tech,ACC,fbs,home,True,31.0,19.0,12.0,W
401628492,2024,4,2024-09-21,Marshall,Sun Belt,fbs,Ohio State,Big Ten,fbs,away,False,14.0,49.0,-35.0,L
401628488,2024,4,2024-09-21,Maryland,Big Ten,fbs,Villanova,Coastal Athletic,fcs,home,False,38.0,20.0,18.0,W
401629042,2024,4,2024-09-21,Massachusetts,FBS Independents,fbs,Central Connecticut,NEC,fcs,home,False,35.0,31.0,4.0,W
401645329,2024,4,2024-09-21,Memphis,American Athletic,fbs,Navy,American Athletic,fbs,away,True,44.0,56.0,-12.0,L
401635555,2024,4,2024-09-21,Miami,ACC,fbs,South Florida,American Athletic,fbs,away,False,50.0,15.0,35.0,W
401628979,2024,4,2024-09-21,Miami (OH),Mid-American,fbs,Notre Dame,FBS Independents,fbs,away,False,3.0,28.0,-25.0,L
401628489,2024,4,2024-09-21,Michigan,Big Ten,fbs,USC,Big Ten,fbs,home,True,27.0,24.0,3.0,W
401628490,2024,4,2024-09-21,Michigan State,Big Ten,fbs,Boston College,ACC,fbs,away,False,19.0,23.0,-4.0,L
401635553,2024,4,2024-09-21,Middle Tennessee,Conference USA,fbs,Duke,ACC,fbs,home,False,17.0,45.0,-28.0,L
401628487,2024,4,2024-09-21,Minnesota,Big Ten,fbs,Iowa,Big Ten,fbs,home,True,14.0,31.0,-17.0,L
401628367,2024,4,2024-09-21,Mississippi State,SEC,fbs,Florida,SEC,fbs,home,True,28.0,45.0,-17.0,L
401628368,2024,4,2024-09-21,Missouri,SEC,fbs,Vanderbilt,SEC,fbs,home,True,30.0,27.0,3.0,W
401635552,2024,4,2024-09-21,NC State,ACC,fbs,Clemson,ACC,fbs,away,True,35.0,59.0,-24.0,L
401645329,2024,4,2024-09-21,Navy,American Athletic,fbs,Memphis,American Athletic,fbs,home,True,56.0,44.0,12.0,W
401643713,2024,4,2024-09-21,Nevada,Mountain West,fbs,Eastern Washington,Big Sky,fcs,home,False,49.0,16.0,33.0,W
401643711,2024,4,2024-09-21,New Mexico,Mountain West,fbs,Fresno State,Mountain West,fbs,home,True,21.0,38.0,-17.0,L
401641034,2024,4,2024-09-21,New Mexico State,Conference USA,fbs,Sam Houston,Conference USA,fbs,away,True,11.0,31.0,-20.0,L
401635556,2024,4,2024-09-21,North Carolina,ACC,fbs,James Madison,Sun Belt,fbs,home,False,50.0,70.0,-20.0,L
401643716,2024,4,2024-09-21,North Texas,American Athletic,fbs,Wyoming,Mountain West,fbs,home,False,44.0,17.0,27.0,W
401644736,2024,4,2024-09-21,Northern Illinois,Mid-American,fbs,Buffalo,Mid-American,fbs,home,True,20.0,23.0,-3.0,L
401628491,2024,4,2024-09-21,Northwestern,Big Ten,fbs,Washington,Big Ten,fbs,away,True,5.0,24.0,-19.0,L
401628979,2024,4,2024-09-21,Notre Dame,FBS Independents,fbs,Miami (OH),Mid-American,fbs,home,False,28.0,3.0,25.0,W
401628364,2024,4,2024-09-21,Ohio,Mid-American,fbs,Kentucky,SEC,fbs,away,False,6.0,41.0,-35.0,L
401628492,2024,4,2024-09-21,Ohio State,Big Ten,fbs,Marshall,Sun Belt,fbs,home,False,49.0,14.0,35.0,W
401628369,2024,4,2024-09-21,Oklahoma,SEC,fbs,Tennessee,SEC,fbs,home,True,15.0,25.0,-10.0,L
401636876,2024,4,2024-09-21,Oklahoma State,Big 12,fbs,Utah,Big 12,fbs,home,True,19.0,22.0,-3.0,L
401628366,2024,4,2024-09-21,Ole Miss,SEC,fbs,Georgia Southern,Sun Belt,fbs,home,False,52.0,13.0,39.0,W
401643717,2024,4,2024-09-21,Oregon State,Pac-12,fbs,Purdue,Big Ten,fbs,home,False,38.0,21.0,17.0,W
401628493,2024,4,2024-09-21,Penn State,Big Ten,fbs,Kent State,Mid-American,fbs,home,False,56.0,0.0,56.0,W
401634247,2024,4,2024-09-21,Pittsburgh,ACC,fbs,Youngstown State,MVFC,fcs,home,False,73.0,17.0,56.0,W
401643717,2024,4,2024-09-21,Purdue,Big Ten,fbs,Oregon State,Pac-12,fbs,away,False,21.0,38.0,-17.0,L
401645328,2024,4,2024-09-21,Rice,American Athletic,fbs,Army,American Athletic,fbs,away,True,14.0,37.0,-23.0,L
401628494,2024,4,2024-09-21,Rutgers,Big Ten,fbs,Virginia Tech,ACC,fbs,away,False,26.0,23.0,3.0,W
401635557,2024,4,2024-09-21,SMU,ACC,fbs,TCU,Big 12,fbs,home,False,66.0,42.0,24.0,W
401641034,2024,4,2024-09-21,Sam Houston,Conference USA,fbs,New Mexico State,Conference USA,fbs,home,True,31.0,11.0,20.0,W
401628370,2024,4,2024-09-21,South Carolina,SEC,fbs,Akron,Mid-American,fbs,home,False,50.0,7.0,43.0,W
401635555,2024,4,2024-09-21,South Florida,American Athletic,fbs,Miami,ACC,fbs,home,False,15.0,50.0,-35.0,L
401641000,2024,4,2024-09-21,Southern Miss,Sun Belt,fbs,Jacksonville State,Conference USA,fbs,away,False,7.0,44.0,-37.0,L
401635557,2024,4,2024-09-21,TCU,Big 12,fbs,SMU,ACC,fbs,away,False,42.0,66.0,-24.0,L
401643715,2024,4,2024-09-21,Temple,American Athletic,fbs,Utah State,Mountain West,fbs,home,False,45.0,29.0,16.0,W
401628369,2024,4,2024-09-21,Tennessee,SEC,fbs,Oklahoma,SEC,fbs,away,True,25.0,15.0,10.0,W
401628371,2024,4,2024-09-21,Texas,SEC,fbs,UL Monroe,Sun Belt,fbs,home,False,51.0,3.0,48.0,W
401628372,2024,4,2024-09-21,Texas A&M,SEC,fbs,Bowling Green,Mid-American,fbs,home,False,26.0,20.0,6.0,W
401636877,2024,4,2024-09-21,Texas Tech,Big 12,fbs,Arizona State,Big 12,fbs,home,True,30.0,22.0,8.0,W
401641037,2024,4,2024-09-21,Toledo,Mid-American,fbs,Western Kentucky,Conference USA,fbs,away,False,21.0,26.0,-5.0,L
401636374,2024,4,2024-09-21,Troy,Sun Belt,fbs,Florida A&M,SWAC,fcs,home,False,34.0,12.0,22.0,W
401643791,2024,4,2024-09-21,Tulane,American Athletic,fbs,Louisiana,Sun Belt,fbs,away,False,41.0,33.0,8.0,W
401641008,2024,4,2024-09-21,Tulsa,American Athletic,fbs,Louisiana Tech,Conference USA,fbs,away,False,23.0,20.0,3.0,W
401628365,2024,4,2024-09-21,UCLA,Big Ten,fbs,LSU,SEC,fbs,away,False,17.0,34.0,-17.0,L
401629031,2024,4,2024-09-21,UConn,FBS Independents,fbs,Florida Atlantic,American Athletic,fbs,home,False,48.0,14.0,34.0,W
401628371,2024,4,2024-09-21,UL Monroe,Sun Belt,fbs,Texas,SEC,fbs,away,False,3.0,51.0,-48.0,L
401628489,2024,4,2024-09-21,USC,Big Ten,fbs,Michigan,Big Ten,fbs,away,True,24.0,27.0,-3.0,L
401641028,2024,4,2024-09-21,UTEP,Conference USA,fbs,Colorado State,Mountain West,fbs,away,False,17.0,27.0,-10.0,L
401645330,2024,4,2024-09-21,UTSA,American Athletic,fbs,Houston Christian,Southland,fcs,home,False,45.0,7.0,38.0,W
401636876,2024,4,2024-09-21,Utah,Big 12,fbs,Oklahoma State,Big 12,fbs,away,True,22.0,19.0,3.0,W
401643715,2024,4,2024-09-21,Utah State,Mountain West,fbs,Temple,American Athletic,fbs,away,False,29.0,45.0,-16.0,L
401628368,2024,4,2024-09-21,Vanderbilt,SEC,fbs,Missouri,SEC,fbs,away,True,27.0,30.0,-3.0,L
401635558,2024,4,2024-09-21,Virginia,ACC,fbs,Coastal Carolina,Sun Belt,fbs,away,False,43.0,24.0,19.0,W
401628494,2024,4,2024-09-21,Virginia Tech,ACC,fbs,Rutgers,Big Ten,fbs,home,False,23.0,26.0,-3.0,L
401628491,2024,4,2024-09-21,Washington,Big Ten,fbs,Northwestern,Big Ten,fbs,home,True,24.0,5.0,19.0,W
401636879,2024,4,2024-09-21,West Virginia,Big 12,fbs,Kansas,Big 12,fbs,home,True,32.0,28.0,4.0,W
401641037,2024,4,2024-09-21,Western Kentucky,Conference USA,fbs,Toledo,Mid-American,fbs,home,False,26.0,21.0,5.0,W
401643716,2024,4,2024-09-21,Wyoming,Mountain West,fbs,North Texas,American Athletic,fbs,away,False,17.0,44.0,-27.0,L
401645331,2024,5,2024-09-26,Army,American Athletic,fbs,Temple,American Athletic,fbs,away,True,42.0,14.0,28.0,W
401645331,2024,5,2024-09-26,Temple,American Athletic,fbs,Army,American Athletic,fbs,home,True,14.0,42.0,-28.0,L
401634767,2024,5,2024-09-27,Miami,ACC,fbs,Virginia Tech,ACC,fbs,home,True,38.0,34.0,4.0,W
401628501,2024,5,2024-09-27,Rutgers,Big Ten,fbs,Washington,Big Ten,fbs,home,True,21.0,18.0,3.0,W
401634767,2024,5,2024-09-27,Virginia Tech,ACC,fbs,Miami,ACC,fbs,away,True,34.0,38.0,-4.0,L
401628501,2024,5,2024-09-27,Washington,Big Ten,fbs,Rutgers,Big Ten,fbs,away,True,18.0,21.0,-3.0,L
401643718,2024,5,2024-09-28,Air Force,Mountain West,fbs,Wyoming,Mountain West,fbs,away,True,19.0,31.0,-12.0,L
401644738,2024,5,2024-09-28,Akron,Mid-American,fbs,Ohio,Mid-American,fbs,away,True,10.0,30.0,-20.0,L
401628374,2024,5,2024-09-28,Alabama,SEC,fbs,Georgia,SEC,fbs,home,True,41.0,34.0,7.0,W
401636886,2024,5,2024-09-28,Arizona,Big 12,fbs,Utah,Big 12,fbs,away,True,23.0,10.0,13.0,W
401628373,2024,5,2024-09-28,Arkansas,SEC,fbs,Texas A&M,SEC,fbs,neutral,True,17.0,21.0,-4.0,L
401628375,2024,5,2024-09-28,Auburn,SEC,fbs,Oklahoma,SEC,fbs,home,True,21.0,27.0,-6.0,L
401636880,2024,5,2024-09-28,BYU,Big 12,fbs,Baylor,Big 12,fbs,away,True,34.0,28.0,6.0,W
401643793,2024,5,2024-09-28,Ball State,Mid-American,fbs,James Madison,Sun Belt,fbs,away,False,7.0,63.0,-56.0,L
401636880,2024,5,2024-09-28,Baylor,Big 12,fbs,BYU,Big 12,fbs,home,True,28.0,34.0,-6.0,L
401643719,2024,5,2024-09-28,Boise State,Mountain West,fbs,Washington State,Pac-12,fbs,home,False,45.0,24.0,21.0,W
401635560,2024,5,2024-09-28,Boston College,ACC,fbs,Western Kentucky,Conference USA,fbs,home,False,21.0,20.0,1.0,W
401643795,2024,5,2024-09-28,Bowling Green,Mid-American,fbs,Old Dominion,Sun Belt,fbs,home,False,27.0,30.0,-3.0,L
401629032,2024,5,2024-09-28,Buffalo,Mid-American,fbs,UConn,FBS Independents,fbs,away,False,3.0,47.0,-44.0,L
401643721,2024,5,2024-09-28,Central Michigan,Mid-American,fbs,San Diego State,Mountain West,fbs,home,False,22.0,21.0,1.0,W
401645333,2024,5,2024-09-28,Charlotte,American Athletic,fbs,Rice,American Athletic,fbs,away,True,21.0,20.0,1.0,W
401636884,2024,5,2024-09-28,Cincinnati,Big 12,fbs,Texas Tech,Big 12,fbs,away,True,41.0,44.0,-3.0,L
401635561,2024,5,2024-09-28,Clemson,ACC,fbs,Stanford,ACC,fbs,home,True,40.0,14.0,26.0,W
401636885,2024,5,2024-09-28,Colorado,Big 12,fbs,UCF,Big 12,fbs,away,True,48.0,21.0,27.0,W
401635562,2024,5,2024-09-28,Duke,ACC,fbs,North Carolina,ACC,fbs,home,True,21.0,20.0,1.0,W
401645334,2024,5,2024-09-28,East Carolina,American Athletic,fbs,UTSA,American Athletic,fbs,home,True,30.0,20.0,10.0,W
401644739,2024,5,2024-09-28,Eastern Michigan,Mid-American,fbs,Kent State,Mid-American,fbs,away,True,52.0,33.0,19.0,W
401645335,2024,5,2024-09-28,Florida Atlantic,American Athletic,fbs,Wagner,NEC,fcs,home,False,41.0,10.0,31.0,W
401640981,2024,5,2024-09-28,Florida International,Conference USA,fbs,Louisiana Tech,Conference USA,fbs,neutral,True,17.0,10.0,7.0,W
401635563,2024,5,2024-09-28,Florida State,ACC,fbs,SMU,ACC,fbs,away,True,16.0,42.0,-26.0,L
401643720,2024,5,2024-09-28,Fresno State,Mountain West,fbs,UNLV,Mountain West,fbs,away,True,14.0,59.0,-45.0,L
401628374,2024,5,2024-09-28,Georgia,SEC,fbs,Alabama,SEC,fbs,away,True,34.0,41.0,-7.0,L
401643792,2024,5,2024-09-28,Georgia Southern,Sun Belt,fbs,Georgia State,Sun Belt,fbs,away,True,38.0,21.0,17.0,W
401643792,2024,5,2024-09-28,Georgia State,Sun Belt,fbs,Georgia Southern,Sun Belt,fbs,home,True,21.0,38.0,-17.0,L
401636881,2024,5,2024-09-28,Houston,Big 12,fbs,Iowa State,Big 12,fbs,home,True,0.0,20.0,-20.0,L
401628495,2024,5,2024-09-28,Illinois,Big Ten,fbs,Penn State,Big Ten,fbs,away,True,7.0,21.0,-14.0,L
401628496,2024,5,2024-09-28,Indiana,Big Ten,fbs,Maryland,Big Ten,fbs,home,True,42.0,28.0,14.0,W
401636881,2024,5,2024-09-28,Iowa State,Big 12,fbs,Houston,Big 12,fbs,away,True,20.0,0.0,20.0,W
401643793,2024,5,2024-09-28,James Madison,Sun Belt,fbs,Ball State,Mid-American,fbs,home,False,63.0,7.0,56.0,W
401636882,2024,5,2024-09-28,Kansas,Big 12,fbs,TCU,Big 12,fbs,neutral,True,27.0,38.0,-11.0,L
401636883,2024,5,2024-09-28,Kansas State,Big 12,fbs,Oklahoma State,Big 12,fbs,home,True,42.0,20.0,22.0,W
401641018,2024,5,2024-09-28,Kennesaw State,Conference USA,fbs,UT Martin,Big South-OVC,fcs,home,False,13.0,24.0,-11.0,L
401644739,2024,5,2024-09-28,Kent State,Mid-American,fbs,Eastern Michigan,Mid-American,fbs,home,True,33.0,52.0,-19.0,L
401628377,2024,5,2024-09-28,Kentucky,SEC,fbs,Ole Miss,SEC,fbs,away,True,20.0,17.0,3.0,W
401628376,2024,5,2024-09-28,LSU,SEC,fbs,South Alabama,Sun Belt,fbs,home,False,42.0,10.0,32.0,W
401635659,2024,5,2024-09-28,Louisiana,Sun Belt,fbs,Wake Forest,ACC,fbs,away,False,41.0,38.0,3.0,W
401640981,2024,5,2024-09-28,Louisiana Tech,Conference USA,fbs,Florida International,Conference USA,fbs,neutral,True,10.0,17.0,-7.0,L
401628980,2024,5,2024-09-28,Louisville,ACC,fbs,Notre Dame,FBS Independents,fbs,away,False,24.0,31.0,-7.0,L
401643794,2024,5,2024-09-28,Marshall,Sun Belt,fbs,Western Michigan,Mid-American,fbs,home,False,27.0,20.0,7.0,W
401628496,2024,5,2024-09-28,Maryland,Big Ten,fbs,Indiana,Big Ten,fbs,away,True,28.0,42.0,-14.0,L
401629043,2024,5,2024-09-28,Massachusetts,FBS Independents,fbs,Miami (OH),Mid-American,fbs,away,False,20.0,23.0,-3.0,L
401641025,2024,5,2024-09-28,Memphis,American Athletic,fbs,Middle Tennessee,Conference USA,fbs,home,False,24.0,7.0,17.0,W
401629043,2024,5,2024-09-28,Miami (OH),Mid-American,fbs,Massachusetts,FBS Independents,fbs,home,False,23.0,20.0,3.0,W
401628497,2024,5,2024-09-28,Michigan,Big Ten,fbs,Minnesota,Big Ten,fbs,home,True,27.0,24.0,3.0,W
401628498,2024,5,2024-09-28,Michigan State,Big Ten,fbs,Ohio State,Big Ten,fbs,home,True,7.0,38.0,-31.0,L
401641025,2024,5,2024-09-28,Middle Tennessee,Conference USA,fbs,Memphis,American Athletic,fbs,away,False,7.0,24.0,-17.0,L
401628497,2024,5,2024-09-28,Minnesota,Big Ten,fbs,Michigan,Big Ten,fbs,away,True,24.0,27.0,-3.0,L
401628378,2024,5,2024-09-28,Mississippi State,SEC,fbs,Texas,SEC,fbs,away,True,13.0,35.0,-22.0,L
401635564,2024,5,2024-09-28,NC State,ACC,fbs,Northern Illinois,Mid-American,fbs,home,False,24.0,17.0,7.0,W
401645332,2024,5,2024-09-28,Navy,American Athletic,fbs,UAB,American Athletic,fbs,away,True,41.0,18.0,23.0,W
401628499,2024,5,2024-09-28,Nebraska,Big Ten,fbs,Purdue,Big Ten,fbs,away,True,28.0,10.0,18.0,W
401641035,2024,5,2024-09-28,New Mexico,Mountain West,fbs,New Mexico State,Conference USA,fbs,away,False,50.0,40.0,10.0,W
401641035,2024,5,2024-09-28,New Mexico State,Conference USA,fbs,New Mexico,Mountain West,fbs,home,False,40.0,50.0,-10.0,L
401635562,2024,5,2024-09-28,North Carolina,ACC,fbs,Duke,ACC,fbs,away,True,20.0,21.0,-1.0,L
401645336,2024,5,2024-09-28,North Texas,American Athletic,fbs,Tulsa,American Athletic,fbs,home,True,52.0,20.0,32.0,W
401635564,2024,5,2024-09-28,Northern Illinois,Mid-American,fbs,NC State,ACC,fbs,away,False,17.0,24.0,-7.0,L
401628980,2024,5,2024-09-28,Notre Dame,FBS Independents,fbs,Louisville,ACC,fbs,home,False,31.0,24.0,7.0,W
401644738,2024,5,2024-09-28,Ohio,Mid-American,fbs,Akron,Mid-American,fbs,home,True,30.0,10.0,20.0,W
401628498,2024,5,2024-09-28,Ohio State,Big Ten,fbs,Michigan State,Big Ten,fbs,away,True,38.0,7.0,31.0,W
401628375,2024,5,2024-09-28,Oklahoma,SEC,fbs,Auburn,SEC,fbs,away,True,27.0,21.0,6.0,W
401636883,2024,5,2024-09-28,Oklahoma State,Big 12,fbs,Kansas State,Big 12,fbs,away,True,20.0,42.0,-22.0,L
401643795,2024,5,2024-09-28,Old Dominion,Sun Belt,fbs,Bowling Green,Mid-American,fbs,away,False,30.0,27.0,3.0,W
401628377,2024,5,2024-09-28,Ole Miss,SEC,fbs,Kentucky,SEC,fbs,home,True,17.0,20.0,-3.0,L
401628500,2024,5,2024-09-28,Oregon,Big Ten,fbs,UCLA,Big Ten,fbs,away,True,34.0,13.0,21.0,W
401628495,2024,5,2024-09-28,Penn State,Big Ten,fbs,Illinois,Big Ten,fbs,home,True,21.0,7.0,14.0,W
401628499,2024,5,2024-09-28,Purdue,Big Ten,fbs,Nebraska,Big Ten,fbs,home,True,10.0,28.0,-18.0,L
401645333,2024,5,2024-09-28,Rice,American Athletic,fbs,Charlotte,American Athletic,fbs,home,True,20.0,21.0,-1.0,L
401635563,2024,5,2024-09-28,SMU,ACC,fbs,Florida State,ACC,fbs,home,True,42.0,16.0,26.0,W
401641041,2024,5,2024-09-28,Sam Houston,Conference USA,fbs,Texas State,Sun Belt,fbs,neutral,False,40.0,39.0,1.0,W
401643721,2024,5,2024-09-28,San Diego State,Mountain West,fbs,Central Michigan,Mid-American,fbs,away,False,21.0,22.0,-1.0,L
401628376,2024,5,2024-09-28,South Alabama,Sun Belt,fbs,LSU,SEC,fbs,away,False,10.0,42.0,-32.0,L
401645337,2024,5,2024-09-28,South Florida,American Athletic,fbs,Tulane,American Athletic,fbs,away,True,10.0,45.0,-35.0,L
401635561,2024,5,2024-09-28,Stanford,ACC,fbs,Clemson,ACC,fbs,away,True,14.0,40.0,-26.0,L
401635565,2024,5,2024-09-28,Syracuse,ACC,fbs,Holy Cross,Patriot,fcs,home,False,42.0,14.0,28.0,W
401636882,2024,5,2024-09-28,TCU,Big 12,fbs,Kansas,Big 12,fbs,neutral,True,38.0,27.0,11.0,W
401628378,2024,5,2024-09-28,Texas,SEC,fbs,Mississippi State,SEC,fbs,home,True,35.0,13.0,22.0,W
401628373,2024,5,2024-09-28,Texas A&M,SEC,fbs,Arkansas,SEC,fbs,neutral,True,21.0,17.0,4.0,W
401641041,2024,5,2024-09-28,Texas State,Sun Belt,fbs,Sam Houston,Conference USA,fbs,neutral,False,39.0,40.0,-1.0,L
401636884,2024,5,2024-09-28,Texas Tech,Big 12,fbs,Cincinnati,Big 12,fbs,home,True,44.0,41.0,3.0,W
401643796,2024,5,2024-09-28,Troy,Sun Belt,fbs,UL Monroe,Sun Belt,fbs,home,True,9.0,13.0,-4.0,L
401645337,2024,5,2024-09-28,Tulane,American Athletic,fbs,South Florida,American Athletic,fbs,home,True,45.0,10.0,35.0,W
401645336,2024,5,2024-09-28,Tulsa,American Athletic,fbs,North Texas,American Athletic,fbs,away,True,20.0,52.0,-32.0,L
401645332,2024,5,2024-09-28,UAB,American Athletic,fbs,Navy,American Athletic,fbs,home,True,18.0,41.0,-23.0,L
401636885,2024,5,2024-09-28,UCF,Big 12,fbs,Colorado,Big 12,fbs,home,True,21.0,48.0,-27.0,L
401628500,2024,5,2024-09-28,UCLA,Big Ten,fbs,Oregon,Big Ten,fbs,home,True,13.0,34.0,-21.0,L
401629032,2024,5,2024-09-28,UConn,FBS Independents,fbs,Buffalo,Mid-American,fbs,home,False,47.0,3.0,44.0,W
401643796,2024,5,2024-09-28,UL Monroe,Sun Belt,fbs,Troy,Sun Belt,fbs,away,True,13.0,9.0,4.0,W
401643720,2024,5,2024-09-28,UNLV,Mountain West,fbs,Fresno State,Mountain West,fbs,home,True,59.0,14.0,45.0,W
401628502,2024,5,2024-09-28,USC,Big Ten,fbs,Wisconsin,Big Ten,fbs,home,True,38.0,21.0,17.0,W
401645334,2024,5,2024-09-28,UTSA,American Athletic,fbs,East Carolina,American Athletic,fbs,away,True,20.0,30.0,-10.0,L
401636886,2024,5,2024-09-28,Utah,Big 12,fbs,Arizona,Big 12,fbs,home,True,10.0,23.0,-13.0,L
401635659,2024,5,2024-09-28,Wake Forest,ACC,fbs,Louisiana,Sun Belt,fbs,home,False,38.0,41.0,-3.0,L
401643719,2024,5,2024-09-28,Washington State,Pac-12,fbs,Boise State,Mountain West,fbs,away,False,24.0,45.0,-21.0,L
401635560,2024,5,2024-09-28,Western Kentucky,Conference USA,fbs,Boston College,ACC,fbs,away,False,20.0,21.0,-1.0,L
401643794,2024,5,2024-09-28,Western Michigan,Mid-American,fbs,Marshall,Sun Belt,fbs,away,False,20.0,27.0,-7.0,L
401628502,2024,5,2024-09-28,Wisconsin,Big Ten,fbs,USC,Big Ten,fbs,away,True,21.0,38.0,-17.0,L
401643718,2024,5,2024-09-28,Wyoming,Mountain West,fbs,Air Force,Mountain West,fbs,home,True,31.0,19.0,12.0,W
401756847,2025,1,2025-08-23,Fresno State,Mountain West,fbs,Kansas,Big 12,fbs,away,False,7.0,31.0,-24.0,L
401754516,2025,1,2025-08-23,Hawai'i,Mountain West,fbs,Stanford,ACC,fbs,home,False,23.0,20.0,3.0,W
401756846,2025,1,2025-08-23,Iowa State,Big 12,fbs,Kansas State,Big 12,fbs,neutral,True,24.0,21.0,3.0,W
401756847,2025,1,2025-08-23,Kansas,Big 12,fbs,Fresno State,Mountain West,fbs,home,False,31.0,7.0,24.0,W
401756846,2025,1,2025-08-23,Kansas State,Big 12,fbs,Iowa State,Big 12,fbs,neutral,True,21.0,24.0,-3.0,L
401757218,2025,1,2025-08-23,Sam Houston,Conference USA,fbs,Western Kentucky,Conference USA,fbs,away,True,24.0,41.0,-17.0,L
401754516,2025,1,2025-08-23,Stanford,ACC,fbs,Hawai'i,Mountain West,fbs,away,False,20.0,23.0,-3.0,L
401760371,2025,1,2025-08-23,UNLV,Mountain West,fbs,Idaho State,Big Sky,fcs,home,False,38.0,31.0,7.0,W
401757218,2025,1,2025-08-23,Western Kentucky,Conference USA,fbs,Sam Houston,Conference USA,fbs,home,True,41.0,24.0,17.0,W
401762789,2025,1,2025-08-28,Akron,Mid-American,fbs,Wyoming,Mountain West,fbs,home,False,0.0,10.0,-10.0,L
401762522,2025,1,2025-08-28,Boise State,Mountain West,fbs,South Florida,American Athletic,fbs,away,False,7.0,34.0,-27.0,L
401762790,2025,1,2025-08-28,Bowling Green,Mid-American,fbs,Lafayette,Patriot,fcs,home,False,26.0,7.0,19.0,W
401752793,2025,1,2025-08-28,Buffalo,Mid-American,fbs,Minnesota,Big Ten,fbs,away,False,10.0,23.0,-13.0,L
401752796,2025,1,2025-08-28,Cincinnati,Big 12,fbs,Nebraska,Big Ten,fbs,neutral,False,17.0,20.0,-3.0,L
401757219,2025,1,2025-08-28,Delaware,Conference USA,fbs,Delaware State,MEAC,fcs,home,False,35.0,17.0,18.0,W
401754517,2025,1,2025-08-28,Duke,ACC,fbs,Elon,Coastal Athletic,fcs,home,False,45.0,17.0,28.0,W
401754373,2025,1,2025-08-28,East Carolina,American Athletic,fbs,NC State,ACC,fbs,away,False,17.0,24.0,-7.0,L
401756852,2025,1,2025-08-28,Houston,Big 12,fbs,Stephen F. Austin,Southland,fcs,home,False,27.0,0.0,27.0,W
401756848,2025,1,2025-08-28,Jacksonville State,Conference USA,fbs,UCF,Big 12,fbs,away,False,10.0,17.0,-7.0,L
401762791,2025,1,2025-08-28,Miami (OH),Mid-American,fbs,Wisconsin,Big Ten,fbs,away,False,0.0,17.0,-17.0,L
401752793,2025,1,2025-08-28,Minnesota,Big Ten,fbs,Buffalo,Mid-American,fbs,home,False,23.0,10.0,13.0,W
401752674,2025,1,2025-08-28,Missouri,SEC,fbs,Central Arkansas,UAC,fcs,home,False,61.0,6.0,55.0,W
401754373,2025,1,2025-08-28,NC State,ACC,fbs,East Carolina,American Athletic,fbs,home,False,24.0,17.0,7.0,W
401752796,2025,1,2025-08-28,Nebraska,Big Ten,fbs,Cincinnati,Big 12,fbs,neutral,False,20.0,17.0,3.0,W
401752794,2025,1,2025-08-28,Ohio,Mid-American,fbs,Rutgers,Big Ten,fbs,away,False,31.0,34.0,-3.0,L
401756876,2025,1,2025-08-28,Oklahoma State,Big 12,fbs,UT Martin,OVC-Big South,fcs,home,False,27.0,7.0,20.0,W
401752794,2025,1,2025-08-28,Rutgers,Big Ten,fbs,Ohio,Mid-American,fbs,home,False,34.0,31.0,3.0,W
401760357,2025,1,2025-08-28,San Diego State,Mountain West,fbs,Stony Brook,Coastal Athletic,fcs,home,False,42.0,0.0,42.0,W
401762522,2025,1,2025-08-28,South Florida,American Athletic,fbs,Boise State,Mountain West,fbs,home,False,34.0,7.0,27.0,W
401762430,2025,1,2025-08-28,UAB,American Athletic,fbs,Alabama State,SWAC,fcs,home,False,52.0,42.0,10.0,W
401756848,2025,1,2025-08-28,UCF,Big 12,fbs,Jacksonville State,Conference USA,fbs,home,False,17.0,10.0,7.0,W
401761588,2025,1,2025-08-28,UL Monroe,Sun Belt,fbs,Saint Francis,NEC,fcs,home,False,29.0,0.0,29.0,W
401762791,2025,1,2025-08-28,Wisconsin,Big Ten,fbs,Miami (OH),Mid-American,fbs,home,False,17.0,0.0,17.0,W
401762789,2025,1,2025-08-28,Wyoming,Mountain West,fbs,Akron,Mid-American,fbs,away,False,10.0,0.0,10.0,W
401761589,2025,1,2025-08-29,App State,Sun Belt,fbs,Charlotte,American Athletic,fbs,neutral,False,34.0,11.0,23.0,W
401762432,2025,1,2025-08-29,Army,American Athletic,fbs,Tarleton State,UAC,fcs,home,False,27.0,30.0,-3.0,L
401752667,2025,1,2025-08-29,Auburn,SEC,fbs,Baylor,Big 12,fbs,away,False,38.0,24.0,14.0,W
401752667,2025,1,2025-08-29,Baylor,Big 12,fbs,Auburn,SEC,fbs,home,False,24.0,38.0,-14.0,L
401760358,2025,1,2025-08-29,Central Michigan,Mid-American,fbs,San José State,Mountain West,fbs,away,False,16.0,14.0,2.0,W
401761589,2025,1,2025-08-29,Charlotte,American Athletic,fbs,App State,Sun Belt,fbs,neutral,False,11.0,34.0,-23.0,L
401754375,2025,1,2025-08-29,Colorado,Big 12,fbs,Georgia Tech,ACC,fbs,home,False,20.0,27.0,-7.0,L
401766898,2025,1,2025-08-29,Florida International,Conference USA,fbs,Bethune-Cookman,SWAC,fcs,home,False,42.0,9.0,33.0,W
401754375,2025,1,2025-08-29,Georgia Tech,ACC,fbs,Colorado,Big 12,fbs,away,False,27.0,20.0,7.0,W
401752795,2025,1,2025-08-29,Illinois,Big Ten,fbs,Western Illinois,OVC-Big South,fcs,home,False,52.0,3.0,49.0,W
401756854,2025,1,2025-08-29,Kansas,Big 12,fbs,Wagner,NEC,fcs,home,False,46.0,7.0,39.0,W
401754374,2025,1,2025-08-29,Kennesaw State,Conference USA,fbs,Wake Forest,ACC,fbs,away,False,9.0,10.0,-1.0,L
401752802,2025,1,2025-08-29,Michigan State,Big Ten,fbs,Western Michigan,Mid-American,fbs,home,False,23.0,6.0,17.0,W
401757224,2025,1,2025-08-29,Sam Houston,Conference USA,fbs,UNLV,Mountain West,fbs,neutral,False,21.0,38.0,-17.0,L
401760358,2025,1,2025-08-29,San José State,Mountain West,fbs,Central Michigan,Mid-American,fbs,home,False,14.0,16.0,-2.0,L
401757224,2025,1,2025-08-29,UNLV,Mountain West,fbs,Sam Houston,Conference USA,fbs,neutral,False,38.0,21.0,17.0,W
401754374,2025,1,2025-08-29,Wake Forest,ACC,fbs,Kennesaw State,Conference USA,fbs,home,False,10.0,9.0,1.0,W
401752802,2025,1,2025-08-29,Western Michigan,Mid-American,fbs,Michigan State,Big Ten,fbs,away,False,6.0,23.0,-17.0,L
401760359,2025,1,2025-08-30,Air Force,Mountain West,fbs,Bucknell,Patriot,fcs,home,False,49.0,13.0,36.0,W
401752665,2025,1,2025-08-30,Alabama,SEC,fbs,Florida State,ACC,fbs,away,False,17.0,31.0,-14.0,L
401756849,2025,1,2025-08-30,Arizona,Big 12,fbs,Hawai'i,Mountain West,fbs,home,False,40.0,6.0,34.0,W
401756850,2025,1,2025-08-30,Arizona State,Big 12,fbs,Northern Arizona,Big Sky,fcs,home,False,38.0,19.0,19.0,W
401752666,2025,1,2025-08-30,Arkansas,SEC,fbs,Alabama A&M,SWAC,fcs,home,False,52.0,7.0,45.0,W
401761591,2025,1,2025-08-30,Arkansas State,Sun Belt,fbs,Southeast Missouri State,OVC-Big South,fcs,home,False,42.0,24.0,18.0,W
401756851,2025,1,2025-08-30,BYU,Big 12,fbs,Portland State,Big Sky,fcs,home,False,69.0,0.0,69.0,W
401752801,2025,1,2025-08-30,Ball State,Mid-American,fbs,Purdue,Big Ten,fbs,away,False,0.0,31.0,-31.0,L
401754518,2025,1,2025-08-30,Boston College,ACC,fbs,Fordham,Patriot,fcs,home,False,66.0,10.0,56.0,W
401752936,2025,1,2025-08-30,California,ACC,fbs,Oregon State,Pac-12,fbs,away,False,34.0,15.0,19.0,W
401752671,2025,1,2025-08-30,Clemson,ACC,fbs,LSU,SEC,fbs,home,False,10.0,17.0,-7.0,L
401754616,2025,1,2025-08-30,Coastal Carolina,Sun Belt,fbs,Virginia,ACC,fbs,away,False,7.0,48.0,-41.0,L
401752805,2025,1,2025-08-30,Colorado State,Mountain West,fbs,Washington,Big Ten,fbs,away,False,21.0,38.0,-17.0,L
401761594,2025,1,2025-08-30,Eastern Michigan,Mid-American,fbs,Texas State,Sun Belt,fbs,away,False,27.0,52.0,-25.0,L
401752668,2025,1,2025-08-30,Florida,SEC,fbs,Long Island University,NEC,fcs,home,False,55.0,0.0,55.0,W
401752797,2025,1,2025-08-30,Florida Atlantic,American Athletic,fbs,Maryland,Big Ten,fbs,away,False,7.0,39.0,-32.0,L
401752665,2025,1,2025-08-30,Florida State,ACC,fbs,Alabama,SEC,fbs,home,False,31.0,17.0,14.0,W
401760361,2025,1,2025-08-30,Fresno State,Mountain West,fbs,Georgia Southern,Sun Belt,fbs,home,False,42.0,14.0,28.0,W
401752669,2025,1,2025-08-30,Georgia,SEC,fbs,Marshall,Sun Belt,fbs,home,False,45.0,7.0,38.0,W
401760361,2025,1,2025-08-30,Georgia Southern,Sun Belt,fbs,Fresno State,Mountain West,fbs,away,False,14.0,42.0,-28.0,L
401752672,2025,1,2025-08-30,Georgia State,Sun Belt,fbs,Ole Miss,SEC,fbs,away,False,7.0,63.0,-56.0,L
401756849,2025,1,2025-08-30,Hawai'i,Mountain West,fbs,Arizona,Big 12,fbs,away,False,6.0,40.0,-34.0,L
401752806,2025,1,2025-08-30,Indiana,Big Ten,fbs,Old Dominion,Sun Belt,fbs,home,False,27.0,14.0,13.0,W
401752799,2025,1,2025-08-30,Iowa,Big Ten,fbs,UAlbany,Coastal Athletic,fcs,home,False,34.0,7.0,27.0,W
401756853,2025,1,2025-08-30,Iowa State,Big 12,fbs,South Dakota,MVFC,fcs,home,False,55.0,7.0,48.0,W
401761590,2025,1,2025-08-30,James Madison,Sun Belt,fbs,Weber State,Big Sky,fcs,home,False,45.0,10.0,35.0,W
401756855,2025,1,2025-08-30,Kansas State,Big 12,fbs,North Dakota,MVFC,fcs,home,False,38.0,35.0,3.0,W
401762792,2025,1,2025-08-30,Kent State,Mid-American,fbs,Merrimack,FCS Independents,fcs,home,False,21.0,17.0,4.0,W
401752670,2025,1,2025-08-30,Kentucky,SEC,fbs,Toledo,Mid-American,fbs,home,False,24.0,16.0,8.0,W
401752671,2025,1,2025-08-30,LSU,SEC,fbs,Clemson,ACC,fbs,away,False,17.0,10.0,7.0,W
401757220,2025,1,2025-08-30,Liberty,Conference USA,fbs,Maine,Coastal Athletic,fcs,home,False,28.0,7.0,21.0,W
401761592,2025,1,2025-08-30,Louisiana,Sun Belt,fbs,Rice,American Athletic,fbs,home,False,12.0,14.0,-2.0,L
401757221,2025,1,2025-08-30,Louisiana Tech,Conference USA,fbs,SE Louisiana,Southland,fcs,home,False,24.0,0.0,24.0,W
401754519,2025,1,2025-08-30,Louisville,ACC,fbs,Eastern Kentucky,UAC,fcs,home,False,51.0,17.0,34.0,W
401752669,2025,1,2025-08-30,Marshall,Sun Belt,fbs,Georgia,SEC,fbs,away,False,7.0,45.0,-38.0,L
401752797,2025,1,2025-08-30,Maryland,Big Ten,fbs,Florida Atlantic,American Athletic,fbs,home,False,39.0,7.0,32.0,W
401762456,2025,1,2025-08-30,Massachusetts,Mid-American,fbs,Temple,American Athletic,fbs,home,False,10.0,42.0,-32.0,L
401762433,2025,1,2025-08-30,Memphis,American Athletic,fbs,Chattanooga,Southern,fcs,home,False,45.0,10.0,35.0,W
401752808,2025,1,2025-08-30,Michigan,Big Ten,fbs,New Mexico,Mountain West,fbs,home,False,34.0,17.0,17.0,W
401757222,2025,1,2025-08-30,Middle Tennessee,Conference USA,fbs,Austin Peay,UAC,fcs,home,False,14.0,34.0,-20.0,L
401752673,2025,1,2025-08-30,Mississippi State,SEC,fbs,Southern Miss,Sun Belt,fbs,away,False,34.0,17.0,17.0,W
401752798,2025,1,2025-08-30,Missouri State,Conference USA,fbs,USC,Big Ten,fbs,away,False,13.0,73.0,-60.0,L
401762434,2025,1,2025-08-30,Navy,American Athletic,fbs,VMI,Southern,fcs,home,False,52.0,7.0,45.0,W
401752807,2025,1,2025-08-30,Nevada,Mountain West,fbs,Penn State,Big Ten,fbs,away,False,11.0,46.0,-35.0,L
401752808,2025,1,2025-08-30,New Mexico,Mountain West,fbs,Michigan,Big Ten,fbs,away,False,17.0,34.0,-17.0,L
401757223,2025,1,2025-08-30,New Mexico State,Conference USA,fbs,Bryant,Coastal Athletic,fcs,home,False,19.0,3.0,16.0,W
401762435,2025,1,2025-08-30,North Texas,American Athletic,fbs,Lamar,Southland,fcs,home,False,51.0,0.0,51.0,W
401762793,2025,1,2025-08-30,Northern Illinois,Mid-American,fbs,Holy Cross,Patriot,fcs,home,False,19.0,17.0,2.0,W
401752803,2025,1,2025-08-30,Northwestern,Big Ten,fbs,Tulane,American Athletic,fbs,away,False,3.0,23.0,-20.0,L
401752677,2025,1,2025-08-30,Ohio State,Big Ten,fbs,Texas,SEC,fbs,home,False,14.0,7.0,7.0,W
401752675,2025,1,2025-08-30,Oklahoma,SEC,fbs,Illinois State,MVFC,fcs,home,False,35.0,3.0,32.0,W
401752806,2025,1,2025-08-30,Old Dominion,Sun Belt,fbs,Indiana,Big Ten,fbs,away,False,14.0,27.0,-13.0,L
401752672,2025,1,2025-08-30,Ole Miss,SEC,fbs,Georgia State,Sun Belt,fbs,home,False,63.0,7.0,56.0,W
401752804,2025,1,2025-08-30,Oregon,Big Ten,fbs,Montana State,Big Sky,fcs,home,False,59.0,13.0,46.0,W
401752936,2025,1,2025-08-30,Oregon State,Pac-12,fbs,California,ACC,fbs,home,False,15.0,34.0,-19.0,L
401752807,2025,1,2025-08-30,Penn State,Big Ten,fbs,Nevada,Mountain West,fbs,home,False,46.0,11.0,35.0,W
401754520,2025,1,2025-08-30,Pittsburgh,ACC,fbs,Duquesne,NEC,fcs,home,False,61.0,9.0,52.0,W
401752801,2025,1,2025-08-30,Purdue,Big Ten,fbs,Ball State,Mid-American,fbs,home,False,31.0,0.0,31.0,W
401761592,2025,1,2025-08-30,Rice,American Athletic,fbs,Louisiana,Sun Belt,fbs,away,False,14.0,12.0,2.0,W
401754521,2025,1,2025-08-30,SMU,ACC,fbs,East Texas A&M,Southland,fcs,home,False,42.0,13.0,29.0,W
401761593,2025,1,2025-08-30,South Alabama,Sun Belt,fbs,Morgan State,MEAC,fcs,home,False,38.0,21.0,17.0,W
401752673,2025,1,2025-08-30,Southern Miss,Sun Belt,fbs,Mississippi State,SEC,fbs,home,False,17.0,34.0,-17.0,L
401752676,2025,1,2025-08-30,Syracuse,ACC,fbs,Tennessee,SEC,fbs,neutral,False,26.0,45.0,-19.0,L
401762456,2025,1,2025-08-30,Temple,American Athletic,fbs,Massachusetts,Mid-American,fbs,away,False,42.0,10.0,32.0,W
401752676,2025,1,2025-08-30,Tennessee,SEC,fbs,Syracuse,ACC,fbs,neutral,False,45.0,26.0,19.0,W
401752677,2025,1,2025-08-30,Texas,SEC,fbs,Ohio State,Big Ten,fbs,away,False,7.0,14.0,-7.0,L
401752678,2025,1,2025-08-30,Texas A&M,SEC,fbs,UTSA,American Athletic,fbs,home,False,42.0,24.0,18.0,W
401761594,2025,1,2025-08-30,Texas State,Sun Belt,fbs,Eastern Michigan,Mid-American,fbs,home,False,52.0,27.0,25.0,W
401756877,2025,1,2025-08-30,Texas Tech,Big 12,fbs,Arkansas-Pine Bluff,SWAC,fcs,home,False,67.0,7.0,60.0,W
401752670,2025,1,2025-08-30,Toledo,Mid-American,fbs,Kentucky,SEC,fbs,away,False,16.0,24.0,-8.0,L
401761595,2025,1,2025-08-30,Troy,Sun Belt,fbs,Nicholls,Southland,fcs,home,False,38.0,20.0,18.0,W
401752803,2025,1,2025-08-30,Tulane,American Athletic,fbs,Northwestern,Big Ten,fbs,home,False,23.0,3.0,20.0,W
401762457,2025,1,2025-08-30,Tulsa,American Athletic,fbs,Abilene Christian,UAC,fcs,home,False,35.0,7.0,28.0,W
401752800,2025,1,2025-08-30,UCLA,Big Ten,fbs,Utah,Big 12,fbs,home,False,10.0,43.0,-33.0,L
401757167,2025,1,2025-08-30,UConn,FBS Independents,fbs,Central Connecticut,NEC,fcs,home,False,59.0,13.0,46.0,W
401752798,2025,1,2025-08-30,USC,Big Ten,fbs,Missouri State,Conference USA,fbs,home,False,73.0,13.0,60.0,W
401757225,2025,1,2025-08-30,UTEP,Conference USA,fbs,Utah State,Mountain West,fbs,away,False,16.0,28.0,-12.0,L
401752678,2025,1,2025-08-30,UTSA,American Athletic,fbs,Texas A&M,SEC,fbs,away,False,24.0,42.0,-18.0,L
401752800,2025,1,2025-08-30,Utah,Big 12,fbs,UCLA,Big Ten,fbs,away,False,43.0,10.0,33.0,W
401757225,2025,1,2025-08-30,Utah State,Mountain West,fbs,UTEP,Conference USA,fbs,home,False,28.0,16.0,12.0,W
401752679,2025,1,2025-08-30,Vanderbilt,SEC,fbs,Charleston Southern,OVC-Big South,fcs,home,False,45.0,3.0,42.0,W
401754616,2025,1,2025-08-30,Virginia,ACC,fbs,Coastal Carolina,Sun Belt,fbs,home,False,48.0,7.0,41.0,W
401752805,2025,1,2025-08-30,Washington,Big Ten,fbs,Colorado State,Mountain West,fbs,home,False,38.0,21.0,17.0,W
401752947,2025,1,2025-08-30,Washington State,Pac-12,fbs,Idaho,Big Sky,fcs,home,False,13.0,10.0,3.0,W
401756878,2025,1,2025-08-30,West Virginia,Big 12,fbs,Robert Morris,NEC,fcs,home,False,45.0,3.0,42.0,W
401757226,2025,1,2025-08-30,Western Kentucky,Conference USA,fbs,North Alabama,UAC,fcs,home,False,55.0,6.0,49.0,W
401754522,2025,1,2025-08-31,Miami,ACC,fbs,Notre Dame,FBS Independents,fbs,home,False,27.0,24.0,3.0,W
401754522,2025,1,2025-08-31,Notre Dame,FBS Independents,fbs,Miami,ACC,fbs,away,False,24.0,27.0,-3.0,L
401752680,2025,1,2025-08-31,South Carolina,SEC,fbs,Virginia Tech,ACC,fbs,neutral,False,24.0,11.0,13.0,W
401752680,2025,1,2025-08-31,Virginia Tech,ACC,fbs,South Carolina,SEC,fbs,neutral,False,11.0,24.0,-13.0,L
401754523,2025,1,2025-09-01,North Carolina,ACC,fbs,TCU,Big 12,fbs,home,False,14.0,48.0,-34.0,L
401754523,2025,1,2025-09-01,TCU,Big 12,fbs,North Carolina,ACC,fbs,away,False,48.0,14.0,34.0,W
401760363,2025,2,2025-09-05,Boise State,Mountain West,fbs,Eastern Washington,Big Sky,fcs,home,False,51.0,14.0,37.0,W
401754528,2025,2,2025-09-05,James Madison,Sun Belt,fbs,Louisville,ACC,fbs,away,False,14.0,28.0,-14.0,L
401754528,2025,2,2025-09-05,Louisville,ACC,fbs,James Madison,Sun Belt,fbs,home,False,28.0,14.0,14.0,W
401752826,2025,2,2025-09-05,Maryland,Big Ten,fbs,Northern Illinois,Mid-American,fbs,home,False,20.0,9.0,11.0,W
401752826,2025,2,2025-09-05,Northern Illinois,Mid-American,fbs,Maryland,Big Ten,fbs,away,False,9.0,20.0,-11.0,L
401752817,2025,2,2025-09-05,Northwestern,Big Ten,fbs,Western Illinois,OVC-Big South,fcs,home,False,42.0,7.0,35.0,W
401752810,2025,2,2025-09-06,Akron,Mid-American,fbs,Nebraska,Big Ten,fbs,away,False,0.0,68.0,-68.0,L
401752681,2025,2,2025-09-06,Alabama,SEC,fbs,UL Monroe,Sun Belt,fbs,home,False,73.0,0.0,73.0,W
401761596,2025,2,2025-09-06,App State,Sun Belt,fbs,Lindenwood,OVC-Big South,fcs,home,False,20.0,13.0,7.0,W
401756879,2025,2,2025-09-06,Arizona,Big 12,fbs,Weber State,Big Sky,fcs,home,False,48.0,3.0,45.0,W
401752688,2025,2,2025-09-06,Arizona State,Big 12,fbs,Mississippi State,SEC,fbs,away,False,20.0,24.0,-4.0,L
401752682,2025,2,2025-09-06,Arkansas,SEC,fbs,Arkansas State,Sun Belt,fbs,neutral,False,56.0,14.0,42.0,W
401752682,2025,2,2025-09-06,Arkansas State,Sun Belt,fbs,Arkansas,SEC,fbs,neutral,False,14.0,56.0,-42.0,L
401756882,2025,2,2025-09-06,Army,American Athletic,fbs,Kansas State,Big 12,fbs,away,False,24.0,21.0,3.0,W
401752683,2025,2,2025-09-06,Auburn,SEC,fbs,Ball State,Mid-American,fbs,home,False,42.0,3.0,39.0,W
401754526,2025,2,2025-09-06,BYU,Big 12,fbs,Stanford,ACC,fbs,home,False,27.0,3.0,24.0,W
401752683,2025,2,2025-09-06,Ball State,Mid-American,fbs,Auburn,SEC,fbs,away,False,3.0,42.0,-39.0,L
401754525,2025,2,2025-09-06,Baylor,Big 12,fbs,SMU,ACC,fbs,away,False,48.0,45.0,3.0,W
401752816,2025,2,2025-09-06,Boston College,ACC,fbs,Michigan State,Big Ten,fbs,away,False,40.0,42.0,-2.0,L
401756880,2025,2,2025-09-06,Bowling Green,Mid-American,fbs,Cincinnati,Big 12,fbs,away,False,20.0,34.0,-14.0,L
401762794,2025,2,2025-09-06,Buffalo,Mid-American,fbs,Saint Francis,NEC,fcs,home,False,45.0,6.0,39.0,W
401754530,2025,2,2025-09-06,California,ACC,fbs,Texas Southern,SWAC,fcs,home,False,35.0,3.0,32.0,W
401754529,2025,2,2025-09-06,Central Michigan,Mid-American,fbs,Pittsburgh,ACC,fbs,away,False,17.0,45.0,-28.0,L
401754527,2025,2,2025-09-06,Charlotte,American Athletic,fbs,North Carolina,ACC,fbs,home,False,3.0,20.0,-17.0,L
401756880,2025,2,2025-09-06,Cincinnati,Big 12,fbs,Bowling Green,Mid-American,fbs,home,False,34.0,20.0,14.0,W
401754637,2025,2,2025-09-06,Clemson,ACC,fbs,Troy,Sun Belt,fbs,home,False,27.0,16.0,11.0,W
401761597,2025,2,2025-09-06,Coastal Carolina,Sun Belt,fbs,Charleston Southern,OVC-Big South,fcs,home,False,13.0,0.0,13.0,W
401756881,2025,2,2025-09-06,Colorado,Big 12,fbs,Delaware,Conference USA,fbs,home,False,31.0,7.0,24.0,W
401760364,2025,2,2025-09-06,Colorado State,Mountain West,fbs,Northern Colorado,Big Sky,fcs,home,False,21.0,17.0,4.0,W
401756881,2025,2,2025-09-06,Delaware,Conference USA,fbs,Colorado,Big 12,fbs,away,False,7.0,31.0,-24.0,L
401752825,2025,2,2025-09-06,Duke,ACC,fbs,Illinois,Big Ten,fbs,home,False,19.0,45.0,-26.0,L
401762459,2025,2,2025-09-06,East Carolina,American Athletic,fbs,Campbell,Coastal Athletic,fcs,home,False,56.0,3.0,53.0,W
401762795,2025,2,2025-09-06,Eastern Michigan,Mid-American,fbs,Long Island University,NEC,fcs,home,False,23.0,28.0,-5.0,L
401752684,2025,2,2025-09-06,Florida,SEC,fbs,South Florida,American Athletic,fbs,home,False,16.0,18.0,-2.0,L
401762460,2025,2,2025-09-06,Florida Atlantic,American Athletic,fbs,Florida A&M,SWAC,fcs,home,False,56.0,14.0,42.0,W
401752811,2025,2,2025-09-06,Florida International,Conference USA,fbs,Penn State,Big Ten,fbs,away,False,0.0,34.0,-34.0,L
401754621,2025,2,2025-09-06,Florida State,ACC,fbs,East Texas A&M,Southland,fcs,home,False,77.0,3.0,74.0,W
401752937,2025,2,2025-09-06,Fresno State,Mountain West,fbs,Oregon State,Pac-12,fbs,away,False,36.0,27.0,9.0,W
401752685,2025,2,2025-09-06,Georgia,SEC,fbs,Austin Peay,UAC,fcs,home,False,28.0,6.0,22.0,W
401752814,2025,2,2025-09-06,Georgia Southern,Sun Belt,fbs,USC,Big Ten,fbs,away,False,20.0,59.0,-39.0,L
401761598,2025,2,2025-09-06,Georgia State,Sun Belt,fbs,Memphis,American Athletic,fbs,home,False,16.0,38.0,-22.0,L
401754622,2025,2,2025-09-06,Georgia Tech,ACC,fbs,Gardner-Webb,OVC-Big South,fcs,home,False,59.0,12.0,47.0,W
401757230,2025,2,2025-09-06,Hawai'i,Mountain West,fbs,Sam Houston,Conference USA,fbs,home,False,37.0,20.0,17.0,W
401756884,2025,2,2025-09-06,Houston,Big 12,fbs,Rice,American Athletic,fbs,away,False,35.0,9.0,26.0,W
401752825,2025,2,2025-09-06,Illinois,Big Ten,fbs,Duke,ACC,fbs,away,False,45.0,19.0,26.0,W
401752812,2025,2,2025-09-06,Indiana,Big Ten,fbs,Kennesaw State,Conference USA,fbs,home,False,56.0,9.0,47.0,W
401752822,2025,2,2025-09-06,Iowa,Big Ten,fbs,Iowa State,Big 12,fbs,away,False,13.0,16.0,-3.0,L
401752822,2025,2,2025-09-06,Iowa State,Big 12,fbs,Iowa,Big Ten,fbs,home,False,16.0,13.0,3.0,W
401757227,2025,2,2025-09-06,Jacksonville State,Conference USA,fbs,Liberty,Conference USA,fbs,home,True,34.0,24.0,10.0,W
401752689,2025,2,2025-09-06,Kansas,Big 12,fbs,Missouri,SEC,fbs,away,False,31.0,42.0,-11.0,L
401756882,2025,2,2025-09-06,Kansas State,Big 12,fbs,Army,American Athletic,fbs,home,False,21.0,24.0,-3.0,L
401752812,2025,2,2025-09-06,Kennesaw State,Conference USA,fbs,Indiana,Big Ten,fbs,away,False,9.0,56.0,-47.0,L
401756885,2025,2,2025-09-06,Kent State,Mid-American,fbs,Texas Tech,Big 12,fbs,away,False,14.0,62.0,-48.0,L
401752686,2025,2,2025-09-06,Kentucky,SEC,fbs,Ole Miss,SEC,fbs,home,True,23.0,30.0,-7.0,L
401752687,2025,2,2025-09-06,LSU,SEC,fbs,Louisiana Tech,Conference USA,fbs,home,False,23.0,7.0,16.0,W
401757227,2025,2,2025-09-06,Liberty,Conference USA,fbs,Jacksonville State,Conference USA,fbs,away,True,24.0,34.0,-10.0,L
401761600,2025,2,2025-09-06,Louisiana,Sun Belt,fbs,McNeese,Southland,fcs,home,False,34.0,10.0,24.0,W
401752687,2025,2,2025-09-06,Louisiana Tech,Conference USA,fbs,LSU,SEC,fbs,away,False,7.0,23.0,-16.0,L
401757228,2025,2,2025-09-06,Marshall,Sun Belt,fbs,Missouri State,Conference USA,fbs,home,False,20.0,21.0,-1.0,L
401762816,2025,2,2025-09-06,Massachusetts,Mid-American,fbs,Bryant,Coastal Athletic,fcs,home,False,26.0,27.0,-1.0,L
401761598,2025,2,2025-09-06,Memphis,American Athletic,fbs,Georgia State,Sun Belt,fbs,away,False,38.0,16.0,22.0,W
401754641,2025,2,2025-09-06,Miami,ACC,fbs,Bethune-Cookman,SWAC,fcs,home,False,45.0,3.0,42.0,W
401752818,2025,2,2025-09-06,Miami (OH),Mid-American,fbs,Rutgers,Big Ten,fbs,away,False,17.0,45.0,-28.0,L
401752690,2025,2,2025-09-06,Michigan,Big Ten,fbs,Oklahoma,SEC,fbs,away,False,13.0,24.0,-11.0,L
401752816,2025,2,2025-09-06,Michigan State,Big Ten,fbs,Boston College,ACC,fbs,home,False,42.0,40.0,2.0,W
401752820,2025,2,2025-09-06,Middle Tennessee,Conference USA,fbs,Wisconsin,Big Ten,fbs,away,False,10.0,42.0,-32.0,L
401752813,2025,2,2025-09-06,Minnesota,Big Ten,fbs,Northwestern State,Southland,fcs,home,False,66.0,0.0,66.0,W
401752688,2025,2,2025-09-06,Mississippi State,SEC,fbs,Arizona State,Big 12,fbs,home,False,24.0,20.0,4.0,W
401752689,2025,2,2025-09-06,Missouri,SEC,fbs,Kansas,Big 12,fbs,home,False,42.0,31.0,11.0,W
401757228,2025,2,2025-09-06,Missouri State,Conference USA,fbs,Marshall,Sun Belt,fbs,away,False,21.0,20.0,1.0,W
401754524,2025,2,2025-09-06,NC State,ACC,fbs,Virginia,ACC,fbs,home,False,35.0,31.0,4.0,W
401762458,2025,2,2025-09-06,Navy,American Athletic,fbs,UAB,American Athletic,fbs,home,True,38.0,24.0,14.0,W
401752810,2025,2,2025-09-06,Nebraska,Big Ten,fbs,Akron,Mid-American,fbs,home,False,68.0,0.0,68.0,W
401760365,2025,2,2025-09-06,Nevada,Mountain West,fbs,Sacramento State,Big Sky,fcs,home,False,20.0,17.0,3.0,W
401760366,2025,2,2025-09-06,New Mexico,Mountain West,fbs,Idaho State,Big Sky,fcs,home,False,32.0,22.0,10.0,W
401757229,2025,2,2025-09-06,New Mexico State,Conference USA,fbs,Tulsa,American Athletic,fbs,home,False,21.0,14.0,7.0,W
401754527,2025,2,2025-09-06,North Carolina,ACC,fbs,Charlotte,American Athletic,fbs,away,False,20.0,3.0,17.0,W
401762461,2025,2,2025-09-06,North Texas,American Athletic,fbs,Western Michigan,Mid-American,fbs,away,False,33.0,30.0,3.0,W
401756883,2025,2,2025-09-06,Ohio,Mid-American,fbs,West Virginia,Big 12,fbs,home,False,17.0,10.0,7.0,W
401752815,2025,2,2025-09-06,Ohio State,Big Ten,fbs,Grambling,SWAC,fcs,home,False,70.0,0.0,70.0,W
401752690,2025,2,2025-09-06,Oklahoma,SEC,fbs,Michigan,Big Ten,fbs,home,False,24.0,13.0,11.0,W
401752824,2025,2,2025-09-06,Oklahoma State,Big 12,fbs,Oregon,Big Ten,fbs,away,False,3.0,69.0,-66.0,L
401761599,2025,2,2025-09-06,Old Dominion,Sun Belt,fbs,North Carolina Central,MEAC,fcs,home,False,54.0,6.0,48.0,W
401752686,2025,2,2025-09-06,Ole Miss,SEC,fbs,Kentucky,SEC,fbs,away,True,30.0,23.0,7.0,W
401752824,2025,2,2025-09-06,Oregon,Big Ten,fbs,Oklahoma State,Big 12,fbs,home,False,69.0,3.0,66.0,W
401752937,2025,2,2025-09-06,Oregon State,Pac-12,fbs,Fresno State,Mountain West,fbs,home,False,27.0,36.0,-9.0,L
401752811,2025,2,2025-09-06,Penn State,Big Ten,fbs,Florida International,Conference USA,fbs,home,False,34.0,0.0,34.0,W
401754529,2025,2,2025-09-06,Pittsburgh,ACC,fbs,Central Michigan,Mid-American,fbs,home,False,45.0,17.0,28.0,W
401752819,2025,2,2025-09-06,Purdue,Big Ten,fbs,Southern Illinois,MVFC,fcs,home,False,34.0,17.0,17.0,W
401756884,2025,2,2025-09-06,Rice,American Athletic,fbs,Houston,Big 12,fbs,home,False,9.0,35.0,-26.0,L
401752818,2025,2,2025-09-06,Rutgers,Big Ten,fbs,Miami (OH),Mid-American,fbs,home,False,45.0,17.0,28.0,W
401754525,2025,2,2025-09-06,SMU,ACC,fbs,Baylor,Big 12,fbs,home,False,45.0,48.0,-3.0,L
401757230,2025,2,2025-09-06,Sam Houston,Conference USA,fbs,Hawai'i,Mountain West,fbs,away,False,20.0,37.0,-17.0,L
401752948,2025,2,2025-09-06,San Diego State,Mountain West,fbs,Washington State,Pac-12,fbs,away,False,13.0,36.0,-23.0,L
401752693,2025,2,2025-09-06,San José State,Mountain West,fbs,Texas,SEC,fbs,away,False,7.0,38.0,-31.0,L
401761601,2025,2,2025-09-06,South Alabama,Sun Belt,fbs,Tulane,American Athletic,fbs,home,False,31.0,33.0,-2.0,L
401752691,2025,2,2025-09-06,South Carolina,SEC,fbs,South Carolina State,MEAC,fcs,home,False,38.0,10.0,28.0,W
401752684,2025,2,2025-09-06,South Florida,American Athletic,fbs,Florida,SEC,fbs,away,False,18.0,16.0,2.0,W
401761602,2025,2,2025-09-06,Southern Miss,Sun Belt,fbs,Jackson State,SWAC,fcs,home,False,38.0,20.0,18.0,W
401754526,2025,2,2025-09-06,Stanford,ACC,fbs,BYU,Big 12,fbs,away,False,3.0,27.0,-24.0,L
401754618,2025,2,2025-09-06,Syracuse,ACC,fbs,UConn,FBS Independents,fbs,home,False,27.0,20.0,7.0,W
401762462,2025,2,2025-09-06,Temple,American Athletic,fbs,Howard,MEAC,fcs,home,False,55.0,7.0,48.0,W
401752692,2025,2,2025-09-06,Tennessee,SEC,fbs,East Tennessee State,Southern,fcs,home,False,72.0,17.0,55.0,W
401752693,2025,2,2025-09-06,Texas,SEC,fbs,San José State,Mountain West,fbs,home,False,38.0,7.0,31.0,W
401752694,2025,2,2025-09-06,Texas A&M,SEC,fbs,Utah State,Mountain West,fbs,home,False,44.0,22.0,22.0,W
401761603,2025,2,2025-09-06,Texas State,Sun Belt,fbs,UTSA,American Athletic,fbs,away,False,43.0,36.0,7.0,W
401756885,2025,2,2025-09-06,Texas Tech,Big 12,fbs,Kent State,Mid-American,fbs,home,False,62.0,14.0,48.0,W
401757232,2025,2,2025-09-06,Toledo,Mid-American,fbs,Western Kentucky,Conference USA,fbs,home,False,45.0,21.0,24.0,W
401754637,2025,2,2025-09-06,Troy,Sun Belt,fbs,Clemson,ACC,fbs,away,False,16.0,27.0,-11.0,L
401761601,2025,2,2025-09-06,Tulane,American Athletic,fbs,South Alabama,Sun Belt,fbs,away,False,33.0,31.0,2.0,W
401757229,2025,2,2025-09-06,Tulsa,American Athletic,fbs,New Mexico State,Conference USA,fbs,away,False,14.0,21.0,-7.0,L
401762458,2025,2,2025-09-06,UAB,American Athletic,fbs,Navy,American Athletic,fbs,away,True,24.0,38.0,-14.0,L
401756886,2025,2,2025-09-06,UCF,Big 12,fbs,North Carolina A&T,Coastal Athletic,fcs,home,False,68.0,7.0,61.0,W
401752823,2025,2,2025-09-06,UCLA,Big Ten,fbs,UNLV,Mountain West,fbs,away,False,23.0,30.0,-7.0,L
401754618,2025,2,2025-09-06,UConn,FBS Independents,fbs,Syracuse,ACC,fbs,away,False,20.0,27.0,-7.0,L
401752681,2025,2,2025-09-06,UL Monroe,Sun Belt,fbs,Alabama,SEC,fbs,away,False,0.0,73.0,-73.0,L
401752823,2025,2,2025-09-06,UNLV,Mountain West,fbs,UCLA,Big Ten,fbs,home,False,30.0,23.0,7.0,W
401752814,2025,2,2025-09-06,USC,Big Ten,fbs,Georgia Southern,Sun Belt,fbs,home,False,59.0,20.0,39.0,W
401757231,2025,2,2025-09-06,UTEP,Conference USA,fbs,UT Martin,OVC-Big South,fcs,home,False,42.0,17.0,25.0,W
401761603,2025,2,2025-09-06,UTSA,American Athletic,fbs,Texas State,Sun Belt,fbs,home,False,36.0,43.0,-7.0,L
401756887,2025,2,2025-09-06,Utah,Big 12,fbs,Cal Poly,Big Sky,fcs,home,False,63.0,9.0,54.0,W
401752694,2025,2,2025-09-06,Utah State,Mountain West,fbs,Texas A&M,SEC,fbs,away,False,22.0,44.0,-22.0,L
401752695,2025,2,2025-09-06,Vanderbilt,SEC,fbs,Virginia Tech,ACC,fbs,away,False,44.0,20.0,24.0,W
401754524,2025,2,2025-09-06,Virginia,ACC,fbs,NC State,ACC,fbs,away,False,31.0,35.0,-4.0,L
401752695,2025,2,2025-09-06,Virginia Tech,ACC,fbs,Vanderbilt,SEC,fbs,home,False,20.0,44.0,-24.0,L
401754620,2025,2,2025-09-06,Wake Forest,ACC,fbs,Western Carolina,Southern,fcs,home,False,42.0,10.0,32.0,W
401752821,2025,2,2025-09-06,Washington,Big Ten,fbs,UC Davis,Big Sky,fcs,home,False,70.0,10.0,60.0,W
401752948,2025,2,2025-09-06,Washington State,Pac-12,fbs,San Diego State,Mountain West,fbs,home,False,36.0,13.0,23.0,W
401756883,2025,2,2025-09-06,West Virginia,Big 12,fbs,Ohio,Mid-American,fbs,away,False,10.0,17.0,-7.0,L
401757232,2025,2,2025-09-06,Western Kentucky,Conference USA,fbs,Toledo,Mid-American,fbs,away,False,21.0,45.0,-24.0,L
401762461,2025,2,2025-09-06,Western Michigan,Mid-American,fbs,North Texas,American Athletic,fbs,home,False,30.0,33.0,-3.0,L
401752820,2025,2,2025-09-06,Wisconsin,Big Ten,fbs,Middle Tennessee,Conference USA,fbs,home,False,42.0,10.0,32.0,W
401760367,2025,2,2025-09-06,Wyoming,Mountain West,fbs,Northern Iowa,MVFC,fcs,home,False,31.0,7.0,24.0,W
401754531,2025,3,2025-09-11,NC State,ACC,fbs,Wake Forest,ACC,fbs,away,True,34.0,24.0,10.0,W
401754531,2025,3,2025-09-11,Wake Forest,ACC,fbs,NC State,ACC,fbs,home,True,24.0,34.0,-10.0,L
401756888,2025,3,2025-09-12,Arizona,Big 12,fbs,Kansas State,Big 12,fbs,home,False,23.0,17.0,6.0,W
401756893,2025,3,2025-09-12,Colorado,Big 12,fbs,Houston,Big 12,fbs,away,True,20.0,36.0,-16.0,L
401756893,2025,3,2025-09-12,Houston,Big 12,fbs,Colorado,Big 12,fbs,home,True,36.0,20.0,16.0,W
401752836,2025,3,2025-09-12,Indiana,Big Ten,fbs,Indiana State,MVFC,fcs,home,False,73.0,0.0,73.0,W
401756888,2025,3,2025-09-12,Kansas State,Big 12,fbs,Arizona,Big 12,fbs,away,False,17.0,23.0,-6.0,L
401752837,2025,3,2025-09-12,New Mexico,Mountain West,fbs,UCLA,Big Ten,fbs,away,False,35.0,10.0,25.0,W
401754532,2025,3,2025-09-12,Syracuse,ACC,fbs,Colgate,Patriot,fcs,home,False,66.0,24.0,42.0,W
401752837,2025,3,2025-09-12,UCLA,Big Ten,fbs,New Mexico,Mountain West,fbs,home,False,10.0,35.0,-25.0,L
401760368,2025,3,2025-09-13,Air Force,Mountain West,fbs,Utah State,Mountain West,fbs,away,True,30.0,49.0,-19.0,L
401762463,2025,3,2025-09-13,Akron,Mid-American,fbs,UAB,American Athletic,fbs,away,False,28.0,31.0,-3.0,L
401752696,2025,3,2025-09-13,Alabama,SEC,fbs,Wisconsin,Big Ten,fbs,home,False,38.0,14.0,24.0,W
401761607,2025,3,2025-09-13,App State,Sun Belt,fbs,Southern Miss,Sun Belt,fbs,away,True,22.0,38.0,-16.0,L
401756889,2025,3,2025-09-13,Arizona State,Big 12,fbs,Texas State,Sun Belt,fbs,home,False,34.0,15.0,19.0,W
401752700,2025,3,2025-09-13,Arkansas,SEC,fbs,Ole Miss,SEC,fbs,away,True,35.0,41.0,-6.0,L
401756890,2025,3,2025-09-13,Arkansas State,Sun Belt,fbs,Iowa State,Big 12,fbs,home,False,16.0,24.0,-8.0,L
401752697,2025,3,2025-09-13,Auburn,SEC,fbs,South Alabama,Sun Belt,fbs,home,False,31.0,15.0,16.0,W
401762818,2025,3,2025-09-13,Ball State,Mid-American,fbs,New Hampshire,Coastal Athletic,fcs,home,False,34.0,29.0,5.0,W
401756891,2025,3,2025-09-13,Baylor,Big 12,fbs,Samford,Southern,fcs,home,False,42.0,7.0,35.0,W
401754533,2025,3,2025-09-13,Boston College,ACC,fbs,Stanford,ACC,fbs,away,True,20.0,30.0,-10.0,L
401757256,2025,3,2025-09-13,Bowling Green,Mid-American,fbs,Liberty,Conference USA,fbs,home,False,23.0,13.0,10.0,W
401762817,2025,3,2025-09-13,Buffalo,Mid-American,fbs,Kent State,Mid-American,fbs,away,True,31.0,28.0,3.0,W
401752840,2025,3,2025-09-13,California,ACC,fbs,Minnesota,Big Ten,fbs,home,False,27.0,14.0,13.0,W
401752839,2025,3,2025-09-13,Central Michigan,Mid-American,fbs,Michigan,Big Ten,fbs,away,False,3.0,63.0,-60.0,L
401762464,2025,3,2025-09-13,Charlotte,American Athletic,fbs,Monmouth,Coastal Athletic,fcs,home,False,42.0,35.0,7.0,W
401756892,2025,3,2025-09-13,Cincinnati,Big 12,fbs,Northwestern State,Southland,fcs,home,False,70.0,0.0,70.0,W
401754623,2025,3,2025-09-13,Clemson,ACC,fbs,Georgia Tech,ACC,fbs,away,True,21.0,24.0,-3.0,L
401761604,2025,3,2025-09-13,Coastal Carolina,Sun Belt,fbs,East Carolina,American Athletic,fbs,home,False,0.0,38.0,-38.0,L
401757168,2025,3,2025-09-13,Delaware,Conference USA,fbs,UConn,FBS Independents,fbs,home,False,44.0,41.0,3.0,W
401754534,2025,3,2025-09-13,Duke,ACC,fbs,Tulane,American Athletic,fbs,away,False,27.0,34.0,-7.0,L
401761604,2025,3,2025-09-13,East Carolina,American Athletic,fbs,Coastal Carolina,Sun Belt,fbs,away,False,38.0,0.0,38.0,W
401752698,2025,3,2025-09-13,Eastern Michigan,Mid-American,fbs,Kentucky,SEC,fbs,away,False,23.0,48.0,-25.0,L
401752699,2025,3,2025-09-13,Florida,SEC,fbs,LSU,SEC,fbs,away,True,10.0,20.0,-10.0,L
401757233,2025,3,2025-09-13,Florida Atlantic,American Athletic,fbs,Florida International,Conference USA,fbs,away,False,28.0,38.0,-10.0,L
401757233,2025,3,2025-09-13,Florida International,Conference USA,fbs,Florida Atlantic,American Athletic,fbs,home,False,38.0,28.0,10.0,W
401760369,2025,3,2025-09-13,Fresno State,Mountain West,fbs,Southern,SWAC,fcs,home,False,56.0,7.0,49.0,W
401752705,2025,3,2025-09-13,Georgia,SEC,fbs,Tennessee,SEC,fbs,away,True,44.0,41.0,3.0,W
401757234,2025,3,2025-09-13,Georgia Southern,Sun Belt,fbs,Jacksonville State,Conference USA,fbs,home,False,41.0,34.0,7.0,W
401761605,2025,3,2025-09-13,Georgia State,Sun Belt,fbs,Murray State,MVFC,fcs,home,False,37.0,21.0,16.0,W
401754623,2025,3,2025-09-13,Georgia Tech,ACC,fbs,Clemson,ACC,fbs,home,True,24.0,21.0,3.0,W
401760370,2025,3,2025-09-13,Hawai'i,Mountain West,fbs,Portland State,Big Sky,fcs,home,False,23.0,3.0,20.0,W
401752829,2025,3,2025-09-13,Illinois,Big Ten,fbs,Western Michigan,Mid-American,fbs,home,False,38.0,0.0,38.0,W
401752830,2025,3,2025-09-13,Iowa,Big Ten,fbs,Massachusetts,Mid-American,fbs,home,False,47.0,7.0,40.0,W
401756890,2025,3,2025-09-13,Iowa State,Big 12,fbs,Arkansas State,Sun Belt,fbs,away,False,24.0,16.0,8.0,W
401757234,2025,3,2025-09-13,Jacksonville State,Conference USA,fbs,Georgia Southern,Sun Belt,fbs,away,False,34.0,41.0,-7.0,L
401757235,2025,3,2025-09-13,Kennesaw State,Conference USA,fbs,Merrimack,FCS Independents,fcs,home,False,27.0,13.0,14.0,W
401762817,2025,3,2025-09-13,Kent State,Mid-American,fbs,Buffalo,Mid-American,fbs,home,True,28.0,31.0,-3.0,L
401752698,2025,3,2025-09-13,Kentucky,SEC,fbs,Eastern Michigan,Mid-American,fbs,home,False,48.0,23.0,25.0,W
401752699,2025,3,2025-09-13,LSU,SEC,fbs,Florida,SEC,fbs,home,True,20.0,10.0,10.0,W
401757256,2025,3,2025-09-13,Liberty,Conference USA,fbs,Bowling Green,Mid-American,fbs,away,False,13.0,23.0,-10.0,L
401752702,2025,3,2025-09-13,Louisiana,Sun Belt,fbs,Missouri,SEC,fbs,away,False,10.0,52.0,-42.0,L
401757257,2025,3,2025-09-13,Louisiana Tech,Conference USA,fbs,New Mexico State,Conference USA,fbs,home,True,49.0,14.0,35.0,W
401761606,2025,3,2025-09-13,Marshall,Sun Belt,fbs,Eastern Kentucky,UAC,fcs,home,False,38.0,7.0,31.0,W
401752838,2025,3,2025-09-13,Maryland,Big Ten,fbs,Towson,Coastal Athletic,fcs,home,False,44.0,17.0,27.0,W
401752830,2025,3,2025-09-13,Massachusetts,Mid-American,fbs,Iowa,Big Ten,fbs,away,False,7.0,47.0,-40.0,L
401761608,2025,3,2025-09-13,Memphis,American Athletic,fbs,Troy,Sun Belt,fbs,away,False,28.0,7.0,21.0,W
401754535,2025,3,2025-09-13,Miami,ACC,fbs,South Florida,American Athletic,fbs,home,False,49.0,12.0,37.0,W
401752839,2025,3,2025-09-13,Michigan,Big Ten,fbs,Central Michigan,Mid-American,fbs,home,False,63.0,3.0,60.0,W
401752834,2025,3,2025-09-13,Michigan State,Big Ten,fbs,Youngstown State,MVFC,fcs,home,False,41.0,24.0,17.0,W
401757258,2025,3,2025-09-13,Middle Tennessee,Conference USA,fbs,Nevada,Mountain West,fbs,away,False,14.0,13.0,1.0,W
401752840,2025,3,2025-09-13,Minnesota,Big Ten,fbs,California,ACC,fbs,away,False,14.0,27.0,-13.0,L
401752701,2025,3,2025-09-13,Mississippi State,SEC,fbs,Alcorn State,SWAC,fcs,home,False,63.0,0.0,63.0,W
401752702,2025,3,2025-09-13,Missouri,SEC,fbs,Louisiana,Sun Belt,fbs,home,False,52.0,10.0,42.0,W
401754615,2025,3,2025-09-13,Missouri State,Conference USA,fbs,SMU,ACC,fbs,home,False,10.0,28.0,-18.0,L
401762465,2025,3,2025-09-13,Navy,American Athletic,fbs,Tulsa,American Athletic,fbs,away,True,42.0,23.0,19.0,W
401752828,2025,3,2025-09-13,Nebraska,Big Ten,fbs,Houston Christian,Southland,fcs,home,False,59.0,7.0,52.0,W
401757258,2025,3,2025-09-13,Nevada,Mountain West,fbs,Middle Tennessee,Conference USA,fbs,home,False,13.0,14.0,-1.0,L
401757257,2025,3,2025-09-13,New Mexico State,Conference USA,fbs,Louisiana Tech,Conference USA,fbs,away,True,14.0,49.0,-35.0,L
401754639,2025,3,2025-09-13,North Carolina,ACC,fbs,Richmond,Patriot,fcs,home,False,41.0,6.0,35.0,W
401752949,2025,3,2025-09-13,North Texas,American Athletic,fbs,Washington State,Pac-12,fbs,home,False,59.0,10.0,49.0,W
401752831,2025,3,2025-09-13,Northwestern,Big Ten,fbs,Oregon,Big Ten,fbs,home,True,14.0,34.0,-20.0,L
401752707,2025,3,2025-09-13,Notre Dame,FBS Independents,fbs,Texas A&M,SEC,fbs,home,False,40.0,41.0,-1.0,L
401752827,2025,3,2025-09-13,Ohio,Mid-American,fbs,Ohio State,Big Ten,fbs,away,False,9.0,37.0,-28.0,L
401752827,2025,3,2025-09-13,Ohio State,Big Ten,fbs,Ohio,Mid-American,fbs,home,False,37.0,9.0,28.0,W
401752703,2025,3,2025-09-13,Oklahoma,SEC,fbs,Temple,American Athletic,fbs,away,False,42.0,3.0,39.0,W
401754536,2025,3,2025-09-13,Old Dominion,Sun Belt,fbs,Virginia Tech,ACC,fbs,away,False,45.0,26.0,19.0,W
401752700,2025,3,2025-09-13,Ole Miss,SEC,fbs,Arkansas,SEC,fbs,home,True,41.0,35.0,6.0,W
401752831,2025,3,2025-09-13,Oregon,Big Ten,fbs,Northwestern,Big Ten,fbs,away,True,34.0,14.0,20.0,W
401752938,2025,3,2025-09-13,Oregon State,Pac-12,fbs,Texas Tech,Big 12,fbs,away,False,14.0,45.0,-31.0,L
401752835,2025,3,2025-09-13,Penn State,Big Ten,fbs,Villanova,Coastal Athletic,fcs,home,False,52.0,6.0,46.0,W
401754638,2025,3,2025-09-13,Pittsburgh,ACC,fbs,West Virginia,Big 12,fbs,away,False,24.0,31.0,-7.0,L
401752832,2025,3,2025-09-13,Purdue,Big Ten,fbs,USC,Big Ten,fbs,home,True,17.0,33.0,-16.0,L
401762466,2025,3,2025-09-13,Rice,American Athletic,fbs,Prairie View A&M,SWAC,fcs,home,False,38.0,17.0,21.0,W
401752833,2025,3,2025-09-13,Rutgers,Big Ten,fbs,Norfolk State,MEAC,fcs,home,False,60.0,10.0,50.0,W
401754615,2025,3,2025-09-13,SMU,ACC,fbs,Missouri State,Conference USA,fbs,away,False,28.0,10.0,18.0,W
401752697,2025,3,2025-09-13,South Alabama,Sun Belt,fbs,Auburn,SEC,fbs,away,False,15.0,31.0,-16.0,L
401752704,2025,3,2025-09-13,South Carolina,SEC,fbs,Vanderbilt,SEC,fbs,home,True,7.0,31.0,-24.0,L
401754535,2025,3,2025-09-13,South Florida,American Athletic,fbs,Miami,ACC,fbs,away,False,12.0,49.0,-37.0,L
401761607,2025,3,2025-09-13,Southern Miss,Sun Belt,fbs,App State,Sun Belt,fbs,home,True,38.0,22.0,16.0,W
401754533,2025,3,2025-09-13,Stanford,ACC,fbs,Boston College,ACC,fbs,home,True,30.0,20.0,10.0,W
401756894,2025,3,2025-09-13,TCU,Big 12,fbs,Abilene Christian,UAC,fcs,home,False,42.0,21.0,21.0,W
401752703,2025,3,2025-09-13,Temple,American Athletic,fbs,Oklahoma,SEC,fbs,home,False,3.0,42.0,-39.0,L
401752705,2025,3,2025-09-13,Tennessee,SEC,fbs,Georgia,SEC,fbs,home,True,41.0,44.0,-3.0,L
401752706,2025,3,2025-09-13,Texas,SEC,fbs,UTEP,Conference USA,fbs,home,False,27.0,10.0,17.0,W
401752707,2025,3,2025-09-13,Texas A&M,SEC,fbs,Notre Dame,FBS Independents,fbs,away,False,41.0,40.0,1.0,W
401756889,2025,3,2025-09-13,Texas State,Sun Belt,fbs,Arizona State,Big 12,fbs,away,False,15.0,34.0,-19.0,L
401752938,2025,3,2025-09-13,Texas Tech,Big 12,fbs,Oregon State,Pac-12,fbs,home,False,45.0,14.0,31.0,W
401762819,2025,3,2025-09-13,Toledo,Mid-American,fbs,Morgan State,MEAC,fcs,home,False,60.0,0.0,60.0,W
401761608,2025,3,2025-09-13,Troy,Sun Belt,fbs,Memphis,American Athletic,fbs,home,False,7.0,28.0,-21.0,L
401754534,2025,3,2025-09-13,Tulane,American Athletic,fbs,Duke,ACC,fbs,home,False,34.0,27.0,7.0,W
401762465,2025,3,2025-09-13,Tulsa,American Athletic,fbs,Navy,American Athletic,fbs,home,True,23.0,42.0,-19.0,L
401762463,2025,3,2025-09-13,UAB,American Athletic,fbs,Akron,Mid-American,fbs,home,False,31.0,28.0,3.0,W
401757168,2025,3,2025-09-13,UConn,FBS Independents,fbs,Delaware,Conference USA,fbs,away,False,41.0,44.0,-3.0,L
401752832,2025,3,2025-09-13,USC,Big Ten,fbs,Purdue,Big Ten,fbs,away,True,33.0,17.0,16.0,W
401752706,2025,3,2025-09-13,UTEP,Conference USA,fbs,Texas,SEC,fbs,away,False,10.0,27.0,-17.0,L
401762467,2025,3,2025-09-13,UTSA,American Athletic,fbs,Incarnate Word,Southland,fcs,home,False,48.0,20.0,28.0,W
401756895,2025,3,2025-09-13,Utah,Big 12,fbs,Wyoming,Mountain West,fbs,away,False,31.0,6.0,25.0,W
401760368,2025,3,2025-09-13,Utah State,Mountain West,fbs,Air Force,Mountain West,fbs,home,True,49.0,30.0,19.0,W
401752704,2025,3,2025-09-13,Vanderbilt,SEC,fbs,South Carolina,SEC,fbs,away,True,31.0,7.0,24.0,W
401754619,2025,3,2025-09-13,Virginia,ACC,fbs,William & Mary,Coastal Athletic,fcs,home,False,55.0,16.0,39.0,W
401754536,2025,3,2025-09-13,Virginia Tech,ACC,fbs,Old Dominion,Sun Belt,fbs,home,False,26.0,45.0,-19.0,L
401752949,2025,3,2025-09-13,Washington State,Pac-12,fbs,North Texas,American Athletic,fbs,away,False,10.0,59.0,-49.0,L
401754638,2025,3,2025-09-13,West Virginia,Big 12,fbs,Pittsburgh,ACC,fbs,home,False,31.0,24.0,7.0,W
401752829,2025,3,2025-09-13,Western Michigan,Mid-American,fbs,Illinois,Big Ten,fbs,away,False,0.0,38.0,-38.0,L
401752696,2025,3,2025-09-13,Wisconsin,Big Ten,fbs,Alabama,SEC,fbs,away,False,14.0,38.0,-24.0,L
401756895,2025,3,2025-09-13,Wyoming,Mountain West,fbs,Utah,Big 12,fbs,home,False,6.0,31.0,-25.0,L
401762468,2025,4,2025-09-18,Charlotte,American Athletic,fbs,Rice,American Athletic,fbs,home,True,17.0,28.0,-11.0,L
401762468,2025,4,2025-09-18,Rice,American Athletic,fbs,Charlotte,American Athletic,fbs,away,True,28.0,17.0,11.0,W
401752844,2025,4,2025-09-19,Iowa,Big Ten,fbs,Rutgers,Big Ten,fbs,away,True,38.0,28.0,10.0,W
401756900,2025,4,2025-09-19,Oklahoma State,Big 12,fbs,Tulsa,American Athletic,fbs,home,False,12.0,19.0,-7.0,L
401752844,2025,4,2025-09-19,Rutgers,Big Ten,fbs,Iowa,Big Ten,fbs,home,True,28.0,38.0,-10.0,L
401756900,2025,4,2025-09-19,Tulsa,American Athletic,fbs,Oklahoma State,Big 12,fbs,away,False,19.0,12.0,7.0,W
401760372,2025,4,2025-09-20,Air Force,Mountain West,fbs,Boise State,Mountain West,fbs,home,True,37.0,49.0,-12.0,L
401762821,2025,4,2025-09-20,Akron,Mid-American,fbs,Duquesne,NEC,fcs,home,False,51.0,7.0,44.0,W
401756896,2025,4,2025-09-20,Arizona State,Big 12,fbs,Baylor,Big 12,fbs,away,True,27.0,24.0,3.0,W
401752708,2025,4,2025-09-20,Arkansas,SEC,fbs,Memphis,American Athletic,fbs,away,False,31.0,32.0,-1.0,L
401757261,2025,4,2025-09-20,Arkansas State,Sun Belt,fbs,Kennesaw State,Conference USA,fbs,away,False,21.0,28.0,-7.0,L
401762469,2025,4,2025-09-20,Army,American Athletic,fbs,North Texas,American Athletic,fbs,home,True,38.0,45.0,-7.0,L
401752714,2025,4,2025-09-20,Auburn,SEC,fbs,Oklahoma,SEC,fbs,away,True,17.0,24.0,-7.0,L
401756898,2025,4,2025-09-20,BYU,Big 12,fbs,East Carolina,American Athletic,fbs,away,False,34.0,13.0,21.0,W
401757169,2025,4,2025-09-20,Ball State,Mid-American,fbs,UConn,FBS Independents,fbs,away,False,25.0,31.0,-6.0,L
401756896,2025,4,2025-09-20,Baylor,Big 12,fbs,Arizona State,Big 12,fbs,home,True,24.0,27.0,-3.0,L
401760372,2025,4,2025-09-20,Boise State,Mountain West,fbs,Air Force,Mountain West,fbs,away,True,49.0,37.0,12.0,W
401754642,2025,4,2025-09-20,Bowling Green,Mid-American,fbs,Louisville,ACC,fbs,away,False,17.0,40.0,-23.0,L
401761613,2025,4,2025-09-20,Buffalo,Mid-American,fbs,Troy,Sun Belt,fbs,home,False,17.0,21.0,-4.0,L
401754540,2025,4,2025-09-20,California,ACC,fbs,San Diego State,Mountain West,fbs,away,False,0.0,34.0,-34.0,L
401762822,2025,4,2025-09-20,Central Michigan,Mid-American,fbs,Wagner,NEC,fcs,home,False,49.0,10.0,39.0,W
401754537,2025,4,2025-09-20,Clemson,ACC,fbs,Syracuse,ACC,fbs,home,True,21.0,34.0,-13.0,L
401761611,2025,4,2025-09-20,Coastal Carolina,Sun Belt,fbs,South Alabama,Sun Belt,fbs,away,True,38.0,20.0,18.0,W
401756897,2025,4,2025-09-20,Colorado,Big 12,fbs,Wyoming,Mountain West,fbs,home,False,37.0,20.0,17.0,W
401760373,2025,4,2025-09-20,Colorado State,Mountain West,fbs,UTSA,American Athletic,fbs,home,False,16.0,17.0,-1.0,L
401757259,2025,4,2025-09-20,Delaware,Conference USA,fbs,Florida International,Conference USA,fbs,away,True,38.0,16.0,22.0,W
401754538,2025,4,2025-09-20,Duke,ACC,fbs,NC State,ACC,fbs,home,True,45.0,33.0,12.0,W
401756898,2025,4,2025-09-20,East Carolina,American Athletic,fbs,BYU,Big 12,fbs,home,False,13.0,34.0,-21.0,L
401761610,2025,4,2025-09-20,Eastern Michigan,Mid-American,fbs,Louisiana,Sun Belt,fbs,home,False,34.0,31.0,3.0,W
401752709,2025,4,2025-09-20,Florida,SEC,fbs,Miami,ACC,fbs,away,False,7.0,26.0,-19.0,L
401757259,2025,4,2025-09-20,Florida International,Conference USA,fbs,Delaware,Conference USA,fbs,home,True,16.0,38.0,-22.0,L
401754541,2025,4,2025-09-20,Florida State,ACC,fbs,Kent State,Mid-American,fbs,home,False,66.0,10.0,56.0,W
401760374,2025,4,2025-09-20,Fresno State,Mountain West,fbs,Hawai'i,Mountain West,fbs,away,True,23.0,21.0,2.0,W
401761609,2025,4,2025-09-20,Georgia Southern,Sun Belt,fbs,Maine,Coastal Athletic,fcs,home,False,45.0,17.0,28.0,W
401752716,2025,4,2025-09-20,Georgia State,Sun Belt,fbs,Vanderbilt,SEC,fbs,away,False,21.0,70.0,-49.0,L
401754542,2025,4,2025-09-20,Georgia Tech,ACC,fbs,Temple,American Athletic,fbs,home,False,45.0,24.0,21.0,W
401760374,2025,4,2025-09-20,Hawai'i,Mountain West,fbs,Fresno State,Mountain West,fbs,home,True,21.0,23.0,-2.0,L
401752843,2025,4,2025-09-20,Illinois,Big Ten,fbs,Indiana,Big Ten,fbs,away,True,10.0,63.0,-53.0,L
401752843,2025,4,2025-09-20,Indiana,Big Ten,fbs,Illinois,Big Ten,fbs,home,True,63.0,10.0,53.0,W
401757260,2025,4,2025-09-20,Jacksonville State,Conference USA,fbs,Murray State,MVFC,fcs,home,False,45.0,10.0,35.0,W
401757262,2025,4,2025-09-20,James Madison,Sun Belt,fbs,Liberty,Conference USA,fbs,away,False,31.0,13.0,18.0,W
401756899,2025,4,2025-09-20,Kansas,Big 12,fbs,West Virginia,Big 12,fbs,home,True,41.0,10.0,31.0,W
401757261,2025,4,2025-09-20,Kennesaw State,Conference USA,fbs,Arkansas State,Sun Belt,fbs,home,False,28.0,21.0,7.0,W
401754541,2025,4,2025-09-20,Kent State,Mid-American,fbs,Florida State,ACC,fbs,away,False,10.0,66.0,-56.0,L
401752710,2025,4,2025-09-20,LSU,SEC,fbs,SE Louisiana,Southland,fcs,home,False,56.0,10.0,46.0,W
401757262,2025,4,2025-09-20,Liberty,Conference USA,fbs,James Madison,Sun Belt,fbs,home,False,13.0,31.0,-18.0,L
401761610,2025,4,2025-09-20,Louisiana,Sun Belt,fbs,Eastern Michigan,Mid-American,fbs,away,False,31.0,34.0,-3.0,L
401757263,2025,4,2025-09-20,Louisiana Tech,Conference USA,fbs,Southern Miss,Sun Belt,fbs,home,False,30.0,20.0,10.0,W
401754642,2025,4,2025-09-20,Louisville,ACC,fbs,Bowling Green,Mid-American,fbs,home,False,40.0,17.0,23.0,W
401757264,2025,4,2025-09-20,Marshall,Sun Belt,fbs,Middle Tennessee,Conference USA,fbs,away,False,42.0,28.0,14.0,W
401752845,2025,4,2025-09-20,Maryland,Big Ten,fbs,Wisconsin,Big Ten,fbs,away,True,27.0,10.0,17.0,W
401752708,2025,4,2025-09-20,Memphis,American Athletic,fbs,Arkansas,SEC,fbs,home,False,32.0,31.0,1.0,W
401752709,2025,4,2025-09-20,Miami,ACC,fbs,Florida,SEC,fbs,home,False,26.0,7.0,19.0,W
401760376,2025,4,2025-09-20,Miami (OH),Mid-American,fbs,UNLV,Mountain West,fbs,home,False,38.0,41.0,-3.0,L
401752846,2025,4,2025-09-20,Michigan,Big Ten,fbs,Nebraska,Big Ten,fbs,away,True,30.0,27.0,3.0,W
401752847,2025,4,2025-09-20,Michigan State,Big Ten,fbs,USC,Big Ten,fbs,away,True,31.0,45.0,-14.0,L
401757264,2025,4,2025-09-20,Middle Tennessee,Conference USA,fbs,Marshall,Sun Belt,fbs,home,False,28.0,42.0,-14.0,L
401752712,2025,4,2025-09-20,Mississippi State,SEC,fbs,Northern Illinois,Mid-American,fbs,home,False,38.0,10.0,28.0,W
401752713,2025,4,2025-09-20,Missouri,SEC,fbs,South Carolina,SEC,fbs,home,True,29.0,20.0,9.0,W
401757265,2025,4,2025-09-20,Missouri State,Conference USA,fbs,UT Martin,OVC-Big South,fcs,home,False,42.0,10.0,32.0,W
401754538,2025,4,2025-09-20,NC State,ACC,fbs,Duke,ACC,fbs,away,True,33.0,45.0,-12.0,L
401752846,2025,4,2025-09-20,Nebraska,Big Ten,fbs,Michigan,Big Ten,fbs,home,True,27.0,30.0,-3.0,L
401757268,2025,4,2025-09-20,Nevada,Mountain West,fbs,Western Kentucky,Conference USA,fbs,away,False,16.0,31.0,-15.0,L
401754640,2025,4,2025-09-20,North Carolina,ACC,fbs,UCF,Big 12,fbs,away,False,9.0,34.0,-25.0,L
401762469,2025,4,2025-09-20,North Texas,American Athletic,fbs,Army,American Athletic,fbs,away,True,45.0,38.0,7.0,W
401752712,2025,4,2025-09-20,Northern Illinois,Mid-American,fbs,Mississippi State,SEC,fbs,away,False,10.0,38.0,-28.0,L
401752848,2025,4,2025-09-20,Notre Dame,FBS Independents,fbs,Purdue,Big Ten,fbs,home,False,56.0,30.0,26.0,W
401762823,2025,4,2025-09-20,Ohio,Mid-American,fbs,Gardner-Webb,OVC-Big South,fcs,home,False,52.0,35.0,17.0,W
401752714,2025,4,2025-09-20,Oklahoma,SEC,fbs,Auburn,SEC,fbs,home,True,24.0,17.0,7.0,W
401752711,2025,4,2025-09-20,Ole Miss,SEC,fbs,Tulane,American Athletic,fbs,home,False,45.0,10.0,35.0,W
401752841,2025,4,2025-09-20,Oregon,Big Ten,fbs,Oregon State,Pac-12,fbs,home,False,41.0,7.0,34.0,W
401752841,2025,4,2025-09-20,Oregon State,Pac-12,fbs,Oregon,Big Ten,fbs,away,False,7.0,41.0,-34.0,L
401752848,2025,4,2025-09-20,Purdue,Big Ten,fbs,Notre Dame,FBS Independents,fbs,away,False,30.0,56.0,-26.0,L
401754636,2025,4,2025-09-20,SMU,ACC,fbs,TCU,Big 12,fbs,away,False,24.0,35.0,-11.0,L
401752723,2025,4,2025-09-20,Sam Houston,Conference USA,fbs,Texas,SEC,fbs,away,False,0.0,55.0,-55.0,L
401754540,2025,4,2025-09-20,San Diego State,Mountain West,fbs,California,ACC,fbs,home,False,34.0,0.0,34.0,W
401760375,2025,4,2025-09-20,San José State,Mountain West,fbs,Idaho,Big Sky,fcs,home,False,31.0,28.0,3.0,W
401761611,2025,4,2025-09-20,South Alabama,Sun Belt,fbs,Coastal Carolina,Sun Belt,fbs,home,True,20.0,38.0,-18.0,L
401752713,2025,4,2025-09-20,South Carolina,SEC,fbs,Missouri,SEC,fbs,away,True,20.0,29.0,-9.0,L
401762470,2025,4,2025-09-20,South Florida,American Athletic,fbs,South Carolina State,MEAC,fcs,home,False,63.0,14.0,49.0,W
401757263,2025,4,2025-09-20,Southern Miss,Sun Belt,fbs,Louisiana Tech,Conference USA,fbs,away,False,20.0,30.0,-10.0,L
401754539,2025,4,2025-09-20,Stanford,ACC,fbs,Virginia,ACC,fbs,away,True,20.0,48.0,-28.0,L
401754537,2025,4,2025-09-20,Syracuse,ACC,fbs,Clemson,ACC,fbs,away,True,34.0,21.0,13.0,W
401754636,2025,4,2025-09-20,TCU,Big 12,fbs,SMU,ACC,fbs,home,False,35.0,24.0,11.0,W
401754542,2025,4,2025-09-20,Temple,American Athletic,fbs,Georgia Tech,ACC,fbs,away,False,24.0,45.0,-21.0,L
401752715,2025,4,2025-09-20,Tennessee,SEC,fbs,UAB,American Athletic,fbs,home,False,56.0,24.0,32.0,W
401752723,2025,4,2025-09-20,Texas,SEC,fbs,Sam Houston,Conference USA,fbs,home,False,55.0,0.0,55.0,W
401761612,2025,4,2025-09-20,Texas State,Sun Belt,fbs,Nicholls,Southland,fcs,home,False,35.0,3.0,32.0,W
401756901,2025,4,2025-09-20,Texas Tech,Big 12,fbs,Utah,Big 12,fbs,away,True,34.0,10.0,24.0,W
401762820,2025,4,2025-09-20,Toledo,Mid-American,fbs,Western Michigan,Mid-American,fbs,away,True,13.0,14.0,-1.0,L
401761613,2025,4,2025-09-20,Troy,Sun Belt,fbs,Buffalo,Mid-American,fbs,away,False,21.0,17.0,4.0,W
401752711,2025,4,2025-09-20,Tulane,American Athletic,fbs,Ole Miss,SEC,fbs,away,False,10.0,45.0,-35.0,L
401752715,2025,4,2025-09-20,UAB,American Athletic,fbs,Tennessee,SEC,fbs,away,False,24.0,56.0,-32.0,L
401754640,2025,4,2025-09-20,UCF,Big 12,fbs,North Carolina,ACC,fbs,home,False,34.0,9.0,25.0,W
401757169,2025,4,2025-09-20,UConn,FBS Independents,fbs,Ball State,Mid-American,fbs,home,False,31.0,25.0,6.0,W
401757267,2025,4,2025-09-20,UL Monroe,Sun Belt,fbs,UTEP,Conference USA,fbs,away,False,31.0,25.0,6.0,W
401760376,2025,4,2025-09-20,UNLV,Mountain West,fbs,Miami (OH),Mid-American,fbs,away,False,41.0,38.0,3.0,W
401752847,2025,4,2025-09-20,USC,Big Ten,fbs,Michigan State,Big Ten,fbs,home,True,45.0,31.0,14.0,W
401757267,2025,4,2025-09-20,UTEP,Conference USA,fbs,UL Monroe,Sun Belt,fbs,home,False,25.0,31.0,-6.0,L
401760373,2025,4,2025-09-20,UTSA,American Athletic,fbs,Colorado State,Mountain West,fbs,away,False,17.0,16.0,1.0,W
401756901,2025,4,2025-09-20,Utah,Big 12,fbs,Texas Tech,Big 12,fbs,home,True,10.0,34.0,-24.0,L
401760377,2025,4,2025-09-20,Utah State,Mountain West,fbs,McNeese,Southland,fcs,home,False,48.0,7.0,41.0,W
401752716,2025,4,2025-09-20,Vanderbilt,SEC,fbs,Georgia State,Sun Belt,fbs,home,False,70.0,21.0,49.0,W
401754539,2025,4,2025-09-20,Virginia,ACC,fbs,Stanford,ACC,fbs,home,True,48.0,20.0,28.0,W
401754617,2025,4,2025-09-20,Virginia Tech,ACC,fbs,Wofford,Southern,fcs,home,False,38.0,6.0,32.0,W
401752842,2025,4,2025-09-20,Washington,Big Ten,fbs,Washington State,Pac-12,fbs,away,False,59.0,24.0,35.0,W
401752842,2025,4,2025-09-20,Washington State,Pac-12,fbs,Washington,Big Ten,fbs,home,False,24.0,59.0,-35.0,L
401756899,2025,4,2025-09-20,West Virginia,Big 12,fbs,Kansas,Big 12,fbs,away,True,10.0,41.0,-31.0,L
401757268,2025,4,2025-09-20,Western Kentucky,Conference USA,fbs,Nevada,Mountain West,fbs,home,False,31.0,16.0,15.0,W
401762820,2025,4,2025-09-20,Western Michigan,Mid-American,fbs,Toledo,Mid-American,fbs,home,True,14.0,13.0,1.0,W
401752845,2025,4,2025-09-20,Wisconsin,Big Ten,fbs,Maryland,Big Ten,fbs,home,True,10.0,27.0,-17.0,L
401756897,2025,4,2025-09-20,Wyoming,Mountain West,fbs,Colorado,Big 12,fbs,away,False,20.0,37.0,-17.0,L
401762471,2025,5,2025-09-25,Army,American Athletic,fbs,East Carolina,American Athletic,fbs,away,True,6.0,28.0,-22.0,L
401762471,2025,5,2025-09-25,East Carolina,American Athletic,fbs,Army,American Athletic,fbs,home,True,28.0,6.0,22.0,W
401756902,2025,5,2025-09-26,Arizona State,Big 12,fbs,TCU,Big 12,fbs,home,True,27.0,24.0,3.0,W
401754543,2025,5,2025-09-26,Florida State,ACC,fbs,Virginia,ACC,fbs,away,True,38.0,46.0,-8.0,L
401752939,2025,5,2025-09-26,Houston,Big 12,fbs,Oregon State,Pac-12,fbs,away,False,27.0,24.0,3.0,W
401752939,2025,5,2025-09-26,Oregon State,Pac-12,fbs,Houston,Big 12,fbs,home,False,24.0,27.0,-3.0,L
401756902,2025,5,2025-09-26,TCU,Big 12,fbs,Arizona State,Big 12,fbs,away,True,24.0,27.0,-3.0,L
401754543,2025,5,2025-09-26,Virginia,ACC,fbs,Florida State,ACC,fbs,home,True,46.0,38.0,8.0,W
401760378,2025,5,2025-09-27,Air Force,Mountain West,fbs,Hawai'i,Mountain West,fbs,home,True,35.0,44.0,-9.0,L
401762824,2025,5,2025-09-27,Akron,Mid-American,fbs,Toledo,Mid-American,fbs,away,True,3.0,45.0,-42.0,L
401752718,2025,5,2025-09-27,Alabama,SEC,fbs,Georgia,SEC,fbs,away,True,24.0,21.0,3.0,W
401760379,2025,5,2025-09-27,App State,Sun Belt,fbs,Boise State,Mountain West,fbs,away,False,14.0,47.0,-33.0,L
401756904,2025,5,2025-09-27,Arizona,Big 12,fbs,Iowa State,Big 12,fbs,away,True,14.0,39.0,-25.0,L
401752717,2025,5,2025-09-27,Arkansas,SEC,fbs,Notre Dame,FBS Independents,fbs,home,False,13.0,56.0,-43.0,L
401761616,2025,5,2025-09-27,Arkansas State,Sun Belt,fbs,UL Monroe,Sun Belt,fbs,away,True,16.0,28.0,-12.0,L
401752724,2025,5,2025-09-27,Auburn,SEC,fbs,Texas A&M,SEC,fbs,away,True,10.0,16.0,-6.0,L
401756903,2025,5,2025-09-27,BYU,Big 12,fbs,Colorado,Big 12,fbs,away,True,24.0,21.0,3.0,W
401756907,2025,5,2025-09-27,Baylor,Big 12,fbs,Oklahoma State,Big 12,fbs,away,True,45.0,27.0,18.0,W
401760379,2025,5,2025-09-27,Boise State,Mountain West,fbs,App State,Sun Belt,fbs,home,False,47.0,14.0,33.0,W
401754544,2025,5,2025-09-27,Boston College,ACC,fbs,California,ACC,fbs,home,True,24.0,28.0,-4.0,L
401762825,2025,5,2025-09-27,Bowling Green,Mid-American,fbs,Ohio,Mid-American,fbs,away,True,20.0,35.0,-15.0,L
401757170,2025,5,2025-09-27,Buffalo,Mid-American,fbs,UConn,FBS Independents,fbs,home,False,17.0,20.0,-3.0,L
401754544,2025,5,2025-09-27,California,ACC,fbs,Boston College,ACC,fbs,away,True,28.0,24.0,4.0,W
401762826,2025,5,2025-09-27,Central Michigan,Mid-American,fbs,Eastern Michigan,Mid-American,fbs,home,True,24.0,13.0,11.0,W
401756905,2025,5,2025-09-27,Cincinnati,Big 12,fbs,Kansas,Big 12,fbs,away,True,37.0,34.0,3.0,W
401756903,2025,5,2025-09-27,Colorado,Big 12,fbs,BYU,Big 12,fbs,home,True,21.0,24.0,-3.0,L
401752950,2025,5,2025-09-27,Colorado State,Mountain West,fbs,Washington State,Pac-12,fbs,home,False,3.0,20.0,-17.0,L
401754545,2025,5,2025-09-27,Duke,ACC,fbs,Syracuse,ACC,fbs,away,True,38.0,3.0,35.0,W
401762826,2025,5,2025-09-27,Eastern Michigan,Mid-American,fbs,Central Michigan,Mid-American,fbs,away,True,13.0,24.0,-11.0,L
401762472,2025,5,2025-09-27,Florida Atlantic,American Athletic,fbs,Memphis,American Athletic,fbs,home,True,26.0,55.0,-29.0,L
401752718,2025,5,2025-09-27,Georgia,SEC,fbs,Alabama,SEC,fbs,home,True,21.0,24.0,-3.0,L
401761614,2025,5,2025-09-27,Georgia Southern,Sun Belt,fbs,James Madison,Sun Belt,fbs,away,True,10.0,35.0,-25.0,L
401754546,2025,5,2025-09-27,Georgia Tech,ACC,fbs,Wake Forest,ACC,fbs,away,True,30.0,29.0,1.0,W
401760378,2025,5,2025-09-27,Hawai'i,Mountain West,fbs,Air Force,Mountain West,fbs,away,True,44.0,35.0,9.0,W
401752850,2025,5,2025-09-27,Illinois,Big Ten,fbs,USC,Big Ten,fbs,home,True,34.0,32.0,2.0,W
401752853,2025,5,2025-09-27,Indiana,Big Ten,fbs,Iowa,Big Ten,fbs,away,True,20.0,15.0,5.0,W
401752853,2025,5,2025-09-27,Iowa,Big Ten,fbs,Indiana,Big Ten,fbs,home,True,15.0,20.0,-5.0,L
401756904,2025,5,2025-09-27,Iowa State,Big 12,fbs,Arizona,Big 12,fbs,home,True,39.0,14.0,25.0,W
401757269,2025,5,2025-09-27,Jacksonville State,Conference USA,fbs,Southern Miss,Sun Belt,fbs,away,False,25.0,42.0,-17.0,L
401761614,2025,5,2025-09-27,James Madison,Sun Belt,fbs,Georgia Southern,Sun Belt,fbs,home,True,35.0,10.0,25.0,W
401756905,2025,5,2025-09-27,Kansas,Big 12,fbs,Cincinnati,Big 12,fbs,home,True,34.0,37.0,-3.0,L
401756906,2025,5,2025-09-27,Kansas State,Big 12,fbs,UCF,Big 12,fbs,home,True,34.0,20.0,14.0,W
401757270,2025,5,2025-09-27,Kennesaw State,Conference USA,fbs,Middle Tennessee,Conference USA,fbs,home,True,24.0,16.0,8.0,W
401752722,2025,5,2025-09-27,Kentucky,SEC,fbs,South Carolina,SEC,fbs,away,True,13.0,35.0,-22.0,L
401752719,2025,5,2025-09-27,LSU,SEC,fbs,Ole Miss,SEC,fbs,away,True,19.0,24.0,-5.0,L
401757271,2025,5,2025-09-27,Liberty,Conference USA,fbs,Old Dominion,Sun Belt,fbs,away,False,7.0,21.0,-14.0,L
401761615,2025,5,2025-09-27,Louisiana,Sun Belt,fbs,Marshall,Sun Belt,fbs,home,True,54.0,51.0,3.0,W
401757272,2025,5,2025-09-27,Louisiana Tech,Conference USA,fbs,UTEP,Conference USA,fbs,away,True,30.0,11.0,19.0,W
401754547,2025,5,2025-09-27,Louisville,ACC,fbs,Pittsburgh,ACC,fbs,away,True,34.0,27.0,7.0,W
401761615,2025,5,2025-09-27,Marshall,Sun Belt,fbs,Louisiana,Sun Belt,fbs,away,True,51.0,54.0,-3.0,L
401752721,2025,5,2025-09-27,Massachusetts,Mid-American,fbs,Missouri,SEC,fbs,away,False,6.0,42.0,-36.0,L
401762472,2025,5,2025-09-27,Memphis,American Athletic,fbs,Florida Atlantic,American Athletic,fbs,away,True,55.0,26.0,29.0,W
401762827,2025,5,2025-09-27,Miami (OH),Mid-American,fbs,Lindenwood,OVC-Big South,fcs,home,False,38.0,0.0,38.0,W
401757270,2025,5,2025-09-27,Middle Tennessee,Conference USA,fbs,Kennesaw State,Conference USA,fbs,away,True,16.0,24.0,-8.0,L
401752849,2025,5,2025-09-27,Minnesota,Big Ten,fbs,Rutgers,Big Ten,fbs,home,True,31.0,28.0,3.0,W
401752720,2025,5,2025-09-27,Mississippi State,SEC,fbs,Tennessee,SEC,fbs,home,True,34.0,41.0,-7.0,L
401752721,2025,5,2025-09-27,Missouri,SEC,fbs,Massachusetts,Mid-American,fbs,home,False,42.0,6.0,36.0,W
401757273,2025,5,2025-09-27,Missouri State,Conference USA,fbs,Western Kentucky,Conference USA,fbs,home,True,22.0,27.0,-5.0,L
401754548,2025,5,2025-09-27,NC State,ACC,fbs,Virginia Tech,ACC,fbs,home,True,21.0,23.0,-2.0,L
401762473,2025,5,2025-09-27,Navy,American Athletic,fbs,Rice,American Athletic,fbs,home,True,21.0,13.0,8.0,W
401757274,2025,5,2025-09-27,New Mexico,Mountain West,fbs,New Mexico State,Conference USA,fbs,home,False,38.0,20.0,18.0,W
401757274,2025,5,2025-09-27,New Mexico State,Conference USA,fbs,New Mexico,Mountain West,fbs,away,False,20.0,38.0,-18.0,L
401761617,2025,5,2025-09-27,North Texas,American Athletic,fbs,South Alabama,Sun Belt,fbs,home,False,36.0,22.0,14.0,W
401760380,2025,5,2025-09-27,Northern Illinois,Mid-American,fbs,San Diego State,Mountain West,fbs,home,False,3.0,6.0,-3.0,L
401752851,2025,5,2025-09-27,Northwestern,Big Ten,fbs,UCLA,Big Ten,fbs,home,True,17.0,14.0,3.0,W
401752717,2025,5,2025-09-27,Notre Dame,FBS Independents,fbs,Arkansas,SEC,fbs,away,False,56.0,13.0,43.0,W
401762825,2025,5,2025-09-27,Ohio,Mid-American,fbs,Bowling Green,Mid-American,fbs,home,True,35.0,20.0,15.0,W
401752852,2025,5,2025-09-27,Ohio State,Big Ten,fbs,Washington,Big Ten,fbs,away,True,24.0,6.0,18.0,W
401756907,2025,5,2025-09-27,Oklahoma State,Big 12,fbs,Baylor,Big 12,fbs,home,True,27.0,45.0,-18.0,L
401757271,2025,5,2025-09-27,Old Dominion,Sun Belt,fbs,Liberty,Conference USA,fbs,home,False,21.0,7.0,14.0,W
401752719,2025,5,2025-09-27,Ole Miss,SEC,fbs,LSU,SEC,fbs,home,True,24.0,19.0,5.0,W
401752854,2025,5,2025-09-27,Oregon,Big Ten,fbs,Penn State,Big Ten,fbs,away,True,30.0,24.0,6.0,W
401752854,2025,5,2025-09-27,Penn State,Big Ten,fbs,Oregon,Big Ten,fbs,home,True,24.0,30.0,-6.0,L
401754547,2025,5,2025-09-27,Pittsburgh,ACC,fbs,Louisville,ACC,fbs,home,True,27.0,34.0,-7.0,L
401762473,2025,5,2025-09-27,Rice,American Athletic,fbs,Navy,American Athletic,fbs,away,True,13.0,21.0,-8.0,L
401752849,2025,5,2025-09-27,Rutgers,Big Ten,fbs,Minnesota,Big Ten,fbs,away,True,28.0,31.0,-3.0,L
401760380,2025,5,2025-09-27,San Diego State,Mountain West,fbs,Northern Illinois,Mid-American,fbs,away,False,6.0,3.0,3.0,W
401754549,2025,5,2025-09-27,San José State,Mountain West,fbs,Stanford,ACC,fbs,away,False,29.0,30.0,-1.0,L
401761617,2025,5,2025-09-27,South Alabama,Sun Belt,fbs,North Texas,American Athletic,fbs,away,False,22.0,36.0,-14.0,L
401752722,2025,5,2025-09-27,South Carolina,SEC,fbs,Kentucky,SEC,fbs,home,True,35.0,13.0,22.0,W
401757269,2025,5,2025-09-27,Southern Miss,Sun Belt,fbs,Jacksonville State,Conference USA,fbs,home,False,42.0,25.0,17.0,W
401754549,2025,5,2025-09-27,Stanford,ACC,fbs,San José State,Mountain West,fbs,home,False,30.0,29.0,1.0,W
401754545,2025,5,2025-09-27,Syracuse,ACC,fbs,Duke,ACC,fbs,home,True,3.0,38.0,-35.0,L
401752720,2025,5,2025-09-27,Tennessee,SEC,fbs,Mississippi State,SEC,fbs,away,True,41.0,34.0,7.0,W
401752724,2025,5,2025-09-27,Texas A&M,SEC,fbs,Auburn,SEC,fbs,home,True,16.0,10.0,6.0,W
401762824,2025,5,2025-09-27,Toledo,Mid-American,fbs,Akron,Mid-American,fbs,home,True,45.0,3.0,42.0,W
401762474,2025,5,2025-09-27,Tulane,American Athletic,fbs,Tulsa,American Athletic,fbs,away,True,31.0,14.0,17.0,W
401762474,2025,5,2025-09-27,Tulsa,American Athletic,fbs,Tulane,American Athletic,fbs,home,True,14.0,31.0,-17.0,L
401756906,2025,5,2025-09-27,UCF,Big 12,fbs,Kansas State,Big 12,fbs,away,True,20.0,34.0,-14.0,L
401752851,2025,5,2025-09-27,UCLA,Big Ten,fbs,Northwestern,Big Ten,fbs,away,True,14.0,17.0,-3.0,L
401757170,2025,5,2025-09-27,UConn,FBS Independents,fbs,Buffalo,Mid-American,fbs,away,False,20.0,17.0,3.0,W
401761616,2025,5,2025-09-27,UL Monroe,Sun Belt,fbs,Arkansas State,Sun Belt,fbs,home,True,28.0,16.0,12.0,W
401752850,2025,5,2025-09-27,USC,Big Ten,fbs,Illinois,Big Ten,fbs,away,True,32.0,34.0,-2.0,L
401757272,2025,5,2025-09-27,UTEP,Conference USA,fbs,Louisiana Tech,Conference USA,fbs,home,True,11.0,30.0,-19.0,L
401756908,2025,5,2025-09-27,Utah,Big 12,fbs,West Virginia,Big 12,fbs,away,True,48.0,14.0,34.0,W
401752725,2025,5,2025-09-27,Utah State,Mountain West,fbs,Vanderbilt,SEC,fbs,away,False,35.0,55.0,-20.0,L
401752725,2025,5,2025-09-27,Vanderbilt,SEC,fbs,Utah State,Mountain West,fbs,home,False,55.0,35.0,20.0,W
401754548,2025,5,2025-09-27,Virginia Tech,ACC,fbs,NC State,ACC,fbs,away,True,23.0,21.0,2.0,W
401754546,2025,5,2025-09-27,Wake Forest,ACC,fbs,Georgia Tech,ACC,fbs,home,True,29.0,30.0,-1.0,L
401752852,2025,5,2025-09-27,Washington,Big Ten,fbs,Ohio State,Big Ten,fbs,home,True,6.0,24.0,-18.0,L
401752950,2025,5,2025-09-27,Washington State,Pac-12,fbs,Colorado State,Mountain West,fbs,away,False,20.0,3.0,17.0,W
401756908,2025,5,2025-09-27,West Virginia,Big 12,fbs,Utah,Big 12,fbs,home,True,14.0,48.0,-34.0,L
401757273,2025,5,2025-09-27,Western Kentucky,Conference USA,fbs,Missouri State,Conference USA,fbs,away,True,27.0,22.0,5.0,W
401762828,2025,5,2025-09-27,Western Michigan,Mid-American,fbs,Rhode Island,Coastal Athletic,fcs,home,False,47.0,14.0,33.0,W
